Disease,total_variants,variants_with_any_failure,failure_rate,avg_predictors_failed,SIFT_failure_rate,PolyPhen_failure_rate,CADD_failure_rate,REVEL_failure_rate
3-hydroxy-3-methylglutaryl-CoA lyase deficiency (HMGCLD) [MIM:246450],1,0,0.0,0.0,0.0,0.0,0.0,0.0
3-hydroxy-3-methylglutaryl-CoA synthase-2 deficiency (HMGCS2D) [MIM:605911],4,1,0.25,0.5,0.25,0.25,0.0,0.0
3-ketothiolase deficiency (3KTD) [MIM:203750],2,0,0.0,0.0,0.0,0.0,0.0,0.0
3-methylcrotonoyl-CoA carboxylase 1 deficiency (MCC1D) [MIM:210200],7,2,0.2857142857142857,0.5714285714285714,0.14285714285714285,0.2857142857142857,0.0,0.14285714285714285
3-methylcrotonoyl-CoA carboxylase 2 deficiency (MCC2D) [MIM:210210],11,1,0.09090909090909091,0.09090909090909091,0.0,0.09090909090909091,0.0,0.0
3-methylglutaconic aciduria 7B (MGCA7B) [MIM:616271],4,0,0.0,0.0,0.0,0.0,0.0,0.0
3-methylglutaconic aciduria 8 (MGCA8) [MIM:617248],1,1,1.0,3.0,1.0,1.0,0.0,1.0
3M syndrome 1 (3M1) [MIM:273750],1,1,1.0,1.0,0.0,1.0,0.0,0.0
3MC syndrome 2 (3MC2) [MIM:265050],2,1,0.5,2.0,0.5,0.5,0.5,0.5
"46,XY sex reversal 11 (SRXY11) [MIM:273250]",2,1,0.5,0.5,0.0,0.0,0.0,0.5
"46,XY sex reversal 3 (SRXY3) [MIM:612965]",4,0,0.0,0.0,0.0,0.0,0.0,0.0
"46,XY sex reversal 5 (SRXY5) [MIM:613080]",1,1,1.0,3.0,0.0,1.0,1.0,1.0
"46,XY sex reversal 6 (SRXY6) [MIM:613762]",1,1,1.0,1.0,0.0,0.0,0.0,1.0
"46,XY sex reversal 8 (SRXY8) [MIM:614279]",1,1,1.0,3.0,0.0,1.0,1.0,1.0
ACCES syndrome (ACCES) [MIM:619959],1,0,0.0,0.0,0.0,0.0,0.0,0.0
ACTH-independent macronodular adrenal hyperplasia 1 (AIMAH1) [MIM:219080],1,0,0.0,0.0,0.0,0.0,0.0,0.0
ACTH-independent macronodular adrenal hyperplasia 2 (AIMAH2) [MIM:615954],1,0,0.0,0.0,0.0,0.0,0.0,0.0
Aarskog-Scott syndrome (AAS) [MIM:305400],1,0,0.0,0.0,0.0,0.0,0.0,0.0
"Abnormal hair, joint laxity, and developmental delay (HJDD) [MIM:261990]",1,1,1.0,2.0,1.0,1.0,0.0,0.0
Achondrogenesis 2 (ACG2) [MIM:200610],2,0,0.0,0.0,0.0,0.0,0.0,0.0
Achromatopsia 2 (ACHM2) [MIM:216900],15,2,0.13333333333333333,0.13333333333333333,0.0,0.13333333333333333,0.0,0.0
Achromatopsia 3 (ACHM3) [MIM:262300],1,0,0.0,0.0,0.0,0.0,0.0,0.0
Acid-labile subunit deficiency (ACLSD) [MIM:615961],1,0,0.0,0.0,0.0,0.0,0.0,0.0
Acro-dermato-ungual-lacrimal-tooth syndrome (ADULT syndrome) [MIM:103285],1,0,0.0,0.0,0.0,0.0,0.0,0.0
Acrocapitofemoral dysplasia (ACFD) [MIM:607778],1,1,1.0,1.0,0.0,1.0,0.0,0.0
"Acrodermatitis enteropathica, zinc-deficiency type (AEZ) [MIM:201100]",2,2,1.0,1.0,0.0,0.0,0.0,1.0
"Acrodysostosis 1, with or without hormone resistance (ACRDYS1) [MIM:101800]",1,0,0.0,0.0,0.0,0.0,0.0,0.0
"Acrodysostosis 2, with or without hormone resistance (ACRDYS2) [MIM:614613]",1,1,1.0,1.0,0.0,1.0,0.0,0.0
"Acrofacial dysostosis, Cincinnati type (AFDCIN) [MIM:616462]",1,0,0.0,0.0,0.0,0.0,0.0,0.0
"Acrofacial dysostosis, Weyers type (WAD) [MIM:193530]",1,1,1.0,3.0,1.0,0.0,1.0,1.0
Acromesomelic dysplasia 1 (AMD1) [MIM:602875],4,1,0.25,0.25,0.25,0.0,0.0,0.0
Acromesomelic dysplasia 2B (AMD2B) [MIM:228900],1,0,0.0,0.0,0.0,0.0,0.0,0.0
Acromicric dysplasia (ACMICD) [MIM:102370],2,0,0.0,0.0,0.0,0.0,0.0,0.0
Acute intermittent porphyria (AIP) [MIM:176000],12,5,0.4166666666666667,0.5833333333333334,0.3333333333333333,0.25,0.0,0.0
Acyl-CoA dehydrogenase medium-chain deficiency (ACADMD) [MIM:201450],3,1,0.3333333333333333,0.6666666666666666,0.3333333333333333,0.3333333333333333,0.0,0.0
Acyl-CoA dehydrogenase short-chain deficiency (ACADSD) [MIM:201470],1,0,0.0,0.0,0.0,0.0,0.0,0.0
Acyl-CoA dehydrogenase very long-chain deficiency (ACADVLD) [MIM:201475],8,0,0.0,0.0,0.0,0.0,0.0,0.0
Adams-Oliver syndrome 3 (AOS3) [MIM:614814],1,0,0.0,0.0,0.0,0.0,0.0,0.0
Adams-Oliver syndrome 6 (AOS6) [MIM:616589],1,0,0.0,0.0,0.0,0.0,0.0,0.0
Adenine phosphoribosyltransferase deficiency (APRTD) [MIM:614723],3,2,0.6666666666666666,1.6666666666666667,0.3333333333333333,0.6666666666666666,0.3333333333333333,0.3333333333333333
Adenosine monophosphate deaminase deficiency erythrocyte type (AMPDDE) [MIM:612874],8,0,0.0,0.0,0.0,0.0,0.0,0.0
Adenylosuccinase deficiency (ADSLD) [MIM:103050],4,2,0.5,1.0,0.25,0.5,0.0,0.25
Adrenal hyperplasia 1 (AH1) [MIM:201710],3,0,0.0,0.0,0.0,0.0,0.0,0.0
Adrenal hyperplasia 2 (AH2) [MIM:201810],6,3,0.5,1.8333333333333333,0.5,0.3333333333333333,0.5,0.5
Adrenal hyperplasia 4 (AH4) [MIM:202010],22,8,0.36363636363636365,0.9090909090909091,0.22727272727272727,0.22727272727272727,0.18181818181818182,0.2727272727272727
Adrenal hyperplasia 5 (AH5) [MIM:202110],9,1,0.1111111111111111,0.4444444444444444,0.1111111111111111,0.1111111111111111,0.1111111111111111,0.1111111111111111
"Adrenal hypoplasia, congenital (AHC) [MIM:300200]",7,1,0.14285714285714285,0.14285714285714285,0.14285714285714285,0.0,0.0,0.0
"Adrenal insufficiency, congenital, with 46,XY sex reversal (AICSR) [MIM:613743]",1,0,0.0,0.0,0.0,0.0,0.0,0.0
Adrenoleukodystrophy (ALD) [MIM:300100],28,1,0.03571428571428571,0.14285714285714285,0.03571428571428571,0.03571428571428571,0.03571428571428571,0.03571428571428571
"Adrenoleukodystrophy, pseudoneonatal (Pseudo-NALD) [MIM:264470]",2,0,0.0,0.0,0.0,0.0,0.0,0.0
"Agenesis of corpus callosum, cardiac, ocular, and genital syndrome (ACOGS) [MIM:618929]",3,0,0.0,0.0,0.0,0.0,0.0,0.0
Aicardi-Goutieres syndrome 3 (AGS3) [MIM:610329],3,2,0.6666666666666666,2.0,0.6666666666666666,0.6666666666666666,0.3333333333333333,0.3333333333333333
Aicardi-Goutieres syndrome 4 (AGS4) [MIM:610333],5,1,0.2,0.2,0.0,0.2,0.0,0.0
Aicardi-Goutieres syndrome 5 (AGS5) [MIM:612952],4,1,0.25,0.25,0.0,0.25,0.0,0.0
Aicardi-Goutieres syndrome 6 (AGS6) [MIM:615010],2,0,0.0,0.0,0.0,0.0,0.0,0.0
Alagille syndrome 1 (ALGS1) [MIM:118450],3,1,0.3333333333333333,0.3333333333333333,0.0,0.3333333333333333,0.0,0.0
Alagille syndrome 2 (ALGS2) [MIM:610205],1,0,0.0,0.0,0.0,0.0,0.0,0.0
Alazami-Yuan syndrome (ALYUS) [MIM:617126],1,0,0.0,0.0,0.0,0.0,0.0,0.0
Albinism ocular 1 (OA1) [MIM:300500],6,0,0.0,0.0,0.0,0.0,0.0,0.0
"Albinism, oculocutaneous, 1A (OCA1A) [MIM:203100]",17,8,0.47058823529411764,0.8823529411764706,0.29411764705882354,0.29411764705882354,0.17647058823529413,0.11764705882352941
"Albinism, oculocutaneous, 1B (OCA1B) [MIM:606952]",5,4,0.8,1.2,0.6,0.4,0.2,0.0
"Albinism, oculocutaneous, 2 (OCA2) [MIM:203200]",14,5,0.35714285714285715,0.7142857142857143,0.21428571428571427,0.35714285714285715,0.14285714285714285,0.0
"Albinism, oculocutaneous, 3 (OCA3) [MIM:203290]",1,0,0.0,0.0,0.0,0.0,0.0,0.0
"Albinism, oculocutaneous, 4 (OCA4) [MIM:606574]",10,6,0.6,1.4,0.4,0.5,0.2,0.3
Alexander disease (ALXDRD) [MIM:203450],14,5,0.35714285714285715,0.5,0.07142857142857142,0.35714285714285715,0.0,0.07142857142857142
Alkaptonuria (AKU) [MIM:203500],19,3,0.15789473684210525,0.21052631578947367,0.10526315789473684,0.10526315789473684,0.0,0.0
Alopecia universalis congenita (ALUNC) [MIM:203655],3,0,0.0,0.0,0.0,0.0,0.0,0.0
Alpha-aminoadipic and alpha-ketoadipic aciduria (AAKAD) [MIM:204750],1,1,1.0,1.0,0.0,0.0,0.0,1.0
"Alpha-thalassemia/impaired intellectual development syndrome, X-linked (ATRX) [MIM:301040]",9,3,0.3333333333333333,0.8888888888888888,0.2222222222222222,0.1111111111111111,0.3333333333333333,0.2222222222222222
"Alport syndrome 1, X-linked (ATS1) [MIM:301050]",47,3,0.06382978723404255,0.1276595744680851,0.0425531914893617,0.0425531914893617,0.02127659574468085,0.02127659574468085
"Alport syndrome 2, autosomal recessive (ATS2) [MIM:203780]",3,0,0.0,0.0,0.0,0.0,0.0,0.0
"Alport syndrome 3A, autosomal dominant (ATS3A) [MIM:104200]",1,0,0.0,0.0,0.0,0.0,0.0,0.0
"Alport syndrome 3B, autosomal recessive (ATS3B) [MIM:620536]",3,0,0.0,0.0,0.0,0.0,0.0,0.0
Alternating hemiplegia of childhood 2 (AHC2) [MIM:614820],9,2,0.2222222222222222,0.2222222222222222,0.0,0.2222222222222222,0.0,0.0
Alveolar capillary dysplasia with misalignment of pulmonary veins (ACDMPV) [MIM:265380],3,0,0.0,0.0,0.0,0.0,0.0,0.0
Alzheimer disease 1 (AD1) [MIM:104300],5,3,0.6,0.8,0.6,0.2,0.0,0.0
Alzheimer disease 3 (AD3) [MIM:607822],37,4,0.10810810810810811,0.13513513513513514,0.02702702702702703,0.10810810810810811,0.0,0.0
Alzheimer disease 4 (AD4) [MIM:606889],3,2,0.6666666666666666,1.3333333333333333,0.6666666666666666,0.6666666666666666,0.0,0.0
"Amegakaryocytic thrombocytopenia, congenital, 1 (CAMT1) [MIM:604498]",3,1,0.3333333333333333,0.6666666666666666,0.3333333333333333,0.0,0.0,0.3333333333333333
"Amegakaryocytic thrombocytopenia, congenital, 2 (CAMT2) [MIM:620481]",1,1,1.0,1.0,0.0,0.0,0.0,1.0
Amelogenesis imperfecta 1B (AI1B) [MIM:104500],1,1,1.0,1.0,0.0,0.0,0.0,1.0
Amelogenesis imperfecta 1E (AI1E) [MIM:301200],1,0,0.0,0.0,0.0,0.0,0.0,0.0
Amelogenesis imperfecta 1H (AI1H) [MIM:616221],1,1,1.0,1.0,0.0,1.0,0.0,0.0
Amelogenesis imperfecta 3A (AI3A) [MIM:130900],1,1,1.0,2.0,0.0,0.0,1.0,1.0
Aminoacylase-1 deficiency (ACY1D) [MIM:609924],1,1,1.0,1.0,0.0,0.0,0.0,1.0
"Amyloidosis, hereditary systemic 1 (AMYLD1) [MIM:105210]",18,8,0.4444444444444444,1.0555555555555556,0.3888888888888889,0.2777777777777778,0.2777777777777778,0.1111111111111111
"Amyloidosis, hereditary systemic 2 (AMYLD2) [MIM:105200]",2,2,1.0,4.0,1.0,1.0,1.0,1.0
"Amyloidosis, hereditary systemic 3 (AMYLD3) [MIM:620657]",1,0,0.0,0.0,0.0,0.0,0.0,0.0
"Amyloidosis, hereditary systemic 4, Finnish type (AMYLD4) [MIM:105120]",2,0,0.0,0.0,0.0,0.0,0.0,0.0
Amyotrophic lateral sclerosis (ALS) [MIM:105400],1,1,1.0,2.0,1.0,0.0,0.0,1.0
Amyotrophic lateral sclerosis 1 (ALS1) [MIM:105400],25,6,0.24,0.48,0.16,0.2,0.12,0.0
Amyotrophic lateral sclerosis 10 (ALS10) [MIM:612069],9,7,0.7777777777777778,1.5555555555555556,0.6666666666666666,0.5555555555555556,0.3333333333333333,0.0
"Amyotrophic lateral sclerosis 15, with or without frontotemporal dementia (ALS15) [MIM:300857]",2,2,1.0,3.0,1.0,1.0,0.0,1.0
Amyotrophic lateral sclerosis 19 (ALS19) [MIM:615515],1,1,1.0,1.0,0.0,0.0,0.0,1.0
Amyotrophic lateral sclerosis 20 (ALS20) [MIM:615426],2,2,1.0,3.0,1.0,1.0,0.0,1.0
Amyotrophic lateral sclerosis 21 (ALS21) [MIM:606070],2,1,0.5,2.0,0.5,0.5,0.5,0.5
Amyotrophic lateral sclerosis 4 (ALS4) [MIM:602433],1,1,1.0,1.0,0.0,0.0,0.0,1.0
"Amyotrophic lateral sclerosis 6, with or without frontotemporal dementia (ALS6) [MIM:608030]",8,7,0.875,1.375,0.375,0.75,0.125,0.125
Amyotrophic lateral sclerosis 9 (ALS9) [MIM:611895],1,1,1.0,3.0,1.0,1.0,1.0,0.0
"Anemia, congenital dyserythropoietic, 1A (CDAN1A) [MIM:224120]",4,3,0.75,1.25,0.5,0.5,0.0,0.25
"Anemia, congenital dyserythropoietic, 4B (CDAN4B) [MIM:620969]",1,0,0.0,0.0,0.0,0.0,0.0,0.0
"Anemia, congenital, non-spherocytic hemolytic, 1 (CNSHA1) [MIM:300908]",14,10,0.7142857142857143,1.0714285714285714,0.42857142857142855,0.5,0.14285714285714285,0.0
"Anemia, congenital, non-spherocytic hemolytic, 10 (CNSHA10) [MIM:618660]",1,0,0.0,0.0,0.0,0.0,0.0,0.0
"Anemia, congenital, non-spherocytic hemolytic, 2 (CNSHA2) [MIM:266200]",12,2,0.16666666666666666,0.3333333333333333,0.16666666666666666,0.08333333333333333,0.08333333333333333,0.0
"Anemia, congenital, non-spherocytic hemolytic, 4 (CNSHA4) [MIM:613470]",4,0,0.0,0.0,0.0,0.0,0.0,0.0
"Anemia, congenital, non-spherocytic hemolytic, 5 (CNSHA5) [MIM:235700]",1,1,1.0,1.0,0.0,1.0,0.0,0.0
"Anemia, congenital, non-spherocytic hemolytic, 6 (CNSHA6) [MIM:231900]",1,0,0.0,0.0,0.0,0.0,0.0,0.0
"Anemia, congenital, non-spherocytic hemolytic, 9 (CNSHA9) [MIM:301083]",1,0,0.0,0.0,0.0,0.0,0.0,0.0
"Anemia, sideroblastic, 1 (SIDBA1) [MIM:300751]",2,1,0.5,1.0,0.5,0.5,0.0,0.0
"Anemia, sideroblastic, 3, pyridoxine-refractory (SIDBA3) [MIM:616860]",1,0,0.0,0.0,0.0,0.0,0.0,0.0
"Aneurysm, intracranial berry, 12 (ANIB12) [MIM:618734]",1,1,1.0,4.0,1.0,1.0,1.0,1.0
"Angioedema, hereditary, 1 (HAE1) [MIM:106100]",5,2,0.4,0.4,0.0,0.4,0.0,0.0
"Anhidrosis, isolated, with normal sweat glands (ANHD) [MIM:106190]",1,0,0.0,0.0,0.0,0.0,0.0,0.0
Aniridia 1 (AN1) [MIM:106210],2,1,0.5,1.0,0.5,0.5,0.0,0.0
Anterior segment anomalies with or without cataract (ASA) [MIM:602588],1,0,0.0,0.0,0.0,0.0,0.0,0.0
Anterior segment dysgenesis 7 (ASGD7) [MIM:269400],1,0,0.0,0.0,0.0,0.0,0.0,0.0
Antithrombin III deficiency (AT3D) [MIM:613118],13,9,0.6923076923076923,1.0769230769230769,0.6923076923076923,0.23076923076923078,0.0,0.15384615384615385
"Aortic aneurysm, familial thoracic 11 (AAT11) [MIM:617349]",3,2,0.6666666666666666,1.0,0.6666666666666666,0.0,0.0,0.3333333333333333
"Aortic aneurysm, familial thoracic 7 (AAT7) [MIM:613780]",1,0,0.0,0.0,0.0,0.0,0.0,0.0
"Aortic aneurysm, familial thoracic 8 (AAT8) [MIM:615436]",1,0,0.0,0.0,0.0,0.0,0.0,0.0
Apert syndrome (APRS) [MIM:101200],1,0,0.0,0.0,0.0,0.0,0.0,0.0
Aplastic anemia (AA) [MIM:609135],2,0,0.0,0.0,0.0,0.0,0.0,0.0
Apparent mineralocorticoid excess (AME) [MIM:218030],1,1,1.0,1.0,0.0,1.0,0.0,0.0
Argininemia (ARGIN) [MIM:207800],2,0,0.0,0.0,0.0,0.0,0.0,0.0
Argininosuccinic aciduria (ARGINSA) [MIM:207900],7,4,0.5714285714285714,0.7142857142857143,0.14285714285714285,0.5714285714285714,0.0,0.0
Aromatic L-amino-acid decarboxylase deficiency (AADCD) [MIM:608643],4,1,0.25,0.5,0.0,0.25,0.0,0.25
"Arrhythmogenic right ventricular dysplasia, familial, 10 (ARVD10) [MIM:610193]",2,0,0.0,0.0,0.0,0.0,0.0,0.0
"Arrhythmogenic right ventricular dysplasia, familial, 11 (ARVD11) [MIM:610476]",1,1,1.0,1.0,0.0,0.0,0.0,1.0
"Arrhythmogenic right ventricular dysplasia, familial, 13 (ARVD13) [MIM:615616]",1,0,0.0,0.0,0.0,0.0,0.0,0.0
"Arrhythmogenic right ventricular dysplasia, familial, 5 (ARVD5) [MIM:604400]",1,0,0.0,0.0,0.0,0.0,0.0,0.0
"Arrhythmogenic right ventricular dysplasia, familial, 8 (ARVD8) [MIM:607450]",2,2,1.0,2.5,1.0,0.5,0.0,1.0
"Arrhythmogenic right ventricular dysplasia, familial, 9 (ARVD9) [MIM:609040]",1,0,0.0,0.0,0.0,0.0,0.0,0.0
"Arterial calcification of infancy, generalized, 2 (GACI2) [MIM:614473]",1,1,1.0,1.0,0.0,1.0,0.0,0.0
Arterial tortuosity syndrome (ATORS) [MIM:208050],1,0,0.0,0.0,0.0,0.0,0.0,0.0
"Arthrogryposis multiplex congenita 1, neurogenic, with myelin defect (AMC1) [MIM:617468]",1,1,1.0,3.0,0.0,1.0,1.0,1.0
"Arthrogryposis, Perthes disease, and upward gaze palsy (APUG) [MIM:614262]",1,1,1.0,1.0,1.0,0.0,0.0,0.0
"Arthrogryposis, cleft palate, craniosynostosis, and impaired intellectual development (ACCIID) [MIM:618265]",2,2,1.0,1.5,0.0,0.5,0.0,1.0
"Arthrogryposis, distal, 1A (DA1A) [MIM:108120]",2,0,0.0,0.0,0.0,0.0,0.0,0.0
"Arthrogryposis, distal, 1B (DA1B) [MIM:614335]",1,1,1.0,2.0,0.0,1.0,0.0,1.0
"Arthrogryposis, distal, 1C (DA1C) [MIM:619110]",1,0,0.0,0.0,0.0,0.0,0.0,0.0
"Arthrogryposis, distal, 2B2 (DA2B2) [MIM:618435]",1,0,0.0,0.0,0.0,0.0,0.0,0.0
"Arthrogryposis, renal dysfunction, and cholestasis 1 (ARCS1) [MIM:208085]",1,0,0.0,0.0,0.0,0.0,0.0,0.0
Asparagine synthetase deficiency (ASNSD) [MIM:615574],2,0,0.0,0.0,0.0,0.0,0.0,0.0
Aspartylglucosaminuria (AGU) [MIM:208400],1,0,0.0,0.0,0.0,0.0,0.0,0.0
"Asplenia, isolated congenital (ICAS) [MIM:271400]",2,2,1.0,2.0,0.0,1.0,0.0,1.0
Ataxia telangiectasia (AT) [MIM:208900],12,3,0.25,0.6666666666666666,0.16666666666666666,0.16666666666666666,0.16666666666666666,0.16666666666666666
Ataxia-oculomotor apraxia 4 (AOA4) [MIM:616267],1,0,0.0,0.0,0.0,0.0,0.0,0.0
Ataxia-oculomotor apraxia syndrome (AOA) [MIM:208920],4,0,0.0,0.0,0.0,0.0,0.0,0.0
Ataxia-telangiectasia-like disorder 1 (ATLD1) [MIM:604391],2,0,0.0,0.0,0.0,0.0,0.0,0.0
Ataxia-telangiectasia-like disorder 2 (ATLD2) [MIM:615919],1,1,1.0,1.0,0.0,1.0,0.0,0.0
Atelosteogenesis 2 (AO2) [MIM:256050],3,0,0.0,0.0,0.0,0.0,0.0,0.0
Atelosteogenesis 3 (AO3) [MIM:108721],1,0,0.0,0.0,0.0,0.0,0.0,0.0
Atransferrinemia (ATRAF) [MIM:209300],1,0,0.0,0.0,0.0,0.0,0.0,0.0
"Atrial fibrillation, familial, 10 (ATFB10) [MIM:614022]",4,3,0.75,2.75,0.75,0.75,0.5,0.75
"Atrial fibrillation, familial, 11 (ATFB11) [MIM:614049]",2,1,0.5,0.5,0.5,0.0,0.0,0.0
"Atrial fibrillation, familial, 12 (ATFB12) [MIM:614050]",1,1,1.0,1.0,0.0,1.0,0.0,0.0
"Atrial fibrillation, familial, 16 (ATFB16) [MIM:613120]",2,2,1.0,3.0,1.0,1.0,0.0,1.0
"Atrial fibrillation, familial, 3 (ATFB3) [MIM:607554]",1,1,1.0,1.0,0.0,1.0,0.0,0.0
"Atrial fibrillation, familial, 4 (ATFB4) [MIM:611493]",1,0,0.0,0.0,0.0,0.0,0.0,0.0
"Atrial fibrillation, familial, 9 (ATFB9) [MIM:613980]",1,1,1.0,3.0,1.0,1.0,1.0,0.0
Atrial septal defect 2 (ASD2) [MIM:607941],4,1,0.25,0.25,0.0,0.25,0.0,0.0
Atrial septal defect 6 (ASD6) [MIM:613087],3,1,0.3333333333333333,0.3333333333333333,0.0,0.3333333333333333,0.0,0.0
"Atrial septal defect 7, with or without atrioventricular conduction defects (ASD7) [MIM:108900]",4,2,0.5,1.75,0.5,0.5,0.25,0.5
Atrial septal defect 9 (ASD9) [MIM:614475],1,1,1.0,3.0,1.0,1.0,0.0,1.0
Atrial standstill 1 (ATRST1) [MIM:108770],1,0,0.0,0.0,0.0,0.0,0.0,0.0
Atrioventricular septal defect 2 (AVSD2) [MIM:606217],1,1,1.0,2.0,1.0,1.0,0.0,0.0
Atrioventricular septal defect 4 (AVSD4) [MIM:614430],1,1,1.0,2.0,1.0,1.0,0.0,0.0
"Auditory neuropathy, autosomal recessive, 1 (AUNB1) [MIM:601071]",1,0,0.0,0.0,0.0,0.0,0.0,0.0
Auriculocondylar syndrome 1 (ARCND1) [MIM:602483],2,0,0.0,0.0,0.0,0.0,0.0,0.0
Auriculocondylar syndrome 2A (ARCND2A) [MIM:614669],2,0,0.0,0.0,0.0,0.0,0.0,0.0
Autism 20 (AUTS20) [MIM:618830],1,0,0.0,0.0,0.0,0.0,0.0,0.0
"Autism, X-linked 6 (AUTSX6) [MIM:300872]",1,0,0.0,0.0,0.0,0.0,0.0,0.0
Autoimmune disease 6 (AIS6) [MIM:613551],3,1,0.3333333333333333,1.3333333333333333,0.3333333333333333,0.3333333333333333,0.3333333333333333,0.3333333333333333
"Autoimmune disease, multisystem, infantile-onset, 2 (ADMIO2) [MIM:617006]",1,1,1.0,1.0,0.0,0.0,0.0,1.0
Autoimmune lymphoproliferative syndrome 1A (ALPS1A) [MIM:601859],5,1,0.2,0.2,0.0,0.0,0.2,0.0
Autoimmune lymphoproliferative syndrome 2A (ALPS2A) [MIM:603909],1,1,1.0,4.0,1.0,1.0,1.0,1.0
"Autoimmune polyendocrine syndrome 1, with or without reversible metaphyseal dysplasia (APS1) [MIM:240300]",8,1,0.125,0.125,0.0,0.125,0.0,0.0
Autoimmune thyroid disease 3 (AITD3) [MIM:608175],1,1,1.0,2.0,1.0,0.0,1.0,0.0
Autoinflammation with episodic fever and lymphadenopathy (AIEFL) [MIM:618852],2,2,1.0,1.5,0.5,0.0,0.0,1.0
"Autoinflammation, panniculitis, and dermatosis syndrome, autosomal dominant (AIPDSA) [MIM:621030]",2,1,0.5,0.5,0.0,0.0,0.5,0.0
"Autoinflammatory syndrome with cytopenia, hyperzincemia, and hypercalprotectinemia (AICZC) [MIM:601979]",2,2,1.0,1.0,0.0,0.0,0.0,1.0
Autoinflammatory-pancytopenia syndrome (AIPCS) [MIM:619858],1,0,0.0,0.0,0.0,0.0,0.0,0.0
"Avascular necrosis of femoral head, primary, 1 (ANFH1) [MIM:608805]",2,1,0.5,0.5,0.0,0.5,0.0,0.0
Axenfeld-Rieger syndrome 1 (RIEG1) [MIM:180500],1,0,0.0,0.0,0.0,0.0,0.0,0.0
Ayme-Gripp syndrome (AYGRP) [MIM:601088],2,1,0.5,0.5,0.0,0.5,0.0,0.0
B-cell expansion with NFKB and T-cell anergy (BENTA) [MIM:616452],1,1,1.0,1.0,1.0,0.0,0.0,0.0
Bardet-Biedl syndrome (BBS) [MIM:209900],1,0,0.0,0.0,0.0,0.0,0.0,0.0
Bardet-Biedl syndrome 1 (BBS1) [MIM:209900],3,2,0.6666666666666666,1.6666666666666667,0.6666666666666666,0.6666666666666666,0.0,0.3333333333333333
Bardet-Biedl syndrome 12 (BBS12) [MIM:615989],6,2,0.3333333333333333,0.5,0.16666666666666666,0.0,0.16666666666666666,0.16666666666666666
Bardet-Biedl syndrome 2 (BBS2) [MIM:615981],4,0,0.0,0.0,0.0,0.0,0.0,0.0
Bardet-Biedl syndrome 20 (BBS20) [MIM:619471],1,0,0.0,0.0,0.0,0.0,0.0,0.0
Bardet-Biedl syndrome 3 (BBS3) [MIM:600151],1,0,0.0,0.0,0.0,0.0,0.0,0.0
Bardet-Biedl syndrome 4 (BBS4) [MIM:615982],1,1,1.0,2.0,0.0,1.0,0.0,1.0
Bardet-Biedl syndrome 6 (BBS6) [MIM:605231],5,1,0.2,0.4,0.2,0.2,0.0,0.0
Bardet-Biedl syndrome 9 (BBS9) [MIM:615986],1,0,0.0,0.0,0.0,0.0,0.0,0.0
Barth syndrome (BTHS) [MIM:302060],2,0,0.0,0.0,0.0,0.0,0.0,0.0
Bartsocas-Papas syndrome (BPS) [MIM:263650],1,0,0.0,0.0,0.0,0.0,0.0,0.0
"Bartter syndrome 1, antenatal (BARTS1) [MIM:601678]",1,0,0.0,0.0,0.0,0.0,0.0,0.0
"Bartter syndrome 2, antenatal (BARTS2) [MIM:241200]",3,1,0.3333333333333333,1.3333333333333333,0.3333333333333333,0.3333333333333333,0.3333333333333333,0.3333333333333333
Bartter syndrome 3 (BARTS3) [MIM:607364],1,0,0.0,0.0,0.0,0.0,0.0,0.0
Basal cell carcinoma (BCC) [MIM:605462],1,0,0.0,0.0,0.0,0.0,0.0,0.0
Basal cell nevus syndrome 1 (BCNS1) [MIM:109400],1,0,0.0,0.0,0.0,0.0,0.0,0.0
"Basal ganglia calcification, idiopathic, 1 (IBGC1) [MIM:213600]",2,0,0.0,0.0,0.0,0.0,0.0,0.0
"Basal ganglia calcification, idiopathic, 4 (IBGC4) [MIM:615007]",1,0,0.0,0.0,0.0,0.0,0.0,0.0
"Basal ganglia calcification, idiopathic, 6 (IBGC6) [MIM:616413]",1,1,1.0,1.0,0.0,0.0,0.0,1.0
"Basal ganglia disease, biotin-thiamine responsive (BTBGD) [MIM:607483]",1,0,0.0,0.0,0.0,0.0,0.0,0.0
Becker muscular dystrophy (BMD) [MIM:300376],3,1,0.3333333333333333,0.6666666666666666,0.3333333333333333,0.0,0.0,0.3333333333333333
Beckwith-Wiedemann syndrome (BWS) [MIM:130650],1,0,0.0,0.0,0.0,0.0,0.0,0.0
Behr syndrome (BEHRS) [MIM:210000],1,0,0.0,0.0,0.0,0.0,0.0,0.0
Bernard-Soulier syndrome (BSS) [MIM:231200],2,0,0.0,0.0,0.0,0.0,0.0,0.0
"Bestrophinopathy, autosomal recessive (ARB) [MIM:611809]",2,0,0.0,0.0,0.0,0.0,0.0,0.0
Beta-thalassemia (B-THAL) [MIM:613985],2,2,1.0,3.0,0.5,1.0,1.0,0.5
Beta-ureidopropionase deficiency (UPB1D) [MIM:613161],1,0,0.0,0.0,0.0,0.0,0.0,0.0
Bethlem myopathy 1A (BTHLM1A) [MIM:158810],3,0,0.0,0.0,0.0,0.0,0.0,0.0
Bethlem myopathy 1B (BTHLM1B) [MIM:620725],2,1,0.5,2.0,0.5,0.5,0.5,0.5
Bethlem myopathy 1C (BTHLM1C) [MIM:620726],1,1,1.0,2.0,0.0,0.0,1.0,1.0
Beukes hip dysplasia (HDB) [MIM:142669],1,0,0.0,0.0,0.0,0.0,0.0,0.0
Bietti crystalline corneoretinal dystrophy (BCD) [MIM:210370],3,2,0.6666666666666666,1.3333333333333333,0.6666666666666666,0.3333333333333333,0.0,0.3333333333333333
"Bifid nose, with or without anorectal and renal anomalies (BNAR) [MIM:608980]",1,0,0.0,0.0,0.0,0.0,0.0,0.0
Birk-Barel syndrome (BIBARS) [MIM:612292],1,0,0.0,0.0,0.0,0.0,0.0,0.0
Bjoernstad syndrome (BJS) [MIM:262000],2,2,1.0,2.0,1.0,1.0,0.0,0.0
Bladder cancer (BLC) [MIM:109800],1,0,0.0,0.0,0.0,0.0,0.0,0.0
Blau syndrome (BLAUS) [MIM:186580],3,2,0.6666666666666666,1.3333333333333333,0.3333333333333333,0.0,0.3333333333333333,0.6666666666666666
"Bleeding disorder, platelet-type, 11 (BDPLT11) [MIM:614201]",1,1,1.0,2.0,0.0,1.0,0.0,1.0
"Bleeding disorder, platelet-type, 15 (BDPLT15) [MIM:615193]",3,2,0.6666666666666666,0.6666666666666666,0.0,0.0,0.0,0.6666666666666666
"Bleeding disorder, platelet-type, 18 (BDPLT18) [MIM:615888]",1,0,0.0,0.0,0.0,0.0,0.0,0.0
"Bleeding disorder, platelet-type, 20 (BDPLT20) [MIM:616913]",1,1,1.0,3.0,0.0,1.0,1.0,1.0
"Bleeding disorder, platelet-type, 21 (BDPLT21) [MIM:617443]",1,0,0.0,0.0,0.0,0.0,0.0,0.0
"Bleeding disorder, platelet-type, 22 (BDPLT22) [MIM:618462]",2,0,0.0,0.0,0.0,0.0,0.0,0.0
Bloom syndrome (BLM) [MIM:210900],3,1,0.3333333333333333,1.0,0.3333333333333333,0.3333333333333333,0.0,0.3333333333333333
Blue cone monochromacy (BCM) [MIM:303700],1,0,0.0,0.0,0.0,0.0,0.0,0.0
Bone marrow failure syndrome 4 (BMFS4) [MIM:618116],1,0,0.0,0.0,0.0,0.0,0.0,0.0
Bosch-Boonstra-Schaaf optic atrophy syndrome (BBSOAS) [MIM:615722],3,0,0.0,0.0,0.0,0.0,0.0,0.0
Bosma arhinia microphthalmia syndrome (BAMS) [MIM:603457],7,5,0.7142857142857143,1.0,0.14285714285714285,0.14285714285714285,0.0,0.7142857142857143
Boudin-Mortier syndrome (BOMOS) [MIM:619543],1,0,0.0,0.0,0.0,0.0,0.0,0.0
Brachydactyly A1 (BDA1) [MIM:112500],2,0,0.0,0.0,0.0,0.0,0.0,0.0
Brachydactyly A2 (BDA2) [MIM:112600],2,0,0.0,0.0,0.0,0.0,0.0,0.0
Brachydactyly B2 (BDB2) [MIM:611377],3,0,0.0,0.0,0.0,0.0,0.0,0.0
Brachydactyly-syndactyly-oligodactyly syndrome (BDSDO) [MIM:610713],1,0,0.0,0.0,0.0,0.0,0.0,0.0
Brachyolmia 3 (BCYM3) [MIM:113500],1,0,0.0,0.0,0.0,0.0,0.0,0.0
Brain small vessel disease 1 with or without ocular anomalies (BSVD1) [MIM:175780],3,0,0.0,0.0,0.0,0.0,0.0,0.0
"Branchial arch abnormalities, choanal atresia, athelia, hearing loss, and hypothyroidism syndrome (BCAHH) [MIM:620186]",2,2,1.0,1.0,0.0,0.0,0.0,1.0
Branchiooculofacial syndrome (BOFS) [MIM:113620],1,0,0.0,0.0,0.0,0.0,0.0,0.0
Branchiootorenal syndrome 1 (BOR1) [MIM:113650],1,0,0.0,0.0,0.0,0.0,0.0,0.0
Breast cancer (BC) [MIM:114480],59,41,0.6949152542372882,1.6101694915254237,0.5084745762711864,0.423728813559322,0.2542372881355932,0.423728813559322
"Breast-ovarian cancer, familial, 1 (BROVCA1) [MIM:604370]",1,1,1.0,1.0,1.0,0.0,0.0,0.0
"Breast-ovarian cancer, familial, 3 (BROVCA3) [MIM:613399]",2,0,0.0,0.0,0.0,0.0,0.0,0.0
Brittle cornea syndrome 2 (BCS2) [MIM:614170],2,1,0.5,0.5,0.5,0.0,0.0,0.0
Bronchiectasis with or without elevated sweat chloride 1 (BESC1) [MIM:211400],2,1,0.5,2.0,0.5,0.5,0.5,0.5
Bronchiectasis with or without elevated sweat chloride 2 (BESC2) [MIM:613021],1,1,1.0,1.0,0.0,0.0,0.0,1.0
Brown-Vialetto-Van Laere syndrome 1 (BVVLS1) [MIM:211530],5,0,0.0,0.0,0.0,0.0,0.0,0.0
Brown-Vialetto-Van Laere syndrome 2 (BVVLS2) [MIM:614707],7,3,0.42857142857142855,0.7142857142857143,0.2857142857142857,0.14285714285714285,0.0,0.2857142857142857
Brugada syndrome 1 (BRGDA1) [MIM:601144],27,5,0.18518518518518517,0.4444444444444444,0.14814814814814814,0.14814814814814814,0.07407407407407407,0.07407407407407407
Butyrylcholinesterase deficiency (BCHED) [MIM:617936],16,7,0.4375,0.9375,0.125,0.4375,0.1875,0.1875
C syndrome (CSYN) [MIM:211750],1,1,1.0,4.0,1.0,1.0,1.0,1.0
CASGID syndrome (CASGID) [MIM:618339],1,0,0.0,0.0,0.0,0.0,0.0,0.0
CHARGE syndrome (CHARGES) [MIM:214800],2,0,0.0,0.0,0.0,0.0,0.0,0.0
CLAPO syndrome (CLAPO) [MIM:613089],1,1,1.0,3.0,1.0,1.0,0.0,1.0
COACH syndrome 1 (COACH1) [MIM:216360],4,1,0.25,0.75,0.25,0.25,0.25,0.0
COACH syndrome 3 (COACH3) [MIM:619113],1,0,0.0,0.0,0.0,0.0,0.0,0.0
CODAS syndrome (CODASS) [MIM:600373],2,0,0.0,0.0,0.0,0.0,0.0,0.0
Campomelic dysplasia (CMD1) [MIM:114290],6,2,0.3333333333333333,0.3333333333333333,0.0,0.3333333333333333,0.0,0.0
Camurati-Engelmann disease (CAEND) [MIM:131300],5,2,0.4,0.6,0.0,0.4,0.0,0.2
Canavan disease (CAND) [MIM:271900],7,2,0.2857142857142857,0.42857142857142855,0.14285714285714285,0.14285714285714285,0.14285714285714285,0.0
Capillary malformation-arteriovenous malformation 1 (CMAVM1) [MIM:608354],1,0,0.0,0.0,0.0,0.0,0.0,0.0
Carbamoyl phosphate synthetase 1 deficiency (CPS1D) [MIM:237300],32,7,0.21875,0.28125,0.125,0.09375,0.03125,0.03125
Cardiac valvular dysplasia 1 (CVDP1) [MIM:212093],1,0,0.0,0.0,0.0,0.0,0.0,0.0
"Cardiac valvular dysplasia, X-linked (CVDPX) [MIM:314400]",1,0,0.0,0.0,0.0,0.0,0.0,0.0
Cardioacrofacial dysplasia 2 (CAFD2) [MIM:619143],1,0,0.0,0.0,0.0,0.0,0.0,0.0
Cardiofaciocutaneous syndrome 1 (CFC1) [MIM:115150],1,0,0.0,0.0,0.0,0.0,0.0,0.0
Cardiofaciocutaneous syndrome 2 (CFC2) [MIM:615278],3,0,0.0,0.0,0.0,0.0,0.0,0.0
Cardiofaciocutaneous syndrome 3 (CFC3) [MIM:615279],4,1,0.25,0.5,0.25,0.25,0.0,0.0
Cardiofaciocutaneous syndrome 4 (CFC4) [MIM:615280],3,0,0.0,0.0,0.0,0.0,0.0,0.0
"Cardiomyopathy, dilated, 1A (CMD1A) [MIM:115200]",11,3,0.2727272727272727,0.2727272727272727,0.0,0.2727272727272727,0.0,0.0
"Cardiomyopathy, dilated, 1C, with or without left ventricular non-compaction (CMD1C) [MIM:601493]",1,1,1.0,1.0,0.0,0.0,0.0,1.0
"Cardiomyopathy, dilated, 1CC (CMD1CC) [MIM:613122]",2,0,0.0,0.0,0.0,0.0,0.0,0.0
"Cardiomyopathy, dilated, 1D (CMD1D) [MIM:601494]",1,0,0.0,0.0,0.0,0.0,0.0,0.0
"Cardiomyopathy, dilated, 1DD (CMD1DD) [MIM:613172]",7,2,0.2857142857142857,0.42857142857142855,0.14285714285714285,0.0,0.0,0.2857142857142857
"Cardiomyopathy, dilated, 1E (CMD1E) [MIM:601154]",1,0,0.0,0.0,0.0,0.0,0.0,0.0
"Cardiomyopathy, dilated, 1FF (CMD1FF) [MIM:613286]",3,3,1.0,3.0,1.0,1.0,0.3333333333333333,0.6666666666666666
"Cardiomyopathy, dilated, 1G (CMD1G) [MIM:604145]",1,1,1.0,4.0,1.0,1.0,1.0,1.0
"Cardiomyopathy, dilated, 1I (CMD1I) [MIM:604765]",1,0,0.0,0.0,0.0,0.0,0.0,0.0
"Cardiomyopathy, dilated, 1JJ (CMD1JJ) [MIM:615235]",1,1,1.0,1.0,0.0,0.0,0.0,1.0
"Cardiomyopathy, dilated, 1KK (CMD1KK) [MIM:615248]",2,1,0.5,2.0,0.5,0.5,0.5,0.5
"Cardiomyopathy, dilated, 1L (CMD1L) [MIM:606685]",1,1,1.0,1.0,1.0,0.0,0.0,0.0
"Cardiomyopathy, dilated, 1NN (CMD1NN) [MIM:615916]",2,2,1.0,2.5,1.0,1.0,0.0,0.5
"Cardiomyopathy, dilated, 1P (CMD1P) [MIM:609909]",1,0,0.0,0.0,0.0,0.0,0.0,0.0
"Cardiomyopathy, dilated, 1S (CMD1S) [MIM:613426]",4,1,0.25,0.25,0.0,0.25,0.0,0.0
"Cardiomyopathy, dilated, 1W (CMD1W) [MIM:611407]",1,1,1.0,1.0,0.0,0.0,0.0,1.0
"Cardiomyopathy, dilated, 1Z (CMD1Z) [MIM:611879]",1,1,1.0,2.0,1.0,0.0,0.0,1.0
"Cardiomyopathy, dilated, 2C (CMD2C) [MIM:618189]",1,0,0.0,0.0,0.0,0.0,0.0,0.0
"Cardiomyopathy, dilated, with hypergonadotropic hypogonadism (CMDHH) [MIM:212112]",1,0,0.0,0.0,0.0,0.0,0.0,0.0
"Cardiomyopathy, dilated, with woolly hair, keratoderma, and tooth agenesis (DCWHKTA) [MIM:615821]",1,0,0.0,0.0,0.0,0.0,0.0,0.0
"Cardiomyopathy, familial hypertrophic (CMH) [MIM:192600]",1,0,0.0,0.0,0.0,0.0,0.0,0.0
"Cardiomyopathy, familial hypertrophic, 1 (CMH1) [MIM:192600]",49,21,0.42857142857142855,0.4897959183673469,0.02040816326530612,0.32653061224489793,0.08163265306122448,0.061224489795918366
"Cardiomyopathy, familial hypertrophic, 12 (CMH12) [MIM:612124]",1,0,0.0,0.0,0.0,0.0,0.0,0.0
"Cardiomyopathy, familial hypertrophic, 13 (CMH13) [MIM:613243]",1,1,1.0,2.0,1.0,1.0,0.0,0.0
"Cardiomyopathy, familial hypertrophic, 14 (CMH14) [MIM:613251]",1,0,0.0,0.0,0.0,0.0,0.0,0.0
"Cardiomyopathy, familial hypertrophic, 16 (CMH16) [MIM:613838]",2,1,0.5,1.5,0.0,0.5,0.5,0.5
"Cardiomyopathy, familial hypertrophic, 17 (CMH17) [MIM:613873]",2,1,0.5,0.5,0.0,0.0,0.0,0.5
"Cardiomyopathy, familial hypertrophic, 2 (CMH2) [MIM:115195]",5,3,0.6,1.4,0.4,0.4,0.2,0.4
"Cardiomyopathy, familial hypertrophic, 20 (CMH20) [MIM:613876]",1,1,1.0,1.0,0.0,0.0,0.0,1.0
"Cardiomyopathy, familial hypertrophic, 22 (CMH22) [MIM:615248]",1,1,1.0,2.0,1.0,0.0,0.0,1.0
"Cardiomyopathy, familial hypertrophic, 23, with or without left ventricular non-compaction (CMH23) [MIM:612158]",3,1,0.3333333333333333,0.6666666666666666,0.0,0.3333333333333333,0.0,0.3333333333333333
"Cardiomyopathy, familial hypertrophic, 3 (CMH3) [MIM:115196]",2,1,0.5,0.5,0.0,0.5,0.0,0.0
"Cardiomyopathy, familial hypertrophic, 4 (CMH4) [MIM:115197]",6,4,0.6666666666666666,1.3333333333333333,0.3333333333333333,0.5,0.16666666666666666,0.3333333333333333
"Cardiomyopathy, familial hypertrophic, 6 (CMH6) [MIM:600858]",1,1,1.0,2.0,1.0,1.0,0.0,0.0
"Cardiomyopathy, familial hypertrophic, 7 (CMH7) [MIM:613690]",7,4,0.5714285714285714,1.0,0.14285714285714285,0.5714285714285714,0.0,0.2857142857142857
"Cardiomyopathy, familial restrictive 1 (RCM1) [MIM:115210]",1,0,0.0,0.0,0.0,0.0,0.0,0.0
"Cardiomyopathy, familial restrictive 6 (RCM6) [MIM:619433]",1,1,1.0,1.0,0.0,0.0,0.0,1.0
Cardiospondylocarpofacial syndrome (CSCF) [MIM:157800],1,0,0.0,0.0,0.0,0.0,0.0,0.0
Carnitine palmitoyltransferase 1A deficiency (CPT1AD) [MIM:255120],2,0,0.0,0.0,0.0,0.0,0.0,0.0
"Carnitine palmitoyltransferase 2 deficiency, myopathic, stress-induced (CPT2D) [MIM:255110]",6,1,0.16666666666666666,0.3333333333333333,0.16666666666666666,0.16666666666666666,0.0,0.0
Carnitine-acylcarnitine translocase deficiency (CACTD) [MIM:212138],2,0,0.0,0.0,0.0,0.0,0.0,0.0
Carpal tunnel syndrome 1 (CTS1) [MIM:115430],1,0,0.0,0.0,0.0,0.0,0.0,0.0
Carpal tunnel syndrome 2 (CTS2) [MIM:619161],1,1,1.0,1.0,0.0,0.0,0.0,1.0
Caspase-8 deficiency (CASP8D) [MIM:607271],3,2,0.6666666666666666,1.3333333333333333,0.0,0.3333333333333333,0.3333333333333333,0.6666666666666666
"Cataract 1, multiple types (CTRCT1) [MIM:116200]",1,0,0.0,0.0,0.0,0.0,0.0,0.0
"Cataract 14, multiple types (CTRCT14) [MIM:601885]",4,0,0.0,0.0,0.0,0.0,0.0,0.0
"Cataract 34, multiple types (CTRCT34) [MIM:612968]",1,0,0.0,0.0,0.0,0.0,0.0,0.0
"Cataract 46, juvenile-onset, with or without arrhythmic cardiomyopathy (CTRCT46) [MIM:212500]",1,0,0.0,0.0,0.0,0.0,0.0,0.0
"Cataract 5, multiple types (CTRCT5) [MIM:116800]",2,0,0.0,0.0,0.0,0.0,0.0,0.0
"Cataract 9, multiple types (CTRCT9) [MIM:604219]",4,0,0.0,0.0,0.0,0.0,0.0,0.0
Catel-Manzke syndrome (CATMANS) [MIM:616145],1,0,0.0,0.0,0.0,0.0,0.0,0.0
Cenani-Lenz syndactyly syndrome (CLSS) [MIM:212780],1,0,0.0,0.0,0.0,0.0,0.0,0.0
"Cerebellar ataxia, areflexia, pes cavus, optic atrophy, and sensorineural hearing loss (CAPOS) [MIM:601338]",1,0,0.0,0.0,0.0,0.0,0.0,0.0
"Cerebellar ataxia, brain abnormalities, and cardiac conduction defects (CABAC) [MIM:619576]",1,1,1.0,3.0,1.0,1.0,0.0,1.0
"Cerebellar ataxia, cayman type (ATCAY) [MIM:601238]",1,1,1.0,1.0,0.0,0.0,0.0,1.0
"Cerebellar ataxia, deafness, and narcolepsy, autosomal dominant (ADCADN) [MIM:604121]",2,0,0.0,0.0,0.0,0.0,0.0,0.0
Cerebellar atrophy with seizures and variable developmental delay (CASVDD) [MIM:618501],1,0,0.0,0.0,0.0,0.0,0.0,0.0
"Cerebral amyloid angiopathy, APP-related (CAA-APP) [MIM:605714]",1,0,0.0,0.0,0.0,0.0,0.0,0.0
"Cerebral arteriopathy, autosomal dominant, with subcortical infarcts and leukoencephalopathy, 1 (CADASIL1) [MIM:125310]",33,12,0.36363636363636365,1.0,0.30303030303030304,0.2727272727272727,0.15151515151515152,0.2727272727272727
"Cerebral arteriopathy, autosomal dominant, with subcortical infarcts and leukoencephalopathy, 2 (CADASIL2) [MIM:616779]",4,0,0.0,0.0,0.0,0.0,0.0,0.0
"Cerebral arteriopathy, autosomal recessive, with subcortical infarcts and leukoencephalopathy (CARASIL) [MIM:600142]",1,0,0.0,0.0,0.0,0.0,0.0,0.0
Cerebral cavernous malformations 4 (CCM4) [MIM:619538],3,3,1.0,1.6666666666666667,0.3333333333333333,0.3333333333333333,0.0,1.0
Cerebral creatine deficiency syndrome 1 (CCDS1) [MIM:300352],3,1,0.3333333333333333,1.3333333333333333,0.3333333333333333,0.3333333333333333,0.3333333333333333,0.3333333333333333
Cerebral creatine deficiency syndrome 2 (CCDS2) [MIM:612736],8,2,0.25,1.0,0.25,0.25,0.25,0.25
Cerebral creatine deficiency syndrome 3 (CCDS3) [MIM:612718],1,0,0.0,0.0,0.0,0.0,0.0,0.0
Cerebro-oculo-facio-skeletal syndrome 4 (COFS4) [MIM:610758],1,1,1.0,3.0,1.0,1.0,0.0,1.0
Cerebroretinal microangiopathy with calcifications and cysts 2 (CRMCC2) [MIM:617341],1,0,0.0,0.0,0.0,0.0,0.0,0.0
Cerebrotendinous xanthomatosis (CTX) [MIM:213700],4,0,0.0,0.0,0.0,0.0,0.0,0.0
"Ceroid lipofuscinosis, neuronal, 1 (CLN1) [MIM:256730]",3,2,0.6666666666666666,1.0,0.3333333333333333,0.6666666666666666,0.0,0.0
"Ceroid lipofuscinosis, neuronal, 10 (CLN10) [MIM:610127]",2,0,0.0,0.0,0.0,0.0,0.0,0.0
"Ceroid lipofuscinosis, neuronal, 13 (Kufs type) (CLN13) [MIM:615362]",1,0,0.0,0.0,0.0,0.0,0.0,0.0
"Ceroid lipofuscinosis, neuronal, 2 (CLN2) [MIM:204500]",6,2,0.3333333333333333,1.0,0.3333333333333333,0.3333333333333333,0.0,0.3333333333333333
"Ceroid lipofuscinosis, neuronal, 3 (CLN3) [MIM:204200]",2,1,0.5,1.0,0.0,0.0,0.5,0.5
"Ceroid lipofuscinosis, neuronal, 5 (CLN5) [MIM:256731]",1,1,1.0,1.0,1.0,0.0,0.0,0.0
"Ceroid lipofuscinosis, neuronal, 6 (CLN6) [MIM:601780]",5,3,0.6,1.2,0.6,0.4,0.2,0.0
"Ceroid lipofuscinosis, neuronal, 7 (CLN7) [MIM:610951]",6,2,0.3333333333333333,0.8333333333333334,0.16666666666666666,0.16666666666666666,0.16666666666666666,0.3333333333333333
"Ceroid lipofuscinosis, neuronal, 8 (CLN8) [MIM:600143]",6,3,0.5,1.5,0.5,0.3333333333333333,0.5,0.16666666666666666
Cervical cancer (CERCA) [MIM:603956],1,0,0.0,0.0,0.0,0.0,0.0,0.0
Chanarin-Dorfman syndrome (CDS) [MIM:275630],1,1,1.0,4.0,1.0,1.0,1.0,1.0
Char syndrome (CHAR) [MIM:169100],3,1,0.3333333333333333,0.3333333333333333,0.0,0.3333333333333333,0.0,0.0
"Charcot-Marie-Tooth disease, X-linked dominant, 1 (CMTX1) [MIM:302800]",20,7,0.35,0.55,0.25,0.2,0.0,0.1
"Charcot-Marie-Tooth disease, axonal, autosomal dominant, type 2C (CMT2C) [MIM:606071]",2,2,1.0,1.0,1.0,0.0,0.0,0.0
"Charcot-Marie-Tooth disease, axonal, type 2A2A (CMT2A2A) [MIM:609260]",4,1,0.25,0.5,0.25,0.25,0.0,0.0
"Charcot-Marie-Tooth disease, axonal, type 2D (CMT2D) [MIM:601472]",4,3,0.75,2.0,0.5,0.75,0.0,0.75
"Charcot-Marie-Tooth disease, axonal, type 2F (CMT2F) [MIM:606595]",5,4,0.8,1.0,0.2,0.6,0.0,0.2
"Charcot-Marie-Tooth disease, axonal, type 2I (CMT2I) [MIM:607677]",3,2,0.6666666666666666,1.6666666666666667,0.6666666666666666,0.3333333333333333,0.0,0.6666666666666666
"Charcot-Marie-Tooth disease, axonal, type 2J (CMT2J) [MIM:607736]",1,0,0.0,0.0,0.0,0.0,0.0,0.0
"Charcot-Marie-Tooth disease, axonal, type 2L (CMT2L) [MIM:608673]",1,0,0.0,0.0,0.0,0.0,0.0,0.0
"Charcot-Marie-Tooth disease, axonal, type 2M (CMT2M) [MIM:606482]",1,1,1.0,1.0,1.0,0.0,0.0,0.0
"Charcot-Marie-Tooth disease, axonal, type 2O (CMT2O) [MIM:614228]",2,1,0.5,1.5,0.5,0.5,0.0,0.5
"Charcot-Marie-Tooth disease, axonal, type 2S (CMT2S) [MIM:616155]",1,1,1.0,1.0,1.0,0.0,0.0,0.0
"Charcot-Marie-Tooth disease, axonal, type 2T (CMT2T) [MIM:617017]",1,0,0.0,0.0,0.0,0.0,0.0,0.0
"Charcot-Marie-Tooth disease, axonal, type 2U (CMT2U) [MIM:616280]",1,1,1.0,1.0,0.0,1.0,0.0,0.0
"Charcot-Marie-Tooth disease, axonal, type 2Y (CMT2Y) [MIM:616687]",1,0,0.0,0.0,0.0,0.0,0.0,0.0
"Charcot-Marie-Tooth disease, axonal, type 2Z (CMT2Z) [MIM:616688]",1,1,1.0,1.0,1.0,0.0,0.0,0.0
"Charcot-Marie-Tooth disease, demyelinating, type 1A (CMT1A) [MIM:118220]",6,0,0.0,0.0,0.0,0.0,0.0,0.0
"Charcot-Marie-Tooth disease, demyelinating, type 1B (CMT1B) [MIM:118200]",7,5,0.7142857142857143,1.7142857142857142,0.5714285714285714,0.5714285714285714,0.0,0.5714285714285714
"Charcot-Marie-Tooth disease, demyelinating, type 1C (CMT1C) [MIM:601098]",1,0,0.0,0.0,0.0,0.0,0.0,0.0
"Charcot-Marie-Tooth disease, demyelinating, type 1D (CMT1D) [MIM:607678]",1,1,1.0,1.0,0.0,0.0,0.0,1.0
"Charcot-Marie-Tooth disease, demyelinating, type 1E (CMT1E) [MIM:118300]",1,0,0.0,0.0,0.0,0.0,0.0,0.0
"Charcot-Marie-Tooth disease, demyelinating, type 1G (CMT1G) [MIM:618279]",3,2,0.6666666666666666,0.6666666666666666,0.0,0.0,0.0,0.6666666666666666
"Charcot-Marie-Tooth disease, demyelinating, type 1I (CMT1I) [MIM:619742]",2,1,0.5,0.5,0.0,0.5,0.0,0.0
"Charcot-Marie-Tooth disease, demyelinating, type 4A (CMT4A) [MIM:214400]",1,0,0.0,0.0,0.0,0.0,0.0,0.0
"Charcot-Marie-Tooth disease, demyelinating, type 4C (CMT4C) [MIM:601596]",1,0,0.0,0.0,0.0,0.0,0.0,0.0
"Charcot-Marie-Tooth disease, demyelinating, type 4H (CMT4H) [MIM:609311]",1,0,0.0,0.0,0.0,0.0,0.0,0.0
"Charcot-Marie-Tooth disease, dominant intermediate B (CMTDIB) [MIM:606482]",1,1,1.0,1.0,0.0,1.0,0.0,0.0
"Charcot-Marie-Tooth disease, dominant intermediate E (CMTDIE) [MIM:614455]",3,0,0.0,0.0,0.0,0.0,0.0,0.0
"Charcot-Marie-Tooth disease, dominant intermediate F (CMTDIF) [MIM:615185]",1,0,0.0,0.0,0.0,0.0,0.0,0.0
Chediak-Higashi syndrome (CHS) [MIM:214500],1,1,1.0,1.0,0.0,0.0,0.0,1.0
Childhood cancer retinoblastoma (RB) [MIM:180200],4,2,0.5,1.25,0.5,0.25,0.25,0.25
"Cholestasis of pregnancy, intrahepatic 3 (ICP3) [MIM:614972]",1,1,1.0,1.0,0.0,1.0,0.0,0.0
"Cholestasis, progressive familial intrahepatic, 10 (PFIC10) [MIM:619868]",1,0,0.0,0.0,0.0,0.0,0.0,0.0
"Cholestasis, progressive familial intrahepatic, 3 (PFIC3) [MIM:602347]",6,3,0.5,1.3333333333333333,0.5,0.3333333333333333,0.16666666666666666,0.3333333333333333
Cholesteryl ester storage disease (CESD) [MIM:278000],2,0,0.0,0.0,0.0,0.0,0.0,0.0
Chondrocalcinosis 2 (CCAL2) [MIM:118600],1,1,1.0,1.0,1.0,0.0,0.0,0.0
Chondrodysplasia Blomstrand type (BOCD) [MIM:215045],1,0,0.0,0.0,0.0,0.0,0.0,0.0
"Chondrodysplasia punctata 1, X-linked recessive (CDPX1) [MIM:302950]",2,1,0.5,1.5,0.5,0.5,0.5,0.0
"Chondrodysplasia punctata 2, X-linked dominant (CDPX2) [MIM:302960]",2,0,0.0,0.0,0.0,0.0,0.0,0.0
Chondrosarcoma (CHDSA) [MIM:215300],1,0,0.0,0.0,0.0,0.0,0.0,0.0
Chopra-Amiel-Gordon syndrome (CAGS) [MIM:619504],1,0,0.0,0.0,0.0,0.0,0.0,0.0
"Chorea, hereditary benign (BHC) [MIM:118700]",1,0,0.0,0.0,0.0,0.0,0.0,0.0
Choreoacanthocytosis (CHAC) [MIM:200150],1,1,1.0,1.0,1.0,0.0,0.0,0.0
Choreoathetosis and congenital hypothyroidism with or without pulmonary dysfunction (CAHTP) [MIM:610978],1,1,1.0,1.0,0.0,1.0,0.0,0.0
"Choroidal dystrophy, central areolar 2 (CACD2) [MIM:613105]",2,0,0.0,0.0,0.0,0.0,0.0,0.0
Chylomicron retention disease (CMRD) [MIM:246700],1,0,0.0,0.0,0.0,0.0,0.0,0.0
"Ciliary dyskinesia, primary, 2 (CILD2) [MIM:606763]",1,1,1.0,2.0,0.0,1.0,0.0,1.0
"Ciliary dyskinesia, primary, 23 (CILD23) [MIM:615451]",1,0,0.0,0.0,0.0,0.0,0.0,0.0
"Ciliary dyskinesia, primary, 24 (CILD24) [MIM:615481]",1,0,0.0,0.0,0.0,0.0,0.0,0.0
"Ciliary dyskinesia, primary, 3 (CILD3) [MIM:608644]",4,0,0.0,0.0,0.0,0.0,0.0,0.0
"Ciliary dyskinesia, primary, 34 (CILD34) [MIM:617091]",1,0,0.0,0.0,0.0,0.0,0.0,0.0
"Ciliary dyskinesia, primary, 39 (CILD39) [MIM:618254]",1,0,0.0,0.0,0.0,0.0,0.0,0.0
"Ciliary dyskinesia, primary, 40 (CILD40) [MIM:618300]",1,0,0.0,0.0,0.0,0.0,0.0,0.0
"Ciliary dyskinesia, primary, 42 (CILD42) [MIM:618695]",3,2,0.6666666666666666,0.6666666666666666,0.0,0.0,0.0,0.6666666666666666
"Ciliary dyskinesia, primary, 52 (CILD52) [MIM:620570]",1,0,0.0,0.0,0.0,0.0,0.0,0.0
Citrullinemia 1 (CTLN1) [MIM:215700],16,8,0.5,0.6875,0.3125,0.375,0.0,0.0
Clark-Baraitser syndrome (CLABARS) [MIM:617752],1,0,0.0,0.0,0.0,0.0,0.0,0.0
"Cleft palate with or without ankyloglossia, X-linked (CPX) [MIM:303400]",2,0,0.0,0.0,0.0,0.0,0.0,0.0
Cleidocranial dysplasia 1 (CLCD1) [MIM:119600],4,0,0.0,0.0,0.0,0.0,0.0,0.0
Cockayne syndrome A (CSA) [MIM:216400],1,0,0.0,0.0,0.0,0.0,0.0,0.0
Cockayne syndrome B (CSB) [MIM:133540],1,0,0.0,0.0,0.0,0.0,0.0,0.0
"Coenzyme Q10 deficiency, primary, 4 (COQ10D4) [MIM:612016]",7,1,0.14285714285714285,0.14285714285714285,0.0,0.0,0.0,0.14285714285714285
"Coenzyme Q10 deficiency, primary, 7 (COQ10D7) [MIM:616276]",2,0,0.0,0.0,0.0,0.0,0.0,0.0
"Coenzyme Q10 deficiency, primary, 8 (COQ10D8) [MIM:616733]",1,0,0.0,0.0,0.0,0.0,0.0,0.0
Coffin-Lowry syndrome (CLS) [MIM:303600],3,1,0.3333333333333333,0.3333333333333333,0.0,0.0,0.0,0.3333333333333333
Coffin-Siris syndrome 11 (CSS11) [MIM:618779],2,2,1.0,2.5,0.5,1.0,0.0,1.0
Coffin-Siris syndrome 3 (CSS3) [MIM:614608],3,0,0.0,0.0,0.0,0.0,0.0,0.0
Coffin-Siris syndrome 5 (CSS5) [MIM:616938],2,0,0.0,0.0,0.0,0.0,0.0,0.0
Coffin-Siris syndrome 7 (CSS7) [MIM:618027],1,0,0.0,0.0,0.0,0.0,0.0,0.0
Cohen syndrome (COH1) [MIM:216550],1,0,0.0,0.0,0.0,0.0,0.0,0.0
Cohen-Gibson syndrome (COGIS) [MIM:617561],1,1,1.0,1.0,0.0,0.0,0.0,1.0
Cole-Carpenter syndrome 2 (CLCRP2) [MIM:616294],1,0,0.0,0.0,0.0,0.0,0.0,0.0
"Coloboma, congenital heart disease, ichthyosiform dermatosis, impaired intellectual development, and ear anomalies syndrome (CHIME) [MIM:280000]",1,0,0.0,0.0,0.0,0.0,0.0,0.0
"Colorblindness, partial, protan series (CBP) [MIM:303900]",1,0,0.0,0.0,0.0,0.0,0.0,0.0
Colorectal cancer (CRC) [MIM:114500],15,8,0.5333333333333333,1.2666666666666666,0.26666666666666666,0.26666666666666666,0.2,0.5333333333333333
Colorectal cancer 1 (CRCS1) [MIM:608812],2,1,0.5,0.5,0.0,0.0,0.0,0.5
Colorectal cancer 12 (CRCS12) [MIM:615083],1,0,0.0,0.0,0.0,0.0,0.0,0.0
Combined D-2- and L-2-hydroxyglutaric aciduria (D2L2AD) [MIM:615182],3,0,0.0,0.0,0.0,0.0,0.0,0.0
Combined deficiency of vitamin K-dependent clotting factors 1 (VKCFD1) [MIM:277450],3,2,0.6666666666666666,1.3333333333333333,0.6666666666666666,0.6666666666666666,0.0,0.0
Combined deficiency of vitamin K-dependent clotting factors 2 (VKCFD2) [MIM:607473],1,1,1.0,2.0,1.0,0.0,1.0,0.0
Combined malonic and methylmalonic aciduria (CMAMMA) [MIM:614265],1,1,1.0,4.0,1.0,1.0,1.0,1.0
Combined osteogenesis imperfecta and Ehlers-Danlos syndrome 1 (OIEDS1) [MIM:619115],4,0,0.0,0.0,0.0,0.0,0.0,0.0
Combined osteogenesis imperfecta and Ehlers-Danlos syndrome 2 (OIEDS2) [MIM:619120],1,0,0.0,0.0,0.0,0.0,0.0,0.0
Combined oxidative phosphorylation deficiency 1 (COXPD1) [MIM:609060],2,0,0.0,0.0,0.0,0.0,0.0,0.0
Combined oxidative phosphorylation deficiency 12 (COXPD12) [MIM:614924],4,2,0.5,1.0,0.25,0.25,0.0,0.5
Combined oxidative phosphorylation deficiency 14 (COXPD14) [MIM:614946],1,0,0.0,0.0,0.0,0.0,0.0,0.0
Combined oxidative phosphorylation deficiency 17 (COXPD17) [MIM:615440],1,1,1.0,1.0,0.0,0.0,0.0,1.0
Combined oxidative phosphorylation deficiency 19 (COXPD19) [MIM:615595],1,0,0.0,0.0,0.0,0.0,0.0,0.0
Combined oxidative phosphorylation deficiency 20 (COXPD20) [MIM:615917],2,1,0.5,1.5,0.5,0.5,0.0,0.5
Combined oxidative phosphorylation deficiency 22 (COXPD22) [MIM:616045],2,0,0.0,0.0,0.0,0.0,0.0,0.0
Combined oxidative phosphorylation deficiency 28 (COXPD28) [MIM:616794],1,0,0.0,0.0,0.0,0.0,0.0,0.0
Combined oxidative phosphorylation deficiency 3 (COXPD3) [MIM:610505],1,1,1.0,3.0,1.0,1.0,0.0,1.0
Combined oxidative phosphorylation deficiency 32 (COXPD32) [MIM:617664],1,1,1.0,1.0,0.0,0.0,0.0,1.0
Combined oxidative phosphorylation deficiency 33 (COXPD33) [MIM:617713],2,0,0.0,0.0,0.0,0.0,0.0,0.0
Combined oxidative phosphorylation deficiency 36 (COXPD36) [MIM:617950],1,1,1.0,1.0,0.0,0.0,0.0,1.0
Combined oxidative phosphorylation deficiency 40 (COXPD40) [MIM:618835],1,0,0.0,0.0,0.0,0.0,0.0,0.0
Combined oxidative phosphorylation deficiency 42 (COXPD42) [MIM:618839],1,0,0.0,0.0,0.0,0.0,0.0,0.0
Combined oxidative phosphorylation deficiency 50 (COXPD50) [MIM:619025],1,0,0.0,0.0,0.0,0.0,0.0,0.0
Combined oxidative phosphorylation deficiency 54 (COXPD54) [MIM:619737],1,1,1.0,1.0,0.0,0.0,0.0,1.0
Combined oxidative phosphorylation deficiency 8 (COXPD8) [MIM:614096],1,1,1.0,4.0,1.0,1.0,1.0,1.0
Complement component 2 deficiency (C2D) [MIM:217000],3,2,0.6666666666666666,1.0,0.0,0.3333333333333333,0.0,0.6666666666666666
Complement component 7 deficiency (C7D) [MIM:610102],2,0,0.0,0.0,0.0,0.0,0.0,0.0
Complement component 9 deficiency (C9D) [MIM:613825],1,0,0.0,0.0,0.0,0.0,0.0,0.0
Complement factor D deficiency (CFDD) [MIM:613912],2,1,0.5,0.5,0.0,0.0,0.0,0.5
Complement factor H deficiency (CFHD) [MIM:609814],1,1,1.0,1.0,1.0,0.0,0.0,0.0
Complement factor I deficiency (CFI deficiency) [MIM:610984],2,0,0.0,0.0,0.0,0.0,0.0,0.0
Cone dystrophy 3 (COD3) [MIM:602093],5,2,0.4,0.8,0.0,0.4,0.2,0.2
Cone dystrophy 4 (COD4) [MIM:613093],1,0,0.0,0.0,0.0,0.0,0.0,0.0
Cone dystrophy retinal 3B (RCD3B) [MIM:610356],3,0,0.0,0.0,0.0,0.0,0.0,0.0
Cone-rod dystrophy 10 (CORD10) [MIM:610283],1,1,1.0,1.0,0.0,0.0,0.0,1.0
Cone-rod dystrophy 13 (CORD13) [MIM:608194],1,0,0.0,0.0,0.0,0.0,0.0,0.0
Cone-rod dystrophy 14 (CORD14) [MIM:602093],2,1,0.5,1.0,0.5,0.0,0.0,0.5
Cone-rod dystrophy 2 (CORD2) [MIM:120970],1,0,0.0,0.0,0.0,0.0,0.0,0.0
Cone-rod dystrophy 20 (CORD20) [MIM:615973],1,0,0.0,0.0,0.0,0.0,0.0,0.0
Cone-rod dystrophy 21 (CORD21) [MIM:616502],2,0,0.0,0.0,0.0,0.0,0.0,0.0
Cone-rod dystrophy 3 (CORD3) [MIM:604116],7,3,0.42857142857142855,0.7142857142857143,0.42857142857142855,0.14285714285714285,0.14285714285714285,0.0
Cone-rod dystrophy 5 (CORD5) [MIM:600977],1,1,1.0,4.0,1.0,1.0,1.0,1.0
Cone-rod dystrophy 6 (CORD6) [MIM:601777],3,0,0.0,0.0,0.0,0.0,0.0,0.0
Cone-rod dystrophy and hearing loss 1 (CRDHL1) [MIM:617236],1,0,0.0,0.0,0.0,0.0,0.0,0.0
"Cone-rod synaptic disorder, congenital non-progressive (CRSD) [MIM:610427]",1,1,1.0,1.0,0.0,0.0,0.0,1.0
Congenital anomalies of kidney and urinary tract 2 (CAKUT2) [MIM:143400],2,0,0.0,0.0,0.0,0.0,0.0,0.0
Congenital arthrogryposis with anterior horn cell disease (CAAHD) [MIM:611890],1,0,0.0,0.0,0.0,0.0,0.0,0.0
Congenital bilateral absence of the vas deferens (CBAVD) [MIM:277180],5,2,0.4,0.4,0.2,0.2,0.0,0.0
Congenital bile acid synthesis defect 2 (CBAS2) [MIM:235555],5,2,0.4,0.8,0.2,0.2,0.0,0.4
"Congenital contractures of the limbs and face, hypotonia, and developmental delay (CLIFAHDD) [MIM:616266]",1,0,0.0,0.0,0.0,0.0,0.0,0.0
Congenital disorder of glycosylation 1A (CDG1A) [MIM:212065],22,7,0.3181818181818182,0.6818181818181818,0.2727272727272727,0.22727272727272727,0.13636363636363635,0.045454545454545456
Congenital disorder of glycosylation 1AA (CDG1AA) [MIM:617082],1,0,0.0,0.0,0.0,0.0,0.0,0.0
Congenital disorder of glycosylation 1B (CDG1B) [MIM:602579],6,0,0.0,0.0,0.0,0.0,0.0,0.0
Congenital disorder of glycosylation 1E (CDG1E) [MIM:608799],1,1,1.0,1.0,1.0,0.0,0.0,0.0
Congenital disorder of glycosylation 1G (CDG1G) [MIM:607143],2,1,0.5,1.0,0.5,0.5,0.0,0.0
Congenital disorder of glycosylation 1H (CDG1H) [MIM:608104],1,0,0.0,0.0,0.0,0.0,0.0,0.0
Congenital disorder of glycosylation 1J (CDG1J) [MIM:608093],1,0,0.0,0.0,0.0,0.0,0.0,0.0
Congenital disorder of glycosylation 1K (CDG1K) [MIM:608540],9,0,0.0,0.0,0.0,0.0,0.0,0.0
Congenital disorder of glycosylation 1N (CDG1N) [MIM:612015],1,0,0.0,0.0,0.0,0.0,0.0,0.0
Congenital disorder of glycosylation 1P (CDG1P) [MIM:613661],3,0,0.0,0.0,0.0,0.0,0.0,0.0
Congenital disorder of glycosylation 1T (CDG1T) [MIM:614921],2,0,0.0,0.0,0.0,0.0,0.0,0.0
Congenital disorder of glycosylation 2A (CDG2A) [MIM:212066],2,0,0.0,0.0,0.0,0.0,0.0,0.0
Congenital disorder of glycosylation 2C (CDG2C) [MIM:266265],1,0,0.0,0.0,0.0,0.0,0.0,0.0
Congenital disorder of glycosylation 2F (CDG2F) [MIM:603585],1,1,1.0,2.0,1.0,0.0,0.0,1.0
Congenital disorder of glycosylation 2K (CDG2K) [MIM:614727],1,0,0.0,0.0,0.0,0.0,0.0,0.0
Congenital disorder of glycosylation 2M (CDG2M) [MIM:300896],3,2,0.6666666666666666,1.6666666666666667,0.3333333333333333,0.3333333333333333,0.3333333333333333,0.6666666666666666
Congenital disorder of glycosylation 2O (CDG2O) [MIM:616828],2,0,0.0,0.0,0.0,0.0,0.0,0.0
Congenital disorder of glycosylation 2P (CDG2P) [MIM:616829],1,1,1.0,3.0,0.0,1.0,1.0,1.0
Congenital disorder of glycosylation 2R (CDG2R) [MIM:301045],1,1,1.0,1.0,0.0,0.0,0.0,1.0
Congenital glucose/galactose malabsorption (GGM) [MIM:606824],2,0,0.0,0.0,0.0,0.0,0.0,0.0
Congenital heart defects and skeletal malformations syndrome (CHDSKM) [MIM:617602],1,0,0.0,0.0,0.0,0.0,0.0,0.0
"Congenital heart defects, multiple types, 1, X-linked (CHTD1) [MIM:306955]",2,2,1.0,2.0,0.0,1.0,0.0,1.0
"Congenital heart defects, multiple types, 2 (CHTD2) [MIM:614980]",1,1,1.0,4.0,1.0,1.0,1.0,1.0
"Congenital heart defects, multiple types, 4 (CHTD4) [MIM:615779]",1,1,1.0,3.0,1.0,1.0,0.0,1.0
Congenital insensitivity to pain with anhidrosis (CIPA) [MIM:256800],7,0,0.0,0.0,0.0,0.0,0.0,0.0
"Congenital myopathy 10B, mild variant (CMYO10B) [MIM:620249]",2,0,0.0,0.0,0.0,0.0,0.0,0.0
Congenital myopathy 13 (CMYO13) [MIM:255995],1,0,0.0,0.0,0.0,0.0,0.0,0.0
Congenital myopathy 14 (CMYO14) [MIM:618414],1,1,1.0,1.0,0.0,1.0,0.0,0.0
Congenital myopathy 16 (CMYO16) [MIM:618524],2,0,0.0,0.0,0.0,0.0,0.0,0.0
Congenital myopathy 18 (CMYO18) [MIM:620246],1,0,0.0,0.0,0.0,0.0,0.0,0.0
"Congenital myopathy 1A, autosomal dominant, with susceptibility to malignant hyperthermia (CMYO1A) [MIM:117000]",10,3,0.3,0.3,0.3,0.0,0.0,0.0
"Congenital myopathy 1B, autosomal recessive (CMYO1B) [MIM:255320]",10,4,0.4,0.4,0.1,0.3,0.0,0.0
"Congenital myopathy 22A, classic (CMYO22A) [MIM:620351]",1,0,0.0,0.0,0.0,0.0,0.0,0.0
"Congenital myopathy 22B, severe fetal (CMYO22B) [MIM:620369]",1,1,1.0,1.0,0.0,1.0,0.0,0.0
Congenital myopathy 23 (CMYO23) [MIM:609285],1,1,1.0,1.0,0.0,1.0,0.0,0.0
"Congenital myopathy 2A, typical, autosomal dominant (CMYO2A) [MIM:161800]",6,4,0.6666666666666666,0.6666666666666666,0.0,0.6666666666666666,0.0,0.0
Congenital myopathy 3 with rigid spine (CMYO3) [MIM:602771],3,0,0.0,0.0,0.0,0.0,0.0,0.0
"Congenital myopathy 4A, autosomal dominant (CMYO4A) [MIM:255310]",7,2,0.2857142857142857,0.2857142857142857,0.0,0.2857142857142857,0.0,0.0
"Congenital myopathy 7A, myosin storage, autosomal dominant (CMYO7A) [MIM:608358]",1,0,0.0,0.0,0.0,0.0,0.0,0.0
Congenital sucrase-isomaltase deficiency (CSID) [MIM:222900],1,0,0.0,0.0,0.0,0.0,0.0,0.0
Conotruncal heart malformations (CTHM) [MIM:217095],3,3,1.0,2.0,0.6666666666666666,0.6666666666666666,0.0,0.6666666666666666
"Contractural arachnodactyly, congenital (CCA) [MIM:121050]",5,2,0.4,0.4,0.0,0.0,0.4,0.0
"Corneal dystrophy, Fuchs endothelial, 6 (FECD6) [MIM:613270]",3,3,1.0,4.0,1.0,1.0,1.0,1.0
"Corneal dystrophy, Groenouw type 1 (CDGG1) [MIM:121900]",1,0,0.0,0.0,0.0,0.0,0.0,0.0
"Corneal dystrophy, Meesmann 1 (MECD1) [MIM:122100]",5,0,0.0,0.0,0.0,0.0,0.0,0.0
"Corneal dystrophy, Schnyder type (SCCD) [MIM:121800]",3,0,0.0,0.0,0.0,0.0,0.0,0.0
"Corneal dystrophy, lattice type 1 (CDL1) [MIM:122200]",1,0,0.0,0.0,0.0,0.0,0.0,0.0
Cornelia de Lange syndrome 1 (CDLS1) [MIM:122470],2,2,1.0,1.0,0.5,0.0,0.5,0.0
Cornelia de Lange syndrome 2 (CDLS2) [MIM:300590],5,0,0.0,0.0,0.0,0.0,0.0,0.0
Cornelia de Lange syndrome 4 with or without midline brain defects (CDLS4) [MIM:614701],1,0,0.0,0.0,0.0,0.0,0.0,0.0
"Coronary artery disease, autosomal dominant, 2 (ADCAD2) [MIM:610947]",1,0,0.0,0.0,0.0,0.0,0.0,0.0
"Cortical dysplasia, complex, with other brain malformations 13 (CDCBM13) [MIM:614563]",2,2,1.0,2.5,1.0,0.5,0.0,1.0
"Cortical dysplasia, complex, with other brain malformations 14A (bilateral frontoparietal) (CDCBM14A) [MIM:606854]",1,1,1.0,1.0,0.0,0.0,0.0,1.0
"Cortical dysplasia, complex, with other brain malformations 2 (CDCBM2) [MIM:615282]",3,0,0.0,0.0,0.0,0.0,0.0,0.0
"Cortical dysplasia, complex, with other brain malformations 4 (CDCBM4) [MIM:615412]",2,0,0.0,0.0,0.0,0.0,0.0,0.0
Corticosterone methyloxidase 2 deficiency (CMO-2 deficiency) [MIM:610600],3,3,1.0,2.0,0.3333333333333333,0.3333333333333333,0.3333333333333333,1.0
Cortisone reductase deficiency 1 (CORTRD1) [MIM:604931],1,0,0.0,0.0,0.0,0.0,0.0,0.0
Costello syndrome (CSTLO) [MIM:218040],7,5,0.7142857142857143,0.7142857142857143,0.0,0.7142857142857143,0.0,0.0
Coumarin resistance (CMRES) [MIM:122700],1,0,0.0,0.0,0.0,0.0,0.0,0.0
Cowden syndrome 1 (CWS1) [MIM:158350],14,1,0.07142857142857142,0.07142857142857142,0.0,0.07142857142857142,0.0,0.0
Cowden syndrome 5 (CWS5) [MIM:615108],5,3,0.6,1.2,0.4,0.2,0.0,0.6
Cowden syndrome 6 (CWS6) [MIM:615109],1,1,1.0,2.0,0.0,1.0,0.0,1.0
Craniodiaphyseal dysplasia autosomal dominant (CDD) [MIM:122860],1,1,1.0,4.0,1.0,1.0,1.0,1.0
Cranioectodermal dysplasia 1 (CED1) [MIM:218330],2,1,0.5,0.5,0.0,0.0,0.0,0.5
Cranioectodermal dysplasia 2 (CED2) [MIM:613610],1,0,0.0,0.0,0.0,0.0,0.0,0.0
Craniofrontonasal syndrome (CFNS) [MIM:304110],5,0,0.0,0.0,0.0,0.0,0.0,0.0
Craniosynostosis 1 (CRS1) [MIM:123100],1,0,0.0,0.0,0.0,0.0,0.0,0.0
Craniosynostosis and dental anomalies (CRSDA) [MIM:614188],2,1,0.5,0.5,0.0,0.0,0.0,0.5
Creutzfeldt-Jakob disease (CJD) [MIM:123400],2,1,0.5,1.5,0.5,0.5,0.5,0.0
Crigler-Najjar syndrome 1 (CN1) [MIM:218800],5,1,0.2,0.4,0.0,0.2,0.0,0.2
Crigler-Najjar syndrome 2 (CN2) [MIM:606785],4,2,0.5,0.5,0.0,0.0,0.0,0.5
Crisponi/Cold-induced sweating syndrome 1 (CISS1) [MIM:272430],1,0,0.0,0.0,0.0,0.0,0.0,0.0
Crouzon syndrome (CS) [MIM:123500],18,3,0.16666666666666666,0.2777777777777778,0.05555555555555555,0.16666666666666666,0.0,0.05555555555555555
Crouzon syndrome with acanthosis nigricans (CAN) [MIM:612247],1,1,1.0,3.0,1.0,1.0,0.0,1.0
Cryohydrocytosis (CHC) [MIM:185020],1,0,0.0,0.0,0.0,0.0,0.0,0.0
"Cryptophthalmos, unilateral or bilateral, isolated (CRYPTOP) [MIM:123570]",1,1,1.0,1.0,0.0,0.0,0.0,1.0
Cryptorchidism (CRYPTO) [MIM:219050],2,2,1.0,4.0,1.0,1.0,1.0,1.0
Curry-Jones syndrome (CRJS) [MIM:601707],1,1,1.0,2.0,1.0,1.0,0.0,0.0
"Cutis laxa, autosomal dominant, 3 (ADCL3) [MIM:616603]",2,0,0.0,0.0,0.0,0.0,0.0,0.0
"Cutis laxa, autosomal recessive, 1A (ARCL1A) [MIM:219100]",1,0,0.0,0.0,0.0,0.0,0.0,0.0
"Cutis laxa, autosomal recessive, 2B (ARCL2B) [MIM:612940]",2,1,0.5,0.5,0.0,0.5,0.0,0.0
"Cutis laxa, autosomal recessive, 2C (ARCL2C) [MIM:617402]",1,0,0.0,0.0,0.0,0.0,0.0,0.0
"Cutis laxa, autosomal recessive, 2D (ARCL2D) [MIM:617403]",1,0,0.0,0.0,0.0,0.0,0.0,0.0
"Cutis laxa, autosomal recessive, 3A (ARCL3A) [MIM:219150]",2,0,0.0,0.0,0.0,0.0,0.0,0.0
"Cutis laxa, autosomal recessive, 3B (ARCL3B) [MIM:614438]",1,0,0.0,0.0,0.0,0.0,0.0,0.0
Cyanosis transient neonatal (TNCY) [MIM:613977],1,0,0.0,0.0,0.0,0.0,0.0,0.0
Cyclic haematopoiesis (CH) [MIM:162800],3,1,0.3333333333333333,1.0,0.3333333333333333,0.0,0.3333333333333333,0.3333333333333333
Cystathionine beta-synthase deficiency (CBSD) [MIM:236200],32,8,0.25,0.4375,0.09375,0.25,0.0625,0.03125
Cystathioninuria (CSTNU) [MIM:219500],1,0,0.0,0.0,0.0,0.0,0.0,0.0
Cystic fibrosis (CF) [MIM:219700],51,13,0.2549019607843137,0.39215686274509803,0.11764705882352941,0.19607843137254902,0.058823529411764705,0.0196078431372549
"Cystinosis, nephropathic type (CTNS) [MIM:219800]",3,0,0.0,0.0,0.0,0.0,0.0,0.0
Cystinuria (CSNU) [MIM:220100],20,3,0.15,0.2,0.05,0.15,0.0,0.0
D-2-hydroxyglutaric aciduria 2 (D2HGA2) [MIM:613657],2,0,0.0,0.0,0.0,0.0,0.0,0.0
D-bifunctional protein deficiency (DBPD) [MIM:261515],1,0,0.0,0.0,0.0,0.0,0.0,0.0
D-lactic aciduria with gout (DLACD) [MIM:245450],1,0,0.0,0.0,0.0,0.0,0.0,0.0
DEEAH syndrome (DEEAH) [MIM:619004],1,0,0.0,0.0,0.0,0.0,0.0,0.0
Darier disease (DD) [MIM:124200],2,0,0.0,0.0,0.0,0.0,0.0,0.0
"Deafness with labyrinthine aplasia, microtia and microdontia (LAMM) [MIM:610706]",1,1,1.0,2.0,0.0,1.0,0.0,1.0
"Deafness, autosomal dominant 22, with hypertrophic cardiomyopathy (DFNHCM) [MIM:606346]",1,0,0.0,0.0,0.0,0.0,0.0,0.0
"Deafness, autosomal dominant, 11 (DFNA11) [MIM:601317]",2,1,0.5,0.5,0.0,0.5,0.0,0.0
"Deafness, autosomal dominant, 12 (DFNA12) [MIM:601543]",8,2,0.25,0.625,0.25,0.125,0.0,0.25
"Deafness, autosomal dominant, 17 (DFNA17) [MIM:603622]",1,0,0.0,0.0,0.0,0.0,0.0,0.0
"Deafness, autosomal dominant, 2A (DFNA2A) [MIM:600101]",2,0,0.0,0.0,0.0,0.0,0.0,0.0
"Deafness, autosomal dominant, 2B (DFNA2B) [MIM:612644]",1,1,1.0,4.0,1.0,1.0,1.0,1.0
"Deafness, autosomal dominant, 3A (DFNA3A) [MIM:601544]",4,1,0.25,0.25,0.25,0.0,0.0,0.0
"Deafness, autosomal dominant, 6 (DFNA6) [MIM:600965]",5,3,0.6,1.0,0.4,0.2,0.2,0.2
"Deafness, autosomal dominant, 70 (DFNA70) [MIM:616968]",1,1,1.0,2.0,1.0,0.0,0.0,1.0
"Deafness, autosomal dominant, 87 (DFNA87) [MIM:620281]",1,1,1.0,4.0,1.0,1.0,1.0,1.0
"Deafness, autosomal dominant, 9 (DFNA9) [MIM:601369]",3,2,0.6666666666666666,0.6666666666666666,0.0,0.6666666666666666,0.0,0.0
"Deafness, autosomal recessive, 12 (DFNB12) [MIM:601386]",3,2,0.6666666666666666,1.0,0.3333333333333333,0.3333333333333333,0.0,0.3333333333333333
"Deafness, autosomal recessive, 1A (DFNB1A) [MIM:220290]",8,1,0.125,0.125,0.125,0.0,0.0,0.0
"Deafness, autosomal recessive, 32, with or without immotile sperm (DFNB32) [MIM:608653]",1,0,0.0,0.0,0.0,0.0,0.0,0.0
"Deafness, autosomal recessive, 35 (DFNB35) [MIM:608565]",2,1,0.5,1.0,0.5,0.5,0.0,0.0
"Deafness, autosomal recessive, 4 (DFNB4) [MIM:600791]",4,0,0.0,0.0,0.0,0.0,0.0,0.0
"Deafness, autosomal recessive, 48 (DFNB48) [MIM:609439]",1,0,0.0,0.0,0.0,0.0,0.0,0.0
"Deafness, autosomal recessive, 57 (DFNB57) [MIM:618003]",1,0,0.0,0.0,0.0,0.0,0.0,0.0
"Deafness, autosomal recessive, 59 (DFNB59) [MIM:610220]",2,2,1.0,1.0,0.0,0.0,0.0,1.0
"Deafness, autosomal recessive, 7 (DFNB7) [MIM:600974]",1,1,1.0,3.0,1.0,1.0,0.0,1.0
"Deafness, autosomal recessive, 8 (DFNB8) [MIM:601072]",3,1,0.3333333333333333,0.6666666666666666,0.3333333333333333,0.3333333333333333,0.0,0.0
"Deafness, autosomal recessive, 89 (DFNB89) [MIM:613916]",1,0,0.0,0.0,0.0,0.0,0.0,0.0
"Deafness, autosomal recessive, 9 (DFNB9) [MIM:601071]",4,1,0.25,0.75,0.25,0.25,0.0,0.25
"Deafness, congenital, and adult-onset progressive leukoencephalopathy (DEAPLE) [MIM:619196]",1,0,0.0,0.0,0.0,0.0,0.0,0.0
Dehydrated hereditary stomatocytosis 1 with or without pseudohyperkalemia and/or perinatal edema (DHS1) [MIM:194380],4,3,0.75,1.75,0.5,0.25,0.25,0.75
Dejerine-Sottas syndrome (DSS) [MIM:145900],7,2,0.2857142857142857,0.2857142857142857,0.0,0.2857142857142857,0.0,0.0
Delpire-McNeill syndrome (DELMNES) [MIM:619083],2,1,0.5,1.5,0.5,0.5,0.0,0.5
Dent disease 2 (DENT2) [MIM:300555],2,0,0.0,0.0,0.0,0.0,0.0,0.0
Desbuquois dysplasia 1 (DBQD1) [MIM:251450],2,0,0.0,0.0,0.0,0.0,0.0,0.0
Developmental and epileptic encephalopathy 100 (DEE100) [MIM:619777],2,2,1.0,2.0,0.0,1.0,0.0,1.0
Developmental and epileptic encephalopathy 103 (DEE103) [MIM:619913],1,0,0.0,0.0,0.0,0.0,0.0,0.0
Developmental and epileptic encephalopathy 108 (DEE108) [MIM:620115],1,0,0.0,0.0,0.0,0.0,0.0,0.0
Developmental and epileptic encephalopathy 11 (DEE11) [MIM:613721],5,2,0.4,0.4,0.0,0.4,0.0,0.0
Developmental and epileptic encephalopathy 112 (DEE112) [MIM:620537],1,0,0.0,0.0,0.0,0.0,0.0,0.0
Developmental and epileptic encephalopathy 13 (DEE13) [MIM:614558],11,2,0.18181818181818182,0.36363636363636365,0.18181818181818182,0.18181818181818182,0.0,0.0
Developmental and epileptic encephalopathy 14 (DEE14) [MIM:614959],3,3,1.0,2.3333333333333335,0.6666666666666666,0.6666666666666666,0.3333333333333333,0.6666666666666666
Developmental and epileptic encephalopathy 17 (DEE17) [MIM:615473],1,0,0.0,0.0,0.0,0.0,0.0,0.0
Developmental and epileptic encephalopathy 19 (DEE19) [MIM:615744],2,1,0.5,1.0,0.5,0.5,0.0,0.0
Developmental and epileptic encephalopathy 2 (DEE2) [MIM:300672],2,1,0.5,0.5,0.5,0.0,0.0,0.0
Developmental and epileptic encephalopathy 24 (DEE24) [MIM:615871],2,1,0.5,0.5,0.0,0.5,0.0,0.0
"Developmental and epileptic encephalopathy 25, with amelogenesis imperfecta (DEE25) [MIM:615905]",2,0,0.0,0.0,0.0,0.0,0.0,0.0
Developmental and epileptic encephalopathy 26 (DEE26) [MIM:616056],2,0,0.0,0.0,0.0,0.0,0.0,0.0
Developmental and epileptic encephalopathy 28 (DEE28) [MIM:616211],1,0,0.0,0.0,0.0,0.0,0.0,0.0
Developmental and epileptic encephalopathy 29 (DEE29) [MIM:616339],2,0,0.0,0.0,0.0,0.0,0.0,0.0
Developmental and epileptic encephalopathy 31A (DEE31A) [MIM:616346],1,0,0.0,0.0,0.0,0.0,0.0,0.0
Developmental and epileptic encephalopathy 32 (DEE32) [MIM:616366],3,0,0.0,0.0,0.0,0.0,0.0,0.0
Developmental and epileptic encephalopathy 36 (DEE36) [MIM:300884],1,1,1.0,1.0,0.0,0.0,0.0,1.0
Developmental and epileptic encephalopathy 39 with leukodystrophy (DEE39) [MIM:612949],1,0,0.0,0.0,0.0,0.0,0.0,0.0
Developmental and epileptic encephalopathy 4 (DEE4) [MIM:612164],2,0,0.0,0.0,0.0,0.0,0.0,0.0
Developmental and epileptic encephalopathy 43 (DEE43) [MIM:617113],5,1,0.2,0.2,0.0,0.2,0.0,0.0
Developmental and epileptic encephalopathy 44 (DEE44) [MIM:617132],1,1,1.0,2.0,0.0,1.0,0.0,1.0
Developmental and epileptic encephalopathy 5 (DEE5) [MIM:613477],1,0,0.0,0.0,0.0,0.0,0.0,0.0
Developmental and epileptic encephalopathy 56 (DEE56) [MIM:617665],1,0,0.0,0.0,0.0,0.0,0.0,0.0
Developmental and epileptic encephalopathy 59 (DEE59) [MIM:617904],2,0,0.0,0.0,0.0,0.0,0.0,0.0
Developmental and epileptic encephalopathy 64 (DEE64) [MIM:618004],2,2,1.0,1.5,0.5,0.0,0.0,1.0
Developmental and epileptic encephalopathy 66 (DEE66) [MIM:618067],1,1,1.0,2.0,0.0,1.0,0.0,1.0
Developmental and epileptic encephalopathy 67 (DEE67) [MIM:618141],1,0,0.0,0.0,0.0,0.0,0.0,0.0
Developmental and epileptic encephalopathy 69 (DEE69) [MIM:618285],6,2,0.3333333333333333,0.5,0.16666666666666666,0.3333333333333333,0.0,0.0
Developmental and epileptic encephalopathy 7 (DEE7) [MIM:613720],4,3,0.75,0.75,0.0,0.75,0.0,0.0
Developmental and epileptic encephalopathy 74 (DEE74) [MIM:618396],1,0,0.0,0.0,0.0,0.0,0.0,0.0
Developmental and epileptic encephalopathy 8 (DEE8) [MIM:300607],1,1,1.0,1.0,1.0,0.0,0.0,0.0
Developmental and epileptic encephalopathy 81 (DEE81) [MIM:618663],1,0,0.0,0.0,0.0,0.0,0.0,0.0
Developmental and epileptic encephalopathy 82 (DEE82) [MIM:618721],1,0,0.0,0.0,0.0,0.0,0.0,0.0
Developmental and epileptic encephalopathy 87 (DEE87) [MIM:618916],2,0,0.0,0.0,0.0,0.0,0.0,0.0
Developmental and epileptic encephalopathy 9 (DEE9) [MIM:300088],7,1,0.14285714285714285,0.14285714285714285,0.0,0.0,0.0,0.14285714285714285
Developmental and epileptic encephalopathy 98 (DEE98) [MIM:619605],1,0,0.0,0.0,0.0,0.0,0.0,0.0
Developmental and epileptic encephalopathy 99 (DEE99) [MIM:619606],1,0,0.0,0.0,0.0,0.0,0.0,0.0
Developmental delay with variable neurologic and brain abnormalities (DENBA) [MIM:619694],1,0,0.0,0.0,0.0,0.0,0.0,0.0
"Developmental delay, dysmorphic facies, and brain anomalies (DEVDFB) [MIM:620535]",1,1,1.0,1.0,0.0,0.0,0.0,1.0
"Developmental delay, hypotonia, and impaired language (DEDHIL) [MIM:620012]",2,0,0.0,0.0,0.0,0.0,0.0,0.0
"Developmental delay, impaired growth, dysmorphic facies, and axonal neuropathy (DIGFAN) [MIM:619090]",3,1,0.3333333333333333,0.3333333333333333,0.0,0.0,0.0,0.3333333333333333
"Developmental delay, impaired speech, and behavioral abnormalities (DDISBA) [MIM:619475]",4,4,1.0,1.5,0.25,0.5,0.0,0.75
"Developmental delay, language impairment, and ocular abnormalities (DEVLO) [MIM:620141]",1,0,0.0,0.0,0.0,0.0,0.0,0.0
"Diabetes insipidus, nephrogenic, 1, X-linked (NDI1) [MIM:304800]",3,2,0.6666666666666666,1.6666666666666667,0.3333333333333333,0.3333333333333333,0.3333333333333333,0.6666666666666666
"Diabetes insipidus, nephrogenic, 2, autosomal (NDI2) [MIM:125800]",6,3,0.5,0.8333333333333334,0.3333333333333333,0.3333333333333333,0.0,0.16666666666666666
"Diabetes insipidus, neurohypophyseal (NDI) [MIM:125700]",5,0,0.0,0.0,0.0,0.0,0.0,0.0
"Diabetes mellitus, permanent neonatal, 1 (PNDM1) [MIM:606176]",6,2,0.3333333333333333,0.3333333333333333,0.0,0.3333333333333333,0.0,0.0
"Diabetes mellitus, permanent neonatal, 3 (PNDM3) [MIM:618857]",4,1,0.25,0.5,0.25,0.25,0.0,0.0
"Diabetes mellitus, permanent neonatal, 4 (PNDM4) [MIM:618858]",3,0,0.0,0.0,0.0,0.0,0.0,0.0
Diamond-Blackfan anemia 10 (DBA10) [MIM:613309],1,1,1.0,1.0,0.0,1.0,0.0,0.0
Diamond-Blackfan anemia 21 (DBA21) [MIM:620072],1,1,1.0,1.0,0.0,0.0,0.0,1.0
Diamond-Blackfan anemia-like (DBAL) [MIM:617911],1,1,1.0,1.0,0.0,0.0,0.0,1.0
"Diarrhea 1, secretory chloride, congenital (DIAR1) [MIM:214700]",12,0,0.0,0.0,0.0,0.0,0.0,0.0
"Diarrhea 10, protein-losing enteropathy type (DIAR10) [MIM:618183]",1,0,0.0,0.0,0.0,0.0,0.0,0.0
"Diarrhea 2, with microvillus atrophy, with or without cholestasis (DIAR2) [MIM:251850]",7,1,0.14285714285714285,0.14285714285714285,0.0,0.14285714285714285,0.0,0.0
"Diarrhea 3, secretory sodium, congenital, with or without other congenital anomalies (DIAR3) [MIM:270420]",2,0,0.0,0.0,0.0,0.0,0.0,0.0
Diarrhea 6 (DIAR6) [MIM:614616],1,0,0.0,0.0,0.0,0.0,0.0,0.0
"Diarrhea 8, secretory sodium, congenital (DIAR8) [MIM:616868]",1,1,1.0,1.0,0.0,0.0,0.0,1.0
Diets-Jongmans syndrome (DIJOS) [MIM:618846],1,0,0.0,0.0,0.0,0.0,0.0,0.0
Diffuse gastric and lobular breast cancer syndrome (DGLBC) [MIM:137215],1,1,1.0,4.0,1.0,1.0,1.0,1.0
"Digital arthropathy-brachydactyly, familial (FDAB) [MIM:606835]",1,0,0.0,0.0,0.0,0.0,0.0,0.0
"Digital clubbing, isolated congenital (DIGC) [MIM:119900]",1,1,1.0,1.0,0.0,1.0,0.0,0.0
Dihydrolipoamide dehydrogenase deficiency (DLDD) [MIM:246900],4,0,0.0,0.0,0.0,0.0,0.0,0.0
Dihydropyrimidinase deficiency (DPYSD) [MIM:222748],1,0,0.0,0.0,0.0,0.0,0.0,0.0
Dihydropyrimidine dehydrogenase deficiency (DPYDD) [MIM:274270],1,0,0.0,0.0,0.0,0.0,0.0,0.0
Disordered steroidogenesis due to cytochrome P450 oxidoreductase deficiency (DISPORD) [MIM:613571],2,0,0.0,0.0,0.0,0.0,0.0,0.0
Dominant optic atrophy plus syndrome (DOA+) [MIM:125250],4,1,0.25,0.25,0.25,0.0,0.0,0.0
Dominantly inherited venous malformations (VMCM) [MIM:600195],2,0,0.0,0.0,0.0,0.0,0.0,0.0
Dowling-Degos disease 4 (DDD4) [MIM:615696],1,0,0.0,0.0,0.0,0.0,0.0,0.0
Dravet syndrome (DRVT) [MIM:607208],66,7,0.10606060606060606,0.12121212121212122,0.015151515151515152,0.09090909090909091,0.015151515151515152,0.0
Duane retraction syndrome 2 (DURS2) [MIM:604356],2,2,1.0,2.0,0.5,0.0,0.5,1.0
Duchenne muscular dystrophy (DMD) [MIM:310200],3,1,0.3333333333333333,0.6666666666666666,0.3333333333333333,0.0,0.0,0.3333333333333333
Dyschromatosis symmetrica hereditaria (DSH) [MIM:127400],1,0,0.0,0.0,0.0,0.0,0.0,0.0
Dyschromatosis universalis hereditaria 1 (DUH1) [MIM:127500],1,1,1.0,1.0,0.0,0.0,0.0,1.0
Dyschromatosis universalis hereditaria 3 (DUH3) [MIM:615402],1,1,1.0,1.0,0.0,1.0,0.0,0.0
"Dysfibrinogenemia, congenital (DYSFIBRIN) [MIM:616004]",3,1,0.3333333333333333,0.3333333333333333,0.0,0.0,0.0,0.3333333333333333
"Dyskeratosis congenita, X-linked (DKCX) [MIM:305000]",6,1,0.16666666666666666,0.16666666666666666,0.0,0.16666666666666666,0.0,0.0
"Dyskeratosis congenita, autosomal dominant, 3 (DKCA3) [MIM:613990]",4,1,0.25,0.25,0.0,0.25,0.0,0.0
"Dyskeratosis congenita, autosomal dominant, 4 (DKCA4) [MIM:615190]",1,0,0.0,0.0,0.0,0.0,0.0,0.0
"Dyskeratosis congenita, autosomal dominant, 5 (DKCA5) [MIM:268130]",1,0,0.0,0.0,0.0,0.0,0.0,0.0
"Dyskeratosis congenita, autosomal recessive, 3 (DKCB3) [MIM:613988]",3,1,0.3333333333333333,1.0,0.0,0.3333333333333333,0.3333333333333333,0.3333333333333333
"Dyskeratosis congenita, autosomal recessive, 4 (DKCB4) [MIM:613989]",3,1,0.3333333333333333,1.3333333333333333,0.3333333333333333,0.3333333333333333,0.3333333333333333,0.3333333333333333
"Dyskeratosis congenita, autosomal recessive, 5 (DKCB5) [MIM:615190]",1,1,1.0,1.0,0.0,0.0,0.0,1.0
"Dyskeratosis congenita, autosomal recessive, 6 (DKCB6) [MIM:616353]",2,0,0.0,0.0,0.0,0.0,0.0,0.0
"Dyskinesia with orofacial involvement, autosomal recessive (DSKOR) [MIM:619647]",2,1,0.5,0.5,0.0,0.5,0.0,0.0
"Dystonia 1, torsion, autosomal dominant (DYT1) [MIM:128100]",1,0,0.0,0.0,0.0,0.0,0.0,0.0
"Dystonia 11, myoclonic (DYT11) [MIM:159900]",1,0,0.0,0.0,0.0,0.0,0.0,0.0
Dystonia 12 (DYT12) [MIM:128235],5,1,0.2,0.2,0.0,0.2,0.0,0.0
Dystonia 24 (DYT24) [MIM:615034],1,0,0.0,0.0,0.0,0.0,0.0,0.0
Dystonia 25 (DYT25) [MIM:615073],1,0,0.0,0.0,0.0,0.0,0.0,0.0
Dystonia 27 (DYT27) [MIM:616411],1,0,0.0,0.0,0.0,0.0,0.0,0.0
"Dystonia 6, torsion (DYT6) [MIM:602629]",7,4,0.5714285714285714,1.2857142857142858,0.42857142857142855,0.2857142857142857,0.14285714285714285,0.42857142857142855
"Dystonia, childhood-onset, with optic atrophy and basal ganglia abnormalities (DYTOABG) [MIM:617282]",1,0,0.0,0.0,0.0,0.0,0.0,0.0
"Dystonia, dopa-responsive (DRD) [MIM:128230]",3,2,0.6666666666666666,1.6666666666666667,0.6666666666666666,0.6666666666666666,0.3333333333333333,0.0
"Ectodermal dysplasia 1, hypohidrotic, X-linked (XHED) [MIM:305100]",5,0,0.0,0.0,0.0,0.0,0.0,0.0
"Ectodermal dysplasia 10B, hypohidrotic/hair/tooth type, autosomal recessive (ECTD10B) [MIM:224900]",2,0,0.0,0.0,0.0,0.0,0.0,0.0
"Ectodermal dysplasia 2, Clouston type (ECTD2) [MIM:129500]",1,0,0.0,0.0,0.0,0.0,0.0,0.0
Ectodermal dysplasia and immunodeficiency 1 (EDAID1) [MIM:300291],1,0,0.0,0.0,0.0,0.0,0.0,0.0
Ectodermal dysplasia/short stature syndrome (ECTDS) [MIM:616029],2,1,0.5,1.0,0.0,0.5,0.0,0.5
"Ectopia lentis 1, isolated, autosomal dominant (ECTOL1) [MIM:129600]",2,0,0.0,0.0,0.0,0.0,0.0,0.0
"Ectrodactyly, ectodermal dysplasia, and cleft lip/palate syndrome 3 (EEC3) [MIM:604292]",3,0,0.0,0.0,0.0,0.0,0.0,0.0
"Ehlers-Danlos syndrome, classic type, 1 (EDSCL1) [MIM:130000]",5,4,0.8,0.8,0.0,0.8,0.0,0.0
"Ehlers-Danlos syndrome, classic type, 2 (EDSCL2) [MIM:130010]",1,0,0.0,0.0,0.0,0.0,0.0,0.0
"Ehlers-Danlos syndrome, kyphoscoliotic type, 1 (EDSKSCL1) [MIM:225400]",1,0,0.0,0.0,0.0,0.0,0.0,0.0
"Ehlers-Danlos syndrome, musculocontractural type 1 (EDSMC1) [MIM:601776]",1,0,0.0,0.0,0.0,0.0,0.0,0.0
"Ehlers-Danlos syndrome, periodontal type, 1 (EDSPD1) [MIM:130080]",1,0,0.0,0.0,0.0,0.0,0.0,0.0
"Ehlers-Danlos syndrome, vascular type (EDSVASC) [MIM:130050]",30,1,0.03333333333333333,0.03333333333333333,0.0,0.03333333333333333,0.0,0.0
Elliptocytosis 3 (EL3) [MIM:617948],3,0,0.0,0.0,0.0,0.0,0.0,0.0
Ellis-van Creveld syndrome (EVC) [MIM:225500],4,2,0.5,0.5,0.0,0.0,0.0,0.5
"Emery-Dreifuss muscular dystrophy 1, X-linked (EDMD1) [MIM:310300]",1,1,1.0,1.0,0.0,0.0,0.0,1.0
"Emery-Dreifuss muscular dystrophy 2, autosomal dominant (EDMD2) [MIM:181350]",20,8,0.4,0.55,0.2,0.3,0.0,0.05
"Emery-Dreifuss muscular dystrophy 3, autosomal recessive (EDMD3) [MIM:616516]",1,1,1.0,1.0,0.0,1.0,0.0,0.0
"Emery-Dreifuss muscular dystrophy 5, autosomal dominant (EDMD5) [MIM:612999]",1,1,1.0,2.0,0.0,1.0,0.0,1.0
"Emery-Dreifuss muscular dystrophy 6, X-linked (EDMD6) [MIM:300696]",1,0,0.0,0.0,0.0,0.0,0.0,0.0
Encephalocraniocutaneous lipomatosis (ECCL) [MIM:613001],1,0,0.0,0.0,0.0,0.0,0.0,0.0
Encephalopathy due to defective mitochondrial and peroxisomal fission 1 (EMPF1) [MIM:614388],2,0,0.0,0.0,0.0,0.0,0.0,0.0
"Encephalopathy, acute, infection-induced, 8, herpes-specific (IIAE8) [MIM:617900]",1,0,0.0,0.0,0.0,0.0,0.0,0.0
"Encephalopathy, neonatal severe, with lactic acidosis and brain abnormalities (NELABA) [MIM:617668]",1,0,0.0,0.0,0.0,0.0,0.0,0.0
"Encephalopathy, porphyria-related (ENCEP) [MIM:620704]",1,0,0.0,0.0,0.0,0.0,0.0,0.0
"Encephalopathy, progressive, early-onset, with brain atrophy and thin corpus callosum (PEBAT) [MIM:617193]",2,1,0.5,0.5,0.0,0.0,0.0,0.5
"Encephalopathy, progressive, early-onset, with brain edema and/or leukoencephalopathy, 2 (PEBEL2) [MIM:618321]",1,1,1.0,1.0,0.0,0.0,0.0,1.0
"Encephalopathy, progressive, with amyotrophy and optic atrophy (PEAMO) [MIM:617207]",1,1,1.0,1.0,0.0,0.0,0.0,1.0
Endometrial cancer (ENDMC) [MIM:608089],2,0,0.0,0.0,0.0,0.0,0.0,0.0
Eosinophil peroxidase deficiency (EPXD) [MIM:261500],1,0,0.0,0.0,0.0,0.0,0.0,0.0
"Epidermolysis bullosa dystrophica, autosomal dominant (DDEB) [MIM:131750]",3,0,0.0,0.0,0.0,0.0,0.0,0.0
"Epidermolysis bullosa dystrophica, autosomal recessive (RDEB) [MIM:226600]",11,4,0.36363636363636365,0.36363636363636365,0.09090909090909091,0.2727272727272727,0.0,0.0
"Epidermolysis bullosa dystrophica, with subcorneal cleavage (EBDSC) [MIM:131750]",1,0,0.0,0.0,0.0,0.0,0.0,0.0
Epidermolysis bullosa pruriginosa (EBP) [MIM:604129],1,0,0.0,0.0,0.0,0.0,0.0,0.0
"Epidermolysis bullosa simplex 1A, generalized severe (EBS1A) [MIM:131760]",5,0,0.0,0.0,0.0,0.0,0.0,0.0
"Epidermolysis bullosa simplex 1B, generalized intermediate (EBS1B) [MIM:131900]",6,3,0.5,0.8333333333333334,0.16666666666666666,0.5,0.0,0.16666666666666666
"Epidermolysis bullosa simplex 1C, localized (EBS1C) [MIM:131800]",2,2,1.0,1.0,0.0,1.0,0.0,0.0
"Epidermolysis bullosa simplex 2A, generalized severe (EBS2A) [MIM:619555]",4,0,0.0,0.0,0.0,0.0,0.0,0.0
"Epidermolysis bullosa simplex 2B, generalized intermediate (EBS2B) [MIM:619588]",4,1,0.25,1.0,0.25,0.25,0.25,0.25
"Epidermolysis bullosa simplex 2C, localized (EBS2C) [MIM:619594]",6,1,0.16666666666666666,0.16666666666666666,0.0,0.16666666666666666,0.0,0.0
"Epidermolysis bullosa simplex 5A, Ogna type (EBS5A) [MIM:131950]",1,0,0.0,0.0,0.0,0.0,0.0,0.0
"Epidermolysis bullosa, junctional 5B, with pyloric atresia (JEB5B) [MIM:226730]",2,0,0.0,0.0,0.0,0.0,0.0,0.0
"Epidermolysis bullosa, junctional 7, with interstitial lung disease and nephrotic syndrome (JEB7) [MIM:614748]",1,1,1.0,1.0,0.0,0.0,0.0,1.0
Epidermolytic hyperkeratosis 1 (EHK1) [MIM:113800],7,0,0.0,0.0,0.0,0.0,0.0,0.0
Epidermolytic hyperkeratosis 2A (EHK2A) [MIM:620150],8,0,0.0,0.0,0.0,0.0,0.0,0.0
"Epilepsy, childhood absence 6 (ECA6) [MIM:611942]",1,1,1.0,2.0,0.0,0.0,1.0,1.0
"Epilepsy, early-onset, 3, with or without developmental delay (EPEO3) [MIM:620465]",1,1,1.0,1.0,0.0,0.0,0.0,1.0
"Epilepsy, early-onset, 4, vitamin B6-dependent (EPEO4) [MIM:266100]",2,0,0.0,0.0,0.0,0.0,0.0,0.0
"Epilepsy, familial focal, with variable foci 1 (FFEVF1) [MIM:604364]",4,3,0.75,1.5,0.25,0.5,0.0,0.75
"Epilepsy, familial temporal lobe, 1 (ETL1) [MIM:600512]",5,1,0.2,0.2,0.0,0.0,0.0,0.2
"Epilepsy, familial temporal lobe, 7 (ETL7) [MIM:616436]",2,2,1.0,1.0,0.0,0.0,0.0,1.0
"Epilepsy, focal, with speech disorder and with or without impaired intellectual development (FESD) [MIM:245570]",6,2,0.3333333333333333,0.8333333333333334,0.16666666666666666,0.3333333333333333,0.0,0.3333333333333333
"Epilepsy, idiopathic generalized 12 (EIG12) [MIM:614847]",1,1,1.0,3.0,1.0,1.0,0.0,1.0
"Epilepsy, idiopathic generalized 17 (EIG17) [MIM:602477]",2,1,0.5,1.0,0.5,0.5,0.0,0.0
"Epilepsy, nocturnal frontal lobe, 1 (ENFL1) [MIM:600513]",1,0,0.0,0.0,0.0,0.0,0.0,0.0
"Epilepsy, nocturnal frontal lobe, 3 (ENFL3) [MIM:605375]",1,0,0.0,0.0,0.0,0.0,0.0,0.0
"Epilepsy, progressive myoclonic 1 (EPM1) [MIM:254800]",1,0,0.0,0.0,0.0,0.0,0.0,0.0
"Epilepsy, progressive myoclonic 10 (EPM10) [MIM:616640]",1,1,1.0,1.0,0.0,0.0,0.0,1.0
"Epilepsy, progressive myoclonic 1B (EPM1B) [MIM:612437]",2,0,0.0,0.0,0.0,0.0,0.0,0.0
"Epilepsy, progressive myoclonic 4, with or without renal failure (EPM4) [MIM:254900]",1,0,0.0,0.0,0.0,0.0,0.0,0.0
"Epilepsy, progressive myoclonic 6 (EPM6) [MIM:614018]",1,0,0.0,0.0,0.0,0.0,0.0,0.0
"Epilepsy, progressive myoclonic 8 (EPM8) [MIM:616230]",1,1,1.0,1.0,0.0,0.0,1.0,0.0
"Epileptic encephalopathy, infantile or early childhood, 1 (IECEE1) [MIM:617711]",1,1,1.0,1.0,0.0,0.0,0.0,1.0
"Epileptic encephalopathy, infantile or early childhood, 3 (IECEE3) [MIM:618012]",1,0,0.0,0.0,0.0,0.0,0.0,0.0
"Epiphyseal chondrodysplasia, Miura type (ECDM) [MIM:615923]",1,0,0.0,0.0,0.0,0.0,0.0,0.0
"Epiphyseal dysplasia, multiple, 7 (EDM7) [MIM:617719]",1,1,1.0,1.0,0.0,1.0,0.0,0.0
Episodic ataxia 1 (EA1) [MIM:160120],5,1,0.2,0.2,0.0,0.2,0.0,0.0
Episodic ataxia 2 (EA2) [MIM:108500],1,0,0.0,0.0,0.0,0.0,0.0,0.0
Episodic ataxia 5 (EA5) [MIM:613855],1,1,1.0,1.0,1.0,0.0,0.0,0.0
Episodic ataxia 9 (EA9) [MIM:618924],1,0,0.0,0.0,0.0,0.0,0.0,0.0
Episodic kinesigenic dyskinesia 1 (EKD1) [MIM:128200],3,0,0.0,0.0,0.0,0.0,0.0,0.0
"Episodic pain syndrome, familial, 3 (FEPS3) [MIM:615552]",1,0,0.0,0.0,0.0,0.0,0.0,0.0
"Erythrocytosis, familial, 1 (ECYT1) [MIM:133100]",2,2,1.0,2.5,0.0,1.0,0.5,1.0
"Erythrocytosis, familial, 2 (ECYT2) [MIM:263400]",2,0,0.0,0.0,0.0,0.0,0.0,0.0
"Erythrocytosis, familial, 3 (ECYT3) [MIM:609820]",1,0,0.0,0.0,0.0,0.0,0.0,0.0
"Erythrocytosis, familial, 8 (ECYT8) [MIM:222800]",1,1,1.0,1.0,0.0,1.0,0.0,0.0
Erythrokeratodermia variabilis et progressiva 1 (EKVP1) [MIM:133200],1,0,0.0,0.0,0.0,0.0,0.0,0.0
Erythrokeratodermia variabilis et progressiva 2 (EKVP2) [MIM:617524],3,1,0.3333333333333333,1.0,0.3333333333333333,0.3333333333333333,0.3333333333333333,0.0
Erythrokeratodermia variabilis et progressiva 6 (EKVP6) [MIM:618531],1,1,1.0,1.0,0.0,0.0,0.0,1.0
"Exercise intolerance, riboflavin-responsive (RREI) [MIM:616839]",1,0,0.0,0.0,0.0,0.0,0.0,0.0
Fabry disease (FD) [MIM:301500],45,13,0.28888888888888886,0.4444444444444444,0.2222222222222222,0.08888888888888889,0.13333333333333333,0.0
"Facial clefting, oblique, 1 (OBLFC1) [MIM:600251]",1,0,0.0,0.0,0.0,0.0,0.0,0.0
"Facial paresis, hereditary congenital, 3 (HCFP3) [MIM:614744]",1,0,0.0,0.0,0.0,0.0,0.0,0.0
Factor II deficiency (FA2D) [MIM:613679],1,1,1.0,1.0,1.0,0.0,0.0,0.0
Factor V and factor VIII combined deficiency 2 (F5F8D2) [MIM:613625],3,1,0.3333333333333333,0.3333333333333333,0.0,0.3333333333333333,0.0,0.0
Factor VII deficiency (FA7D) [MIM:227500],18,5,0.2777777777777778,0.7222222222222222,0.2222222222222222,0.2222222222222222,0.16666666666666666,0.1111111111111111
Factor X deficiency (FA10D) [MIM:227600],8,3,0.375,0.5,0.25,0.125,0.0,0.125
Factor XI deficiency (FA11D) [MIM:612416],13,6,0.46153846153846156,0.9230769230769231,0.23076923076923078,0.23076923076923078,0.38461538461538464,0.07692307692307693
Factor XII deficiency (FA12D) [MIM:234000],4,1,0.25,0.25,0.25,0.0,0.0,0.0
Factor XIII subunit A deficiency (FA13AD) [MIM:613225],3,2,0.6666666666666666,0.6666666666666666,0.6666666666666666,0.0,0.0,0.0
Factor XIII subunit B deficiency (FA13BD) [MIM:613235],1,0,0.0,0.0,0.0,0.0,0.0,0.0
"Familial Mediterranean fever, autosomal dominant (ADFMF) [MIM:134610]",2,2,1.0,3.0,1.0,0.5,1.0,0.5
"Familial Mediterranean fever, autosomal recessive (ARFMF) [MIM:249100]",13,12,0.9230769230769231,2.6923076923076925,0.5384615384615384,0.5384615384615384,0.8461538461538461,0.7692307692307693
Familial adenomatous polyposis 1 (FAP1) [MIM:175100],1,1,1.0,2.0,1.0,0.0,1.0,0.0
Familial adenomatous polyposis 2 (FAP2) [MIM:608456],11,1,0.09090909090909091,0.18181818181818182,0.09090909090909091,0.09090909090909091,0.0,0.0
Familial atypical multiple mole melanoma-pancreatic carcinoma syndrome (FAMMMPC) [MIM:606719],1,0,0.0,0.0,0.0,0.0,0.0,0.0
Familial male precocious puberty (FMPP) [MIM:176410],4,1,0.25,0.25,0.0,0.0,0.0,0.25
Familial multiple endocrine neoplasia type I (MEN1) [MIM:131100],3,0,0.0,0.0,0.0,0.0,0.0,0.0
Familial non-Hodgkin lymphoma (NHL) [MIM:605027],1,1,1.0,2.0,0.0,0.0,1.0,1.0
Familial platelet disorder with associated myeloid malignancy (FPDMM) [MIM:601399],1,0,0.0,0.0,0.0,0.0,0.0,0.0
Familial porphyria cutanea tarda (FPCT) [MIM:176100],7,1,0.14285714285714285,0.2857142857142857,0.0,0.0,0.14285714285714285,0.14285714285714285
Familial spinal neurofibromatosis (FSNF) [MIM:162210],1,1,1.0,1.0,1.0,0.0,0.0,0.0
Fanconi anemia complementation group C (FANCC) [MIM:227645],1,1,1.0,1.0,0.0,0.0,0.0,1.0
Fanconi anemia complementation group I (FANCI) [MIM:609053],1,1,1.0,3.0,1.0,1.0,1.0,0.0
Fanconi anemia complementation group J (FANCJ) [MIM:609054],3,1,0.3333333333333333,1.3333333333333333,0.3333333333333333,0.3333333333333333,0.3333333333333333,0.3333333333333333
Fanconi anemia complementation group O (FANCO) [MIM:613390],2,1,0.5,0.5,0.0,0.0,0.0,0.5
Fanconi anemia complementation group Q (FANCQ) [MIM:615272],1,0,0.0,0.0,0.0,0.0,0.0,0.0
"Fanconi anemia, complementation group A (FANCA) [MIM:227650]",10,2,0.2,0.2,0.0,0.1,0.1,0.0
"Fanconi anemia, complementation group R (FANCR) [MIM:617244]",1,0,0.0,0.0,0.0,0.0,0.0,0.0
"Fanconi anemia, complementation group S (FANCS) [MIM:617883]",1,0,0.0,0.0,0.0,0.0,0.0,0.0
Fanconi renotubular syndrome 1 (FRTS1) [MIM:134600],2,2,1.0,2.0,0.0,1.0,0.0,1.0
Fanconi-Bickel syndrome (FBS) [MIM:227810],1,0,0.0,0.0,0.0,0.0,0.0,0.0
Farber lipogranulomatosis (FRBRL) [MIM:228000],3,0,0.0,0.0,0.0,0.0,0.0,0.0
"Febrile seizures, familial, 2 (FEB2) [MIM:602477]",1,1,1.0,1.0,0.0,0.0,0.0,1.0
"Febrile seizures, familial, 3A (FEB3A) [MIM:604403]",1,0,0.0,0.0,0.0,0.0,0.0,0.0
"Febrile seizures, familial, 8 (FEB8) [MIM:607681]",1,0,0.0,0.0,0.0,0.0,0.0,0.0
Feingold syndrome 1 (FGLDS1) [MIM:164280],3,0,0.0,0.0,0.0,0.0,0.0,0.0
Fibrochondrogenesis 1 (FBCG1) [MIM:228520],1,0,0.0,0.0,0.0,0.0,0.0,0.0
Fibrodysplasia ossificans progressiva (FOP) [MIM:135100],2,1,0.5,0.5,0.0,0.0,0.0,0.5
"Fibrosis of extraocular muscles, congenital, 1 (CFEOM1) [MIM:135700]",1,0,0.0,0.0,0.0,0.0,0.0,0.0
"Fibrosis of extraocular muscles, congenital, 3A (CFEOM3A) [MIM:600638]",3,0,0.0,0.0,0.0,0.0,0.0,0.0
Fish-eye disease (FED) [MIM:136120],7,1,0.14285714285714285,0.42857142857142855,0.0,0.14285714285714285,0.14285714285714285,0.14285714285714285
"Fleck retina, familial benign (FRFB) [MIM:228980]",1,0,0.0,0.0,0.0,0.0,0.0,0.0
Focal cortical dysplasia 2 (FCORD2) [MIM:607341],10,2,0.2,0.4,0.2,0.1,0.0,0.1
Focal dermal hypoplasia (FODH) [MIM:305600],1,0,0.0,0.0,0.0,0.0,0.0,0.0
Focal segmental glomerulosclerosis 5 (FSGS5) [MIM:613237],3,0,0.0,0.0,0.0,0.0,0.0,0.0
Focal segmental glomerulosclerosis 6 (FSGS6) [MIM:614131],2,1,0.5,0.5,0.5,0.0,0.0,0.0
Focal segmental glomerulosclerosis 7 (FSGS7) [MIM:616002],1,0,0.0,0.0,0.0,0.0,0.0,0.0
Foveal hypoplasia 2 (FVH2) [MIM:609218],2,1,0.5,1.0,0.5,0.0,0.0,0.5
Fragile X syndrome (FXS) [MIM:300624],1,0,0.0,0.0,0.0,0.0,0.0,0.0
Friedreich ataxia (FRDA) [MIM:229300],4,1,0.25,0.25,0.0,0.25,0.0,0.0
Frontometaphyseal dysplasia 2 (FMD2) [MIM:617137],1,0,0.0,0.0,0.0,0.0,0.0,0.0
Frontotemporal dementia 1 (FTD1) [MIM:600274],3,2,0.6666666666666666,1.3333333333333333,0.3333333333333333,0.3333333333333333,0.0,0.6666666666666666
Frontotemporal dementia and/or amyotrophic lateral sclerosis 3 (FTDALS3) [MIM:616437],10,7,0.7,1.5,0.3,0.7,0.2,0.3
Frontotemporal dementia and/or amyotrophic lateral sclerosis 4 (FTDALS4) [MIM:616439],3,3,1.0,2.0,0.3333333333333333,0.6666666666666666,0.3333333333333333,0.6666666666666666
Frontotemporal dementia and/or amyotrophic lateral sclerosis 7 (FTDALS7) [MIM:600795],2,1,0.5,2.0,0.5,0.5,0.5,0.5
"Fructose-1,6-bisphosphatase deficiency (FBP1D) [MIM:229700]",2,0,0.0,0.0,0.0,0.0,0.0,0.0
Fucosidosis (FUCA1D) [MIM:230000],1,0,0.0,0.0,0.0,0.0,0.0,0.0
Fumarase deficiency (FMRD) [MIM:606812],3,0,0.0,0.0,0.0,0.0,0.0,0.0
Fundus albipunctatus (FALBI) [MIM:136880],5,1,0.2,0.6,0.2,0.2,0.0,0.2
Fundus flavimaculatus (FFM) [MIM:248200],9,4,0.4444444444444444,0.6666666666666666,0.1111111111111111,0.4444444444444444,0.1111111111111111,0.0
GLUT1 deficiency syndrome 1 (GLUT1DS1) [MIM:606777],5,0,0.0,0.0,0.0,0.0,0.0,0.0
GLUT1 deficiency syndrome 2 (GLUT1DS2) [MIM:612126],1,0,0.0,0.0,0.0,0.0,0.0,0.0
GM1-gangliosidosis 1 (GM1G1) [MIM:230500],6,1,0.16666666666666666,0.16666666666666666,0.16666666666666666,0.0,0.0,0.0
GM1-gangliosidosis 2 (GM1G2) [MIM:230600],3,0,0.0,0.0,0.0,0.0,0.0,0.0
GM1-gangliosidosis 3 (GM1G3) [MIM:230650],3,1,0.3333333333333333,1.0,0.0,0.3333333333333333,0.3333333333333333,0.3333333333333333
GM2-gangliosidosis 1 (GM2G1) [MIM:272800],10,1,0.1,0.1,0.0,0.1,0.0,0.0
GM2-gangliosidosis AB (GM2GAB) [MIM:272750],1,0,0.0,0.0,0.0,0.0,0.0,0.0
GRACILE syndrome (GRACILE) [MIM:603358],1,1,1.0,1.0,0.0,1.0,0.0,0.0
Galactosemia 1 (GALAC1) [MIM:230400],44,18,0.4090909090909091,0.5909090909090909,0.1590909090909091,0.36363636363636365,0.06818181818181818,0.0
Galactosemia 2 (GALAC2) [MIM:230200],2,0,0.0,0.0,0.0,0.0,0.0,0.0
Galactosemia 3 (GALAC3) [MIM:230350],1,0,0.0,0.0,0.0,0.0,0.0,0.0
Galactosialidosis (GSL) [MIM:256540],3,1,0.3333333333333333,0.3333333333333333,0.0,0.3333333333333333,0.0,0.0
Gallbladder disease 1 (GBD1) [MIM:600803],7,4,0.5714285714285714,1.0,0.42857142857142855,0.2857142857142857,0.14285714285714285,0.14285714285714285
Galloway-Mowat syndrome 3 (GAMOS3) [MIM:617729],5,2,0.4,0.6,0.2,0.0,0.0,0.4
Galloway-Mowat syndrome 4 (GAMOS4) [MIM:617730],2,0,0.0,0.0,0.0,0.0,0.0,0.0
Galloway-Mowat syndrome 5 (GAMOS5) [MIM:617731],1,0,0.0,0.0,0.0,0.0,0.0,0.0
Garg-Mishra progeroid syndrome (GMPGS) [MIM:620601],1,1,1.0,1.0,0.0,1.0,0.0,0.0
Gastric cancer (GASC) [MIM:613659],7,5,0.7142857142857143,1.2857142857142858,0.14285714285714285,0.5714285714285714,0.0,0.5714285714285714
Gastrointestinal defects and immunodeficiency syndrome 1 (GIDID1) [MIM:243150],3,2,0.6666666666666666,1.6666666666666667,0.3333333333333333,0.3333333333333333,0.3333333333333333,0.6666666666666666
Gastrointestinal stromal tumor (GIST) [MIM:606764],3,0,0.0,0.0,0.0,0.0,0.0,0.0
Gaucher disease (GD) [MIM:230800],4,0,0.0,0.0,0.0,0.0,0.0,0.0
Gaucher disease 1 (GD1) [MIM:230800],20,10,0.5,1.25,0.45,0.5,0.2,0.1
Gaucher disease 2 (GD2) [MIM:230900],7,3,0.42857142857142855,0.7142857142857143,0.2857142857142857,0.2857142857142857,0.14285714285714285,0.0
Gaucher disease 3 (GD3) [MIM:231000],7,3,0.42857142857142855,0.5714285714285714,0.14285714285714285,0.42857142857142855,0.0,0.0
Gaucher disease 3C (GD3C) [MIM:231005],1,1,1.0,2.0,1.0,1.0,0.0,0.0
Gaucher disease perinatal lethal (GDPL) [MIM:608013],1,0,0.0,0.0,0.0,0.0,0.0,0.0
"Gaucher disease, atypical, due to saposin C deficiency (GDSAPC) [MIM:610539]",1,0,0.0,0.0,0.0,0.0,0.0,0.0
"Gaze palsy, familial horizontal, with progressive scoliosis, 1 (HGPPS1) [MIM:607313]",1,1,1.0,1.0,0.0,0.0,0.0,1.0
Geleophysic dysplasia 1 (GPHYSD1) [MIM:231050],1,0,0.0,0.0,0.0,0.0,0.0,0.0
Geleophysic dysplasia 2 (GPHYSD2) [MIM:614185],2,0,0.0,0.0,0.0,0.0,0.0,0.0
Generalized epilepsy with febrile seizures plus 1 (GEFSP1) [MIM:604233],1,0,0.0,0.0,0.0,0.0,0.0,0.0
Generalized epilepsy with febrile seizures plus 10 (GEFSP10) [MIM:618482],1,0,0.0,0.0,0.0,0.0,0.0,0.0
Generalized epilepsy with febrile seizures plus 2 (GEFSP2) [MIM:604403],11,2,0.18181818181818182,0.18181818181818182,0.0,0.18181818181818182,0.0,0.0
Generalized epilepsy with febrile seizures plus 5 (GEFSP5) [MIM:613060],1,1,1.0,1.0,0.0,0.0,0.0,1.0
Gerstmann-Straussler disease (GSD) [MIM:137440],4,0,0.0,0.0,0.0,0.0,0.0,0.0
Ghosal hematodiaphyseal dysplasia (GHDD) [MIM:231095],1,0,0.0,0.0,0.0,0.0,0.0,0.0
"Giant axonal neuropathy 2, autosomal dominant (GAN2) [MIM:610100]",1,1,1.0,1.0,0.0,1.0,0.0,0.0
Gilbert syndrome (GILBS) [MIM:143500],4,2,0.5,1.5,0.25,0.5,0.25,0.5
Gillespie syndrome (GLSP) [MIM:206700],3,0,0.0,0.0,0.0,0.0,0.0,0.0
Gitelman syndrome (GTLMNS) [MIM:263800],33,13,0.3939393939393939,0.7575757575757576,0.18181818181818182,0.2727272727272727,0.09090909090909091,0.21212121212121213
Glanzmann thrombasthenia 1 (GT1) [MIM:273800],11,2,0.18181818181818182,0.18181818181818182,0.09090909090909091,0.0,0.0,0.09090909090909091
"Glaucoma 1, open angle, A (GLC1A) [MIM:137750]",9,3,0.3333333333333333,0.5555555555555556,0.3333333333333333,0.1111111111111111,0.1111111111111111,0.0
"Glaucoma 1, open angle, E (GLC1E) [MIM:137760]",2,2,1.0,3.0,0.5,1.0,1.0,0.5
Glioma,1,0,0.0,0.0,0.0,0.0,0.0,0.0
Glioma (GLM) [MIM:137800],8,4,0.5,0.875,0.0,0.375,0.0,0.5
Glomerulopathy with fibronectin deposits 2 (GFND2) [MIM:601894],3,0,0.0,0.0,0.0,0.0,0.0,0.0
Glucocorticoid deficiency 1 (GCCD1) [MIM:202200],2,0,0.0,0.0,0.0,0.0,0.0,0.0
Glucocorticoid deficiency 4 with or without mineralocorticoid deficiency (GCCD4) [MIM:614736],5,1,0.2,0.2,0.0,0.2,0.0,0.0
Glutaric aciduria 1 (GA1) [MIM:231670],11,3,0.2727272727272727,0.2727272727272727,0.09090909090909091,0.18181818181818182,0.0,0.0
Glutaric aciduria 2A (GA2A) [MIM:231680],1,0,0.0,0.0,0.0,0.0,0.0,0.0
Glutaric aciduria 2C (GA2C) [MIM:231680],3,0,0.0,0.0,0.0,0.0,0.0,0.0
Glycerol kinase deficiency (GKD) [MIM:307030],2,0,0.0,0.0,0.0,0.0,0.0,0.0
Glycine encephalopathy 2 (GCE2) [MIM:620398],6,1,0.16666666666666666,0.5,0.16666666666666666,0.16666666666666666,0.0,0.16666666666666666
Glycogen storage disease 0 (GSD0) [MIM:240600],1,0,0.0,0.0,0.0,0.0,0.0,0.0
Glycogen storage disease 10 (GSD10) [MIM:261670],2,1,0.5,1.0,0.5,0.5,0.0,0.0
Glycogen storage disease 12 (GSD12) [MIM:611881],3,3,1.0,1.6666666666666667,0.3333333333333333,0.3333333333333333,0.6666666666666666,0.3333333333333333
Glycogen storage disease 1A (GSD1A) [MIM:232200],24,8,0.3333333333333333,0.4166666666666667,0.08333333333333333,0.25,0.041666666666666664,0.041666666666666664
Glycogen storage disease 5 (GSD5) [MIM:232600],2,0,0.0,0.0,0.0,0.0,0.0,0.0
Glycogen storage disease 7 (GSD7) [MIM:232800],3,0,0.0,0.0,0.0,0.0,0.0,0.0
Glycogen storage disease 9A (GSD9A) [MIM:306000],5,0,0.0,0.0,0.0,0.0,0.0,0.0
Glycogen storage disease 9B (GSD9B) [MIM:261750],1,0,0.0,0.0,0.0,0.0,0.0,0.0
Glycogen storage disease 9C (GSD9C) [MIM:613027],1,0,0.0,0.0,0.0,0.0,0.0,0.0
Glycosylphosphatidylinositol biosynthesis defect 15 (GPIBD15) [MIM:617810],2,2,1.0,1.5,0.5,0.5,0.0,0.5
Gnathodiaphyseal dysplasia (GDD) [MIM:166260],1,0,0.0,0.0,0.0,0.0,0.0,0.0
"Granulomatous disease, chronic, X-linked (CGDX) [MIM:306400]",15,0,0.0,0.0,0.0,0.0,0.0,0.0
"Granulomatous disease, chronic, autosomal recessive, 2 (CGD2) [MIM:233710]",6,1,0.16666666666666666,0.16666666666666666,0.0,0.0,0.0,0.16666666666666666
"Granulomatous disease, chronic, autosomal recessive, 4 (CGD4) [MIM:233690]",4,0,0.0,0.0,0.0,0.0,0.0,0.0
Gray platelet syndrome (GPS) [MIM:139090],1,0,0.0,0.0,0.0,0.0,0.0,0.0
Greenberg dysplasia (GRBGD) [MIM:215140],2,0,0.0,0.0,0.0,0.0,0.0,0.0
Griscelli syndrome 2 (GS2) [MIM:607624],1,0,0.0,0.0,0.0,0.0,0.0,0.0
Griscelli syndrome 3 (GS3) [MIM:609227],1,0,0.0,0.0,0.0,0.0,0.0,0.0
"Growth hormone deficiency, isolated partial (GHDP) [MIM:615925]",1,0,0.0,0.0,0.0,0.0,0.0,0.0
"Growth hormone deficiency, isolated, 1B (IGHD1B) [MIM:612781]",2,1,0.5,1.5,0.5,0.5,0.5,0.0
"Growth hormone deficiency, isolated, 2 (IGHD2) [MIM:173100]",1,1,1.0,1.0,0.0,1.0,0.0,0.0
"Growth hormone deficiency, isolated, 4 (IGHD4) [MIM:618157]",1,1,1.0,1.0,0.0,0.0,0.0,1.0
"Growth hormone insensitivity, partial (GHIP) [MIM:604271]",1,1,1.0,3.0,0.0,1.0,1.0,1.0
"Growth retardation, developmental delay, and facial dysmorphism (GDFD) [MIM:612938]",2,0,0.0,0.0,0.0,0.0,0.0,0.0
"Growth retardation, impaired intellectual development, hypotonia, and hepatopathy (GRIDHH) [MIM:617093]",1,0,0.0,0.0,0.0,0.0,0.0,0.0
HSD10 mitochondrial disease (HSD10MD) [MIM:300438],2,1,0.5,1.0,0.5,0.5,0.0,0.0
Hailey-Hailey disease (HHD) [MIM:169600],3,1,0.3333333333333333,0.3333333333333333,0.0,0.3333333333333333,0.0,0.0
Hamamy syndrome (HMMS) [MIM:611174],1,0,0.0,0.0,0.0,0.0,0.0,0.0
Harel-Yoon syndrome (HAYOS) [MIM:617183],1,0,0.0,0.0,0.0,0.0,0.0,0.0
Hartnup disorder (HND) [MIM:234500],6,0,0.0,0.0,0.0,0.0,0.0,0.0
Hartsfield syndrome (HRTFDS) [MIM:615465],2,0,0.0,0.0,0.0,0.0,0.0,0.0
Heimler syndrome 2 (HMLR2) [MIM:616617],2,0,0.0,0.0,0.0,0.0,0.0,0.0
"Hematuria, benign familial, 2 (BFH2) [MIM:620320]",2,0,0.0,0.0,0.0,0.0,0.0,0.0
Hemochromatosis 1 (HFE1) [MIM:235200],4,3,0.75,1.75,0.5,0.25,0.25,0.75
Hemochromatosis 2B (HFE2B) [MIM:613313],2,1,0.5,1.5,0.5,0.5,0.5,0.0
Hemochromatosis 3 (HFE3) [MIM:604250],1,1,1.0,4.0,1.0,1.0,1.0,1.0
Hemochromatosis 4 (HFE4) [MIM:606069],7,4,0.5714285714285714,1.4285714285714286,0.5714285714285714,0.2857142857142857,0.2857142857142857,0.2857142857142857
"Hemolytic uremic syndrome, atypical, 2 (AHUS2) [MIM:612922]",1,0,0.0,0.0,0.0,0.0,0.0,0.0
"Hemolytic uremic syndrome, atypical, 3 (AHUS3) [MIM:612923]",3,2,0.6666666666666666,2.3333333333333335,0.3333333333333333,0.6666666666666666,0.6666666666666666,0.6666666666666666
"Hemolytic uremic syndrome, atypical, 4 (AHUS4) [MIM:612924]",3,2,0.6666666666666666,1.3333333333333333,0.3333333333333333,0.3333333333333333,0.3333333333333333,0.3333333333333333
"Hemolytic uremic syndrome, atypical, 7 (AHUS7) [MIM:615008]",1,1,1.0,3.0,1.0,1.0,0.0,1.0
"Hemophagocytic lymphohistiocytosis, familial, 2 (FHL2) [MIM:603553]",4,1,0.25,0.25,0.0,0.0,0.0,0.25
"Hemophagocytic lymphohistiocytosis, familial, 5, with or without microvillus inclusion disease (FHL5) [MIM:613101]",1,0,0.0,0.0,0.0,0.0,0.0,0.0
Hemophilia A (HEMA) [MIM:306700],72,13,0.18055555555555555,0.3055555555555556,0.1527777777777778,0.06944444444444445,0.05555555555555555,0.027777777777777776
Hemophilia B (HEMB) [MIM:306900],32,10,0.3125,0.5,0.15625,0.25,0.0625,0.03125
Hemorrhagic destruction of the brain with subependymal calcification and cataracts (HDBSCC) [MIM:613730],2,0,0.0,0.0,0.0,0.0,0.0,0.0
Hengel-Maroofian-Schols syndrome (HEMARS) [MIM:619641],1,1,1.0,2.0,1.0,0.0,0.0,1.0
Hennekam lymphangiectasia-lymphedema syndrome 1 (HKLLS1) [MIM:235510],2,1,0.5,0.5,0.0,0.5,0.0,0.0
Hennekam lymphangiectasia-lymphedema syndrome 3 (HKLLS3) [MIM:618154],1,0,0.0,0.0,0.0,0.0,0.0,0.0
Hepatocellular carcinoma (HCC) [MIM:114550],1,0,0.0,0.0,0.0,0.0,0.0,0.0
Hepatoerythropoietic porphyria (HEP) [MIM:176100],6,3,0.5,0.5,0.3333333333333333,0.16666666666666666,0.0,0.0
Hereditary angiopathy with nephropathy aneurysms and muscle cramps (HANAC) [MIM:611773],1,0,0.0,0.0,0.0,0.0,0.0,0.0
Hereditary hypophosphatemic rickets with hypercalciuria (HHRH) [MIM:241530],3,1,0.3333333333333333,0.6666666666666666,0.0,0.0,0.3333333333333333,0.3333333333333333
Hereditary leiomyomatosis and renal cell cancer (HLRCC) [MIM:150800],5,1,0.2,0.2,0.0,0.2,0.0,0.0
Hereditary multiple exostoses 1 (EXT1) [MIM:133700],5,2,0.4,0.8,0.2,0.4,0.0,0.2
Hereditary multiple exostoses 2 (EXT2) [MIM:133701],1,0,0.0,0.0,0.0,0.0,0.0,0.0
Hereditary neuropathy with liability to pressure palsies (HNPP) [MIM:162500],1,0,0.0,0.0,0.0,0.0,0.0,0.0
Hereditary non-polyposis colorectal cancer 7 (HNPCC7) [MIM:614385],5,4,0.8,2.6,0.6,0.6,0.6,0.8
"Heterotaxy, visceral, 1, X-linked (HTX1) [MIM:306955]",2,0,0.0,0.0,0.0,0.0,0.0,0.0
"Heterotaxy, visceral, 5, autosomal (HTX5) [MIM:270100]",1,0,0.0,0.0,0.0,0.0,0.0,0.0
"Heterotaxy, visceral, 7, autosomal (HTX7) [MIM:616749]",4,4,1.0,1.0,0.0,0.0,0.0,1.0
Hiatt-Neu-Cooper neurodevelopmental syndrome (HINCONS) [MIM:619311],1,0,0.0,0.0,0.0,0.0,0.0,0.0
High bone mass trait (HBM) [MIM:601884],1,0,0.0,0.0,0.0,0.0,0.0,0.0
Hirschsprung disease 1 (HSCR1) [MIM:142623],26,12,0.46153846153846156,1.0,0.3076923076923077,0.2692307692307692,0.15384615384615385,0.2692307692307692
Hirschsprung disease 2 (HSCR2) [MIM:600155],1,1,1.0,2.0,1.0,1.0,0.0,0.0
Hirschsprung disease 3 (HSCR3) [MIM:613711],1,1,1.0,1.0,1.0,0.0,0.0,0.0
"Hirschsprung disease, cardiac defects, and autonomic dysfunction (HCAD) [MIM:613870]",1,1,1.0,3.0,1.0,1.0,0.0,1.0
Histidinemia (HISTID) [MIM:235800],1,0,0.0,0.0,0.0,0.0,0.0,0.0
Histiocytosis-lymphadenopathy plus syndrome (HLAS) [MIM:602782],2,1,0.5,1.0,0.0,0.5,0.0,0.5
Holocarboxylase synthetase deficiency (HLCS deficiency) [MIM:253270],6,1,0.16666666666666666,0.16666666666666666,0.0,0.0,0.16666666666666666,0.0
Holoprosencephaly 11 (HPE11) [MIM:614226],1,1,1.0,4.0,1.0,1.0,1.0,1.0
Holoprosencephaly 2 (HPE2) [MIM:157170],3,1,0.3333333333333333,0.6666666666666666,0.3333333333333333,0.3333333333333333,0.0,0.0
Holoprosencephaly 3 (HPE3) [MIM:142945],8,3,0.375,0.375,0.0,0.375,0.0,0.0
Holoprosencephaly 4 (HPE4) [MIM:142946],3,3,1.0,2.6666666666666665,0.3333333333333333,0.6666666666666666,0.6666666666666666,1.0
Holoprosencephaly 5 (HPE5) [MIM:609637],2,1,0.5,1.0,0.0,0.5,0.0,0.5
Holoprosencephaly 7 (HPE7) [MIM:610828],3,3,1.0,3.0,1.0,1.0,0.3333333333333333,0.6666666666666666
"Homocystinuria due to deficiency of N(5,10)-methylenetetrahydrofolate reductase activity (MTHFRD) [MIM:236250]",23,7,0.30434782608695654,0.4782608695652174,0.21739130434782608,0.17391304347826086,0.043478260869565216,0.043478260869565216
"Homocystinuria-megaloblastic anemia, cblG type (HMAG) [MIM:250940]",2,0,0.0,0.0,0.0,0.0,0.0,0.0
Houge-Janssens syndrome 1 (HJS1) [MIM:616355],1,1,1.0,1.0,0.0,1.0,0.0,0.0
Houge-Janssens syndrome 2 (HJS2) [MIM:616362],4,3,0.75,0.75,0.0,0.0,0.0,0.75
Houge-Janssens syndrome 3 (HJS3) [MIM:618354],1,0,0.0,0.0,0.0,0.0,0.0,0.0
Hoyeraal-Hreidarsson syndrome (HHS) [MIM:305000],1,1,1.0,2.0,1.0,1.0,0.0,0.0
Huppke-Brendel syndrome (HPBDS) [MIM:614482],1,0,0.0,0.0,0.0,0.0,0.0,0.0
Hutchinson-Gilford progeria syndrome (HGPS) [MIM:176670],1,1,1.0,3.0,1.0,1.0,0.0,1.0
Hyaline fibromatosis syndrome (HFS) [MIM:228600],2,2,1.0,1.5,1.0,0.0,0.0,0.5
"Hydatidiform mole, recurrent, 1 (HYDM1) [MIM:231090]",2,2,1.0,3.0,0.5,0.5,1.0,1.0
"Hydrocephalus, congenital, 5 (HYC5) [MIM:620241]",1,0,0.0,0.0,0.0,0.0,0.0,0.0
"Hydrocephalus, congenital, X-linked (HYCX) [MIM:307000]",2,1,0.5,2.0,0.5,0.5,0.5,0.5
"Hydrops, lactic acidosis, and sideroblastic anemia (HLASA) [MIM:617021]",1,0,0.0,0.0,0.0,0.0,0.0,0.0
Hydroxykynureninuria (HYXKY) [MIM:236800],1,1,1.0,2.0,1.0,1.0,0.0,0.0
"Hyper-IgE syndrome 1, autosomal dominant, with recurrent infections (HIES1) [MIM:147060]",2,1,0.5,0.5,0.0,0.5,0.0,0.0
"Hyper-IgE syndrome 2, autosomal recessive, with recurrent infections (HIES2) [MIM:243700]",1,1,1.0,3.0,1.0,1.0,0.0,1.0
"Hyper-IgE syndrome 5, autosomal recessive, with recurrent infections (HIES5) [MIM:618944]",1,1,1.0,1.0,0.0,0.0,0.0,1.0
"Hyperaldosteronism, familial, 2 (HALD2) [MIM:605635]",1,1,1.0,1.0,0.0,1.0,0.0,0.0
Hyperalphalipoproteinemia 1 (HALP1) [MIM:143470],1,1,1.0,3.0,1.0,0.0,1.0,1.0
"Hypercalcemia, infantile, 1 (HCINF1) [MIM:143880]",2,0,0.0,0.0,0.0,0.0,0.0,0.0
"Hypercalcemia, infantile, 2 (HCINF2) [MIM:616963]",2,1,0.5,0.5,0.0,0.5,0.0,0.0
"Hyperchlorhidrosis, isolated (HYCHL) [MIM:143860]",1,0,0.0,0.0,0.0,0.0,0.0,0.0
"Hypercholanemia, familial 3 (FHCA3) [MIM:619232]",1,0,0.0,0.0,0.0,0.0,0.0,0.0
"Hypercholanemia, familial, 1 (FHCA1) [MIM:607748]",1,0,0.0,0.0,0.0,0.0,0.0,0.0
"Hypercholanemia, familial, 2 (FHCA2) [MIM:619256]",1,1,1.0,3.0,0.0,1.0,1.0,1.0
"Hypercholesterolemia, familial, 1 (FHCL1) [MIM:143890]",60,11,0.18333333333333332,0.26666666666666666,0.05,0.13333333333333333,0.06666666666666667,0.016666666666666666
"Hypercholesterolemia, familial, 3 (FHCL3) [MIM:603776]",2,1,0.5,0.5,0.5,0.0,0.0,0.0
Hyperekplexia 1 (HKPX1) [MIM:149400],3,1,0.3333333333333333,0.3333333333333333,0.0,0.3333333333333333,0.0,0.0
Hyperekplexia 2 (HKPX2) [MIM:614619],2,1,0.5,0.5,0.0,0.5,0.0,0.0
Hyperekplexia 3 (HKPX3) [MIM:614618],1,0,0.0,0.0,0.0,0.0,0.0,0.0
"Hyperglycinemia, lactic acidosis, and seizures (HGCLAS) [MIM:614462]",1,0,0.0,0.0,0.0,0.0,0.0,0.0
Hyperglycinuria (HGLY) [MIM:138500],1,0,0.0,0.0,0.0,0.0,0.0,0.0
Hyperimmunoglobulinemia D and periodic fever syndrome (HIDS) [MIM:260920],6,3,0.5,1.0,0.5,0.3333333333333333,0.16666666666666666,0.0
"Hyperinsulinemic hypoglycemia, familial, 1 (HHF1) [MIM:256450]",19,8,0.42105263157894735,0.5263157894736842,0.21052631578947367,0.21052631578947367,0.05263157894736842,0.05263157894736842
"Hyperinsulinemic hypoglycemia, familial, 3 (HHF3) [MIM:602485]",2,2,1.0,1.0,0.0,1.0,0.0,0.0
"Hyperinsulinemic hypoglycemia, familial, 6 (HHF6) [MIM:606762]",5,3,0.6,0.8,0.2,0.6,0.0,0.0
Hyperlipoproteinemia 1 (HLPP1) [MIM:238600],2,0,0.0,0.0,0.0,0.0,0.0,0.0
Hyperlipoproteinemia 3 (HLPP3) [MIM:617347],6,1,0.16666666666666666,0.6666666666666666,0.16666666666666666,0.16666666666666666,0.16666666666666666,0.16666666666666666
Hypermanganesemia with dystonia 2 (HMNDYT2) [MIM:617013],1,1,1.0,2.0,0.0,1.0,0.0,1.0
Hypermethioninemia due to adenosine kinase deficiency (HMAKD) [MIM:614300],1,0,0.0,0.0,0.0,0.0,0.0,0.0
Hypermethioninemia with S-adenosylhomocysteine hydrolase deficiency (HMAHCHD) [MIM:613752],3,2,0.6666666666666666,1.3333333333333333,0.3333333333333333,0.6666666666666666,0.0,0.3333333333333333
Hyperornithinemia with gyrate atrophy of choroid and retina (HOGA) [MIM:258870],5,2,0.4,0.4,0.0,0.4,0.0,0.0
Hyperornithinemia-hyperammonemia-homocitrullinuria syndrome (HHHS) [MIM:238970],4,1,0.25,0.25,0.0,0.0,0.25,0.0
Hyperoxaluria primary 1 (HP1) [MIM:259900],17,4,0.23529411764705882,0.5882352941176471,0.23529411764705882,0.17647058823529413,0.17647058823529413,0.0
Hyperparathyroidism 4 (HRPT4) [MIM:617343],2,1,0.5,1.0,0.0,0.0,0.5,0.5
"Hyperphenylalaninemia, BH4-deficient, A (HPABH4A) [MIM:261640]",5,3,0.6,1.0,0.2,0.6,0.2,0.0
"Hyperphenylalaninemia, BH4-deficient, C (HPABH4C) [MIM:261630]",5,0,0.0,0.0,0.0,0.0,0.0,0.0
"Hyperphenylalaninemia, BH4-deficient, D (HPABH4D) [MIM:264070]",2,1,0.5,0.5,0.0,0.5,0.0,0.0
Hyperphosphatasia with impaired intellectual development syndrome 2 (HPMRS2) [MIM:614749],1,1,1.0,3.0,1.0,1.0,0.0,1.0
Hyperphosphatasia with impaired intellectual development syndrome 3 (HPMRS3) [MIM:614207],1,1,1.0,1.0,0.0,0.0,0.0,1.0
Hyperphosphatasia with impaired intellectual development syndrome 4 (HPMRS4) [MIM:615716],1,0,0.0,0.0,0.0,0.0,0.0,0.0
Hyperproinsulinemia (HPRI) [MIM:616214],1,1,1.0,1.0,0.0,1.0,0.0,0.0
Hyperprolinemia 1 (HYRPRO1) [MIM:239500],2,0,0.0,0.0,0.0,0.0,0.0,0.0
Hyperprolinemia 2 (HYRPRO2) [MIM:239510],1,0,0.0,0.0,0.0,0.0,0.0,0.0
Hypertension and brachydactyly syndrome (HTNB) [MIM:112410],3,3,1.0,1.3333333333333333,0.3333333333333333,0.0,0.0,1.0
"Hyperthyroxinemia, familial dysalbuminemic (FDAH) [MIM:615999]",2,2,1.0,2.0,0.0,0.5,1.0,0.5
Hypertrichotic osteochondrodysplasia (HTOCD) [MIM:239850],3,1,0.3333333333333333,0.6666666666666666,0.3333333333333333,0.3333333333333333,0.0,0.0
Hypertriglyceridemia 2 (HYTG2) [MIM:619324],1,0,0.0,0.0,0.0,0.0,0.0,0.0
"Hyperuricemia, HPRT-related (HRH) [MIM:300323]",6,4,0.6666666666666666,1.0,0.3333333333333333,0.6666666666666666,0.0,0.0
"Hypoalphalipoproteinemia, primary, 1 (FHA1) [MIM:604091]",1,0,0.0,0.0,0.0,0.0,0.0,0.0
"Hypocalcemia, autosomal dominant 1 (HYPOC1) [MIM:601198]",6,2,0.3333333333333333,0.5,0.3333333333333333,0.0,0.16666666666666666,0.0
"Hypocalcemia, autosomal dominant 2 (HYPOC2) [MIM:615361]",5,0,0.0,0.0,0.0,0.0,0.0,0.0
"Hypocalciuric hypercalcemia, familial 1 (HHC1) [MIM:145980]",6,2,0.3333333333333333,0.3333333333333333,0.16666666666666666,0.16666666666666666,0.0,0.0
"Hypocalciuric hypercalcemia, familial 3 (HHC3) [MIM:600740]",1,1,1.0,1.0,0.0,1.0,0.0,0.0
Hypochondroplasia (HCH) [MIM:146000],5,1,0.2,0.2,0.0,0.2,0.0,0.0
Hypogonadotropic hypogonadism 1 with or without anosmia (HH1) [MIM:308700],3,2,0.6666666666666666,1.3333333333333333,0.0,0.3333333333333333,0.3333333333333333,0.6666666666666666
Hypogonadotropic hypogonadism 11 with or without anosmia (HH11) [MIM:614840],2,1,0.5,1.5,0.5,0.5,0.0,0.5
Hypogonadotropic hypogonadism 14 with or without anosmia (HH14) [MIM:614858],2,2,1.0,3.0,1.0,1.0,0.0,1.0
Hypogonadotropic hypogonadism 15 with or without anosmia (HH15) [MIM:614880],1,0,0.0,0.0,0.0,0.0,0.0,0.0
Hypogonadotropic hypogonadism 16 with or without anosmia (HH16) [MIM:614897],3,2,0.6666666666666666,1.6666666666666667,0.6666666666666666,0.6666666666666666,0.0,0.3333333333333333
Hypogonadotropic hypogonadism 17 with or without anosmia (HH17) [MIM:615266],3,3,1.0,1.6666666666666667,0.6666666666666666,0.0,0.0,1.0
Hypogonadotropic hypogonadism 18 with or without anosmia (HH18) [MIM:615267],1,1,1.0,2.0,1.0,0.0,0.0,1.0
Hypogonadotropic hypogonadism 19 with or without anosmia (HH19) [MIM:615269],2,2,1.0,3.0,1.0,1.0,0.0,1.0
Hypogonadotropic hypogonadism 2 with or without anosmia (HH2) [MIM:147950],23,4,0.17391304347826086,0.21739130434782608,0.08695652173913043,0.08695652173913043,0.0,0.043478260869565216
Hypogonadotropic hypogonadism 21 with or without anosmia (HH21) [MIM:615271],2,2,1.0,1.0,0.0,0.0,0.0,1.0
Hypogonadotropic hypogonadism 24 with or without anosmia (HH24) [MIM:229070],1,0,0.0,0.0,0.0,0.0,0.0,0.0
Hypogonadotropic hypogonadism 3 with or without anosmia (HH3) [MIM:244200],4,1,0.25,0.25,0.0,0.0,0.0,0.25
Hypogonadotropic hypogonadism 4 with or without anosmia (HH4) [MIM:610628],2,0,0.0,0.0,0.0,0.0,0.0,0.0
Hypogonadotropic hypogonadism 5 with or without anosmia (HH5) [MIM:612370],3,1,0.3333333333333333,0.3333333333333333,0.0,0.3333333333333333,0.0,0.0
Hypogonadotropic hypogonadism 7 with or without anosmia (HH7) [MIM:146110],3,1,0.3333333333333333,1.3333333333333333,0.3333333333333333,0.3333333333333333,0.3333333333333333,0.3333333333333333
Hypogonadotropic hypogonadism 8 with or without anosmia (HH8) [MIM:614837],3,2,0.6666666666666666,2.3333333333333335,0.6666666666666666,0.6666666666666666,0.3333333333333333,0.6666666666666666
Hypoinsulinemic hypoglycemia with hemihypertrophy (HIHGHH) [MIM:240900],1,1,1.0,1.0,0.0,0.0,0.0,1.0
Hypomagnesemia 4 (HOMG4) [MIM:611718],1,1,1.0,2.0,0.0,1.0,1.0,0.0
"Hypomagnesemia 5, renal, with or without ocular involvement (HOMG5) [MIM:248190]",3,0,0.0,0.0,0.0,0.0,0.0,0.0
"Hypomagnesemia, seizures, and impaired intellectual development 2 (HOMGSMR2) [MIM:618314]",1,0,0.0,0.0,0.0,0.0,0.0,0.0
Hypomyelination with brainstem and spinal cord involvement and leg spasticity (HBSL) [MIM:615281],3,0,0.0,0.0,0.0,0.0,0.0,0.0
"Hypoparathyroidism, familial isolated, 2 (FIH2) [MIM:618883]",2,0,0.0,0.0,0.0,0.0,0.0,0.0
Hypophosphatasia (HOPS) [MIM:146300],25,6,0.24,0.44,0.2,0.12,0.08,0.04
"Hypophosphatasia, childhood (HPPC) [MIM:241510]",2,1,0.5,1.5,0.5,0.5,0.5,0.0
"Hypophosphatasia, infantile (HPPI) [MIM:241500]",3,0,0.0,0.0,0.0,0.0,0.0,0.0
"Hypophosphatemic rickets, X-linked dominant (XLHRD) [MIM:307800]",8,0,0.0,0.0,0.0,0.0,0.0,0.0
Hypotaurinemic retinal degeneration and cardiomyopathy (HTRDC) [MIM:145350],1,0,0.0,0.0,0.0,0.0,0.0,0.0
"Hypothyroidism, congenital, non-goitrous, 2 (CHNG2) [MIM:218700]",1,1,1.0,1.0,0.0,1.0,0.0,0.0
"Hypothyroidism, congenital, non-goitrous, 5 (CHNG5) [MIM:225250]",2,2,1.0,1.5,0.0,1.0,0.0,0.5
"Hypotonia, ataxia, and delayed development syndrome (HADDS) [MIM:617330]",4,3,0.75,1.0,0.0,0.25,0.0,0.75
"Hypotonia, hyperventilation, impaired intellectual development, dysautonomia, epilepsy, and eye abnormalities (HIDEA) [MIM:618493]",1,1,1.0,1.0,0.0,1.0,0.0,0.0
"Hypotonia, infantile, with psychomotor retardation and characteristic facies 1 (IHPRF1) [MIM:615419]",1,0,0.0,0.0,0.0,0.0,0.0,0.0
"Hypotonia, infantile, with psychomotor retardation and characteristic facies 2 (IHPRF2) [MIM:616801]",1,1,1.0,1.0,0.0,0.0,0.0,1.0
Hypotrichosis 12 (HYPT12) [MIM:615885],1,1,1.0,3.0,1.0,1.0,0.0,1.0
Hypotrichosis 13 (HYPT13) [MIM:615896],1,0,0.0,0.0,0.0,0.0,0.0,0.0
Hypotrichosis 14 (HYPT14) [MIM:618275],2,0,0.0,0.0,0.0,0.0,0.0,0.0
Hypotrichosis 3 (HYPT3) [MIM:613981],1,1,1.0,4.0,1.0,1.0,1.0,1.0
Hypotrichosis 8 (HYPT8) [MIM:278150],1,0,0.0,0.0,0.0,0.0,0.0,0.0
Hypotrichosis congenital with juvenile macular dystrophy (HJMD) [MIM:601553],1,0,0.0,0.0,0.0,0.0,0.0,0.0
Hypouricemia renal 1 (RHUC1) [MIM:220150],1,1,1.0,1.0,0.0,0.0,0.0,1.0
Hypouricemia renal 2 (RHUC2) [MIM:612076],2,1,0.5,1.0,0.0,0.0,0.5,0.5
"IFAP syndrome 1, with or without Bresheck syndrome (IFAP1) [MIM:308205]",2,0,0.0,0.0,0.0,0.0,0.0,0.0
Ichthyosis bullosa of Siemens (IBS) [MIM:146800],6,0,0.0,0.0,0.0,0.0,0.0,0.0
Ichthyosis hystrix-like with deafness syndrome (HID syndrome) [MIM:602540],1,0,0.0,0.0,0.0,0.0,0.0,0.0
Ichthyosis prematurity syndrome (IPS) [MIM:608649],1,1,1.0,1.0,0.0,1.0,0.0,0.0
Ichthyosis with erythrokeratoderma (IEKD) [MIM:620507],1,1,1.0,3.0,0.0,1.0,1.0,1.0
"Ichthyosis, annular epidermolytic, 1 (AEI1) [MIM:607602]",1,0,0.0,0.0,0.0,0.0,0.0,0.0
"Ichthyosis, annular epidermolytic, 2 (AEI2) [MIM:620148]",2,0,0.0,0.0,0.0,0.0,0.0,0.0
"Ichthyosis, congenital, autosomal recessive 1 (ARCI1) [MIM:242300]",16,3,0.1875,0.25,0.125,0.0625,0.0,0.0625
"Ichthyosis, congenital, autosomal recessive 11 (ARCI11) [MIM:602400]",2,0,0.0,0.0,0.0,0.0,0.0,0.0
"Ichthyosis, congenital, autosomal recessive 3 (ARCI3) [MIM:606545]",2,1,0.5,1.0,0.0,0.5,0.0,0.5
"Ichthyosis, congenital, autosomal recessive 4A (ARCI4A) [MIM:601277]",2,0,0.0,0.0,0.0,0.0,0.0,0.0
"Ichthyosis, congenital, autosomal recessive 5 (ARCI5) [MIM:604777]",3,2,0.6666666666666666,2.0,0.3333333333333333,0.6666666666666666,0.6666666666666666,0.3333333333333333
Imagawa-Matsumoto syndrome (IMMAS) [MIM:618786],1,0,0.0,0.0,0.0,0.0,0.0,0.0
Imerslund-Grasbeck syndrome 2 (IGS2) [MIM:618882],1,1,1.0,1.0,0.0,1.0,0.0,0.0
Immunodeficiency 10 (IMD10) [MIM:612783],1,0,0.0,0.0,0.0,0.0,0.0,0.0
"Immunodeficiency 103, susceptibility to fungal infections (IMD103) [MIM:212050]",5,1,0.2,0.6,0.0,0.2,0.2,0.2
"Immunodeficiency 104, severe combined (IMD104) [MIM:608971]",1,0,0.0,0.0,0.0,0.0,0.0,0.0
Immunodeficiency 115 with autoinflammation (IMD115) [MIM:620632],1,1,1.0,1.0,0.0,0.0,0.0,1.0
Immunodeficiency 12 (IMD12) [MIM:615468],1,1,1.0,2.0,1.0,0.0,0.0,1.0
"Immunodeficiency 14A with lymphoproliferation, autosomal dominant (IMD14A) [MIM:615513]",1,0,0.0,0.0,0.0,0.0,0.0,0.0
Immunodeficiency 20 (IMD20) [MIM:615707],1,1,1.0,3.0,1.0,0.0,1.0,1.0
Immunodeficiency 21 (IMD21) [MIM:614172],1,0,0.0,0.0,0.0,0.0,0.0,0.0
Immunodeficiency 23 (IMD23) [MIM:615816],1,0,0.0,0.0,0.0,0.0,0.0,0.0
Immunodeficiency 27A (IMD27A) [MIM:209950],2,2,1.0,1.5,0.5,0.0,0.5,0.5
Immunodeficiency 28 (IMD28) [MIM:614889],1,0,0.0,0.0,0.0,0.0,0.0,0.0
Immunodeficiency 31A (IMD31A) [MIM:614892],2,1,0.5,0.5,0.5,0.0,0.0,0.0
Immunodeficiency 31C (IMD31C) [MIM:614162],4,4,1.0,2.0,0.25,1.0,0.0,0.75
Immunodeficiency 32A (IMD32A) [MIM:614893],1,0,0.0,0.0,0.0,0.0,0.0,0.0
Immunodeficiency 47 (IMD47) [MIM:300972],1,0,0.0,0.0,0.0,0.0,0.0,0.0
"Immunodeficiency 49, severe combined (IMD49) [MIM:617237]",1,1,1.0,2.0,0.0,1.0,0.0,1.0
Immunodeficiency 50 (IMD50) [MIM:300988],1,0,0.0,0.0,0.0,0.0,0.0,0.0
Immunodeficiency 58 (IMD58) [MIM:618131],1,1,1.0,1.0,0.0,0.0,0.0,1.0
Immunodeficiency 67 (IMD67) [MIM:607676],2,0,0.0,0.0,0.0,0.0,0.0,0.0
Immunodeficiency 72 with autoinflammation and lymphoproliferation (IMD72) [MIM:618982],1,0,0.0,0.0,0.0,0.0,0.0,0.0
Immunodeficiency 73B with defective neutrophil chemotaxis and lymphopenia (IMD73B) [MIM:618986],1,0,0.0,0.0,0.0,0.0,0.0,0.0
Immunodeficiency 80 with or without congenital cardiomyopathy (IMD80) [MIM:619313],1,0,0.0,0.0,0.0,0.0,0.0,0.0
"Immunodeficiency 98 with autoinflammation, X-linked (IMD98) [MIM:301078]",2,2,1.0,1.0,0.0,0.0,0.0,1.0
Immunodeficiency with hyper-IgM 2 (HIGM2) [MIM:605258],1,0,0.0,0.0,0.0,0.0,0.0,0.0
Immunodeficiency with hyper-IgM 5 (HIGM5) [MIM:608106],1,0,0.0,0.0,0.0,0.0,0.0,0.0
"Immunodeficiency with hyper-IgM, type 1 (HIGM1) [MIM:308230]",4,1,0.25,0.75,0.25,0.25,0.0,0.25
"Immunodeficiency, common variable, 13 (CVID13) [MIM:616873]",2,0,0.0,0.0,0.0,0.0,0.0,0.0
"Immunodeficiency, common variable, 14 (CVID14) [MIM:617765]",1,1,1.0,1.0,0.0,0.0,0.0,1.0
"Immunodeficiency, common variable, 8, with autoimmunity (CVID8) [MIM:614700]",1,0,0.0,0.0,0.0,0.0,0.0,0.0
Immunodeficiency-centromeric instability-facial anomalies syndrome 1 (ICF1) [MIM:242860],1,0,0.0,0.0,0.0,0.0,0.0,0.0
Immunoskeletal dysplasia with neurodevelopmental abnormalities (ISDNA) [MIM:617425],1,0,0.0,0.0,0.0,0.0,0.0,0.0
Inclusion body myopathy with early-onset Paget disease with or without frontotemporal dementia 1 (IBMPFD1) [MIM:167320],6,2,0.3333333333333333,0.6666666666666666,0.16666666666666666,0.3333333333333333,0.0,0.16666666666666666
Inclusion body myopathy with early-onset Paget disease with or without frontotemporal dementia 2 (IBMPFD2) [MIM:615422],1,0,0.0,0.0,0.0,0.0,0.0,0.0
Inclusion body myopathy with early-onset Paget disease with or without frontotemporal dementia 3 (IBMPFD3) [MIM:615424],1,1,1.0,2.0,1.0,1.0,0.0,0.0
Incontinentia pigmenti (IP) [MIM:308300],1,0,0.0,0.0,0.0,0.0,0.0,0.0
Infantile cerebellar-retinal degeneration (ICRD) [MIM:614559],1,0,0.0,0.0,0.0,0.0,0.0,0.0
Infantile liver failure syndrome 2 (ILFS2) [MIM:616483],1,1,1.0,2.0,0.0,1.0,0.0,1.0
Infantile liver failure syndrome 3 (ILFS3) [MIM:618641],1,1,1.0,1.0,0.0,0.0,0.0,1.0
Infantile sialic acid storage disorder (ISSD) [MIM:269920],1,0,0.0,0.0,0.0,0.0,0.0,0.0
"Inflammatory bowel disease 28, autosomal recessive (IBD28) [MIM:613148]",2,0,0.0,0.0,0.0,0.0,0.0,0.0
Inflammatory bowel disease 30 (IBD30) [MIM:619079],1,1,1.0,3.0,0.0,1.0,1.0,1.0
"Inflammatory bowel disease, immunodeficiency, and encephalopathy (IBDIMDE) [MIM:618213]",3,0,0.0,0.0,0.0,0.0,0.0,0.0
Inosine triphosphate pyrophosphohydrolase deficiency (ITPAD) [MIM:613850],2,2,1.0,3.0,1.0,1.0,0.0,1.0
Insulin-resistant diabetes mellitus with acanthosis nigricans type A (IRAN type A) [MIM:610549],4,1,0.25,0.5,0.25,0.25,0.0,0.0
Intellectual developmental disorder with hypertelorism and distinctive facies (IDDHDF) [MIM:618147],1,0,0.0,0.0,0.0,0.0,0.0,0.0
Intellectual developmental disorder with hypotonia and behavioral abnormalities (IDDHBA) [MIM:618748],2,0,0.0,0.0,0.0,0.0,0.0,0.0
Intellectual developmental disorder with microcephaly and with or without ocular malformations or hypogonadotropic hypogonadism (IDDMOH) [MIM:615866],3,2,0.6666666666666666,0.6666666666666666,0.0,0.6666666666666666,0.0,0.0
Intellectual developmental disorder with muscle tone abnormalities and distal skeletal defects (IDDMDS) [MIM:620007],1,1,1.0,1.0,0.0,0.0,0.0,1.0
Intellectual developmental disorder with neuropsychiatric features (IDDNPF) [MIM:617532],2,2,1.0,1.5,0.5,0.0,0.5,0.5
Intellectual developmental disorder with persistence of fetal hemoglobin (IDPFH) [MIM:617101],3,0,0.0,0.0,0.0,0.0,0.0,0.0
Intellectual developmental disorder with short stature and behavioral abnormalities (IDDSSBA) [MIM:618687],2,2,1.0,1.0,0.0,0.0,0.0,1.0
Intellectual developmental disorder with short stature and variable skeletal anomalies (IDDSSA) [MIM:618453],1,0,0.0,0.0,0.0,0.0,0.0,0.0
"Intellectual developmental disorder, X-linked 1 (XLID1) [MIM:309530]",1,0,0.0,0.0,0.0,0.0,0.0,0.0
"Intellectual developmental disorder, X-linked 106 (XLID106) [MIM:300997]",1,0,0.0,0.0,0.0,0.0,0.0,0.0
"Intellectual developmental disorder, X-linked 112 (XLID112) [MIM:301111]",1,1,1.0,1.0,0.0,0.0,0.0,1.0
"Intellectual developmental disorder, X-linked 97 (XLID97) [MIM:300803]",1,1,1.0,1.0,0.0,0.0,0.0,1.0
"Intellectual developmental disorder, X-linked, syndromic 13 (MRXS13) [MIM:300055]",4,1,0.25,0.5,0.0,0.25,0.0,0.25
"Intellectual developmental disorder, X-linked, syndromic, Armfield type (MRXSA) [MIM:300261]",1,0,0.0,0.0,0.0,0.0,0.0,0.0
"Intellectual developmental disorder, X-linked, syndromic, Bain type (MRXSB) [MIM:300986]",1,1,1.0,2.0,0.0,1.0,0.0,1.0
"Intellectual developmental disorder, X-linked, syndromic, Cabezas type (MRXSC) [MIM:300354]",1,0,0.0,0.0,0.0,0.0,0.0,0.0
"Intellectual developmental disorder, X-linked, syndromic, Raymond type (MRXSR) [MIM:300799]",1,0,0.0,0.0,0.0,0.0,0.0,0.0
"Intellectual developmental disorder, X-linked, syndromic, Snijders Blok type (MRXSSB) [MIM:300958]",3,1,0.3333333333333333,0.6666666666666666,0.0,0.3333333333333333,0.0,0.3333333333333333
"Intellectual developmental disorder, X-linked, syndromic, Snyder-Robinson type (MRXSSR) [MIM:309583]",1,0,0.0,0.0,0.0,0.0,0.0,0.0
"Intellectual developmental disorder, X-linked, syndromic, Turner type (MRXST) [MIM:309590]",3,1,0.3333333333333333,0.3333333333333333,0.0,0.0,0.0,0.3333333333333333
"Intellectual developmental disorder, X-linked, syndromic, with pigmentary mosaicism and coarse facies (MRXSPF) [MIM:301066]",1,1,1.0,1.0,0.0,0.0,0.0,1.0
"Intellectual developmental disorder, autosomal dominant 3 (MRD3) [MIM:612580]",1,1,1.0,1.0,0.0,0.0,0.0,1.0
"Intellectual developmental disorder, autosomal dominant 38 (MRD38) [MIM:616393]",1,0,0.0,0.0,0.0,0.0,0.0,0.0
"Intellectual developmental disorder, autosomal dominant 42 (MRD42) [MIM:616973]",2,1,0.5,0.5,0.0,0.5,0.0,0.0
"Intellectual developmental disorder, autosomal dominant 44, with microcephaly (MRD44) [MIM:617061]",2,0,0.0,0.0,0.0,0.0,0.0,0.0
"Intellectual developmental disorder, autosomal dominant 47 (MRD47) [MIM:617635]",1,1,1.0,1.0,0.0,1.0,0.0,0.0
"Intellectual developmental disorder, autosomal dominant 48 (MRD48) [MIM:617751]",2,1,0.5,0.5,0.0,0.5,0.0,0.0
"Intellectual developmental disorder, autosomal dominant 53 (MRD53) [MIM:617798]",1,0,0.0,0.0,0.0,0.0,0.0,0.0
"Intellectual developmental disorder, autosomal dominant 57 (MRD57) [MIM:618050]",3,1,0.3333333333333333,0.6666666666666666,0.0,0.3333333333333333,0.0,0.3333333333333333
"Intellectual developmental disorder, autosomal dominant 58 (MRD58) [MIM:618106]",1,1,1.0,1.0,0.0,0.0,0.0,1.0
"Intellectual developmental disorder, autosomal dominant 59 (MRD59) [MIM:618522]",1,1,1.0,2.0,0.0,1.0,0.0,1.0
"Intellectual developmental disorder, autosomal dominant 70 (MRD70) [MIM:620157]",1,0,0.0,0.0,0.0,0.0,0.0,0.0
"Intellectual developmental disorder, autosomal recessive 2 (MRT2) [MIM:607417]",2,2,1.0,1.0,0.0,1.0,0.0,0.0
"Intellectual developmental disorder, autosomal recessive 39 (MRT39) [MIM:615541]",1,1,1.0,2.0,0.0,1.0,0.0,1.0
"Intellectual developmental disorder, autosomal recessive 46 (MRT46) [MIM:616116]",2,0,0.0,0.0,0.0,0.0,0.0,0.0
"Intellectual developmental disorder, autosomal recessive 48 (MRT48) [MIM:616269]",1,0,0.0,0.0,0.0,0.0,0.0,0.0
"Intellectual developmental disorder, autosomal recessive 5 (MRT5) [MIM:611091]",1,0,0.0,0.0,0.0,0.0,0.0,0.0
"Intellectual developmental disorder, autosomal recessive 50 (MRT50) [MIM:616460]",1,0,0.0,0.0,0.0,0.0,0.0,0.0
"Intellectual developmental disorder, autosomal recessive 67 (MRT67) [MIM:618295]",2,0,0.0,0.0,0.0,0.0,0.0,0.0
"Intellectual developmental disorder, autosomal recessive 73 (MRT73) [MIM:619717]",1,0,0.0,0.0,0.0,0.0,0.0,0.0
"Intellectual developmental disorder, autosomal recessive 82 (MRT82) [MIM:620779]",1,0,0.0,0.0,0.0,0.0,0.0,0.0
"Intellectual disability-hypotonic facies syndrome, X-linked, 1 (MRXHF1) [MIM:309580]",1,0,0.0,0.0,0.0,0.0,0.0,0.0
Intracerebral hemorrhage (ICH) [MIM:614519],1,0,0.0,0.0,0.0,0.0,0.0,0.0
Intractable childhood epilepsy with generalized tonic-clonic seizures (ICEGTC) [MIM:607208],6,1,0.16666666666666666,0.5,0.16666666666666666,0.16666666666666666,0.0,0.16666666666666666
"Intrauterine growth retardation, metaphyseal dysplasia, adrenal hypoplasia congenita, and genital anomalies (IMAGE) [MIM:614732]",2,1,0.5,0.5,0.0,0.0,0.0,0.5
Iron overload (IO) [MIM:620121],2,1,0.5,0.5,0.0,0.0,0.0,0.5
Iron-refractory iron deficiency anemia (IRIDA) [MIM:206200],6,2,0.3333333333333333,0.3333333333333333,0.16666666666666666,0.0,0.0,0.16666666666666666
Isobutyryl-CoA dehydrogenase deficiency (IBDD) [MIM:611283],4,0,0.0,0.0,0.0,0.0,0.0,0.0
Jackson-Weiss syndrome (JWS) [MIM:123150],5,0,0.0,0.0,0.0,0.0,0.0,0.0
Jervell and Lange-Nielsen syndrome 1 (JLNS1) [MIM:220400],2,0,0.0,0.0,0.0,0.0,0.0,0.0
Johanson-Blizzard syndrome (JBS) [MIM:243800],3,0,0.0,0.0,0.0,0.0,0.0,0.0
Joubert syndrome 1 (JBTS1) [MIM:213300],2,0,0.0,0.0,0.0,0.0,0.0,0.0
Joubert syndrome 27 (JBTS27) [MIM:617120],1,0,0.0,0.0,0.0,0.0,0.0,0.0
Joubert syndrome 3 (JBTS3) [MIM:608629],2,1,0.5,0.5,0.0,0.5,0.0,0.0
Joubert syndrome 33 (JBTS33) [MIM:617767],2,2,1.0,1.0,0.0,0.0,0.0,1.0
Joubert syndrome 35 (JBTS35) [MIM:618161],1,0,0.0,0.0,0.0,0.0,0.0,0.0
Joubert syndrome 5 (JBTS5) [MIM:610188],1,0,0.0,0.0,0.0,0.0,0.0,0.0
Joubert syndrome 6 (JBTS6) [MIM:610688],1,0,0.0,0.0,0.0,0.0,0.0,0.0
Joubert syndrome 7 (JBTS7) [MIM:611560],1,1,1.0,1.0,0.0,1.0,0.0,0.0
Joubert syndrome 9 (JBTS9) [MIM:612285],6,2,0.3333333333333333,0.8333333333333334,0.16666666666666666,0.16666666666666666,0.16666666666666666,0.3333333333333333
Juvenile myoclonic epilepsy 1 (EJM1) [MIM:254770],5,4,0.8,2.2,0.4,0.8,0.2,0.8
Juvenile myoclonic epilepsy 8 (EJM8) [MIM:607628],1,0,0.0,0.0,0.0,0.0,0.0,0.0
Juvenile polyposis syndrome (JPS) [MIM:174900],3,0,0.0,0.0,0.0,0.0,0.0,0.0
Juvenile polyposis/hereditary hemorrhagic telangiectasia syndrome (JP/HHT) [MIM:175050],1,0,0.0,0.0,0.0,0.0,0.0,0.0
Kabuki syndrome 1 (KABUK1) [MIM:147920],2,0,0.0,0.0,0.0,0.0,0.0,0.0
Kanzaki disease (KANZD) [MIM:609242],1,0,0.0,0.0,0.0,0.0,0.0,0.0
Kariminejad neurodevelopmental syndrome (KAREVS) [MIM:620937],1,0,0.0,0.0,0.0,0.0,0.0,0.0
Kaufman oculocerebrofacial syndrome (KOS) [MIM:244450],1,0,0.0,0.0,0.0,0.0,0.0,0.0
Kenny-Caffey syndrome 2 (KCS2) [MIM:127000],1,1,1.0,4.0,1.0,1.0,1.0,1.0
Keratinocytic non-epidermolytic nevus (KNEN) [MIM:162900],3,1,0.3333333333333333,0.3333333333333333,0.0,0.3333333333333333,0.0,0.0
"Keratitis-ichthyosis-deafness syndrome, autosomal recessive (KIDAR) [MIM:242150]",1,0,0.0,0.0,0.0,0.0,0.0,0.0
"Keratoderma, palmoplantar, non-epidermolytic, focal 1 (FNEPPK1) [MIM:613000]",1,0,0.0,0.0,0.0,0.0,0.0,0.0
"Keratoderma, palmoplantar, with deafness (PPKDFN) [MIM:148350]",4,0,0.0,0.0,0.0,0.0,0.0,0.0
Keratosis follicularis spinulosa decalvans X-linked (KFSDX) [MIM:308800],1,0,0.0,0.0,0.0,0.0,0.0,0.0
Keratosis pilaris atrophicans (KPA) [MIM:604093],1,1,1.0,1.0,0.0,1.0,0.0,0.0
"Keratosis, seborrheic (KERSEB) [MIM:182000]",5,1,0.2,0.6,0.2,0.2,0.0,0.2
Kindler syndrome (KNDLRS) [MIM:173650],1,1,1.0,2.0,1.0,1.0,0.0,0.0
King-Denborough syndrome (KDS) [MIM:619542],4,1,0.25,1.0,0.25,0.25,0.25,0.25
"Klippel-Feil syndrome 3, autosomal dominant (KFS3) [MIM:613702]",1,1,1.0,1.0,0.0,1.0,0.0,0.0
Kowarski syndrome (KWKS) [MIM:262650],1,1,1.0,1.0,0.0,1.0,0.0,0.0
Krabbe disease (KRB) [MIM:245200],12,1,0.08333333333333333,0.25,0.08333333333333333,0.08333333333333333,0.0,0.08333333333333333
Kury-Isidor syndrome (KURIS) [MIM:619762],3,0,0.0,0.0,0.0,0.0,0.0,0.0
L-2-hydroxyglutaric aciduria (L2HGA) [MIM:236792],2,0,0.0,0.0,0.0,0.0,0.0,0.0
LEOPARD syndrome 1 (LPRD1) [MIM:151100],1,1,1.0,1.0,0.0,1.0,0.0,0.0
LIG4 syndrome (LIG4S) [MIM:606593],1,0,0.0,0.0,0.0,0.0,0.0,0.0
Lacrimo-auriculo-dento-digital syndrome 3 (LADD3) [MIM:620193],1,0,0.0,0.0,0.0,0.0,0.0,0.0
Lactate dehydrogenase B deficiency (LDHBD) [MIM:614128],1,1,1.0,2.0,1.0,1.0,0.0,0.0
Laron syndrome (LARS) [MIM:262500],5,2,0.4,1.0,0.4,0.2,0.2,0.2
Larsen syndrome (LRS) [MIM:150250],3,0,0.0,0.0,0.0,0.0,0.0,0.0
Lathosterolosis (LATHOS) [MIM:607330],1,0,0.0,0.0,0.0,0.0,0.0,0.0
Leber congenital amaurosis 1 (LCA1) [MIM:204000],6,2,0.3333333333333333,1.3333333333333333,0.3333333333333333,0.3333333333333333,0.3333333333333333,0.3333333333333333
Leber congenital amaurosis 13 (LCA13) [MIM:612712],4,0,0.0,0.0,0.0,0.0,0.0,0.0
Leber congenital amaurosis 2 (LCA2) [MIM:204100],11,2,0.18181818181818182,0.36363636363636365,0.18181818181818182,0.18181818181818182,0.0,0.0
Leber congenital amaurosis 7 (LCA7) [MIM:613829],2,0,0.0,0.0,0.0,0.0,0.0,0.0
Leber congenital amaurosis 8 (LCA8) [MIM:613835],10,3,0.3,1.0,0.3,0.2,0.2,0.3
Leber congenital amaurosis 9 (LCA9) [MIM:608553],4,1,0.25,1.0,0.25,0.25,0.25,0.25
"Leber-like hereditary optic neuropathy, autosomal recessive 1 (LHONAR1) [MIM:619382]",1,0,0.0,0.0,0.0,0.0,0.0,0.0
Lecithin-cholesterol acyltransferase deficiency (LCATD) [MIM:245900],3,0,0.0,0.0,0.0,0.0,0.0,0.0
Left ventricular non-compaction 9 (LVNC9) [MIM:611878],1,1,1.0,1.0,0.0,1.0,0.0,0.0
Legg-Calve-Perthes disease (LCPD) [MIM:150600],1,0,0.0,0.0,0.0,0.0,0.0,0.0
Lenz-Majewski hyperostotic dwarfism (LMHD) [MIM:151050],1,0,0.0,0.0,0.0,0.0,0.0,0.0
Leprechaunism (LEPRCH) [MIM:246200],4,1,0.25,0.5,0.25,0.25,0.0,0.0
Leri-Weill dyschondrosteosis (LWD) [MIM:127300],1,1,1.0,1.0,0.0,0.0,1.0,0.0
Lesch-Nyhan syndrome (LNS) [MIM:300322],2,0,0.0,0.0,0.0,0.0,0.0,0.0
Lessel-Kreienkamp syndrome (LESKRES) [MIM:619149],1,0,0.0,0.0,0.0,0.0,0.0,0.0
Lethal congenital contracture syndrome 11 (LCCS11) [MIM:617194],2,2,1.0,3.0,0.5,1.0,0.5,1.0
Leucine-induced hypoglycemia (LIH) [MIM:240800],2,0,0.0,0.0,0.0,0.0,0.0,0.0
"Leukemia, acute lymphoblastic, 3 (ALL3) [MIM:613065]",1,0,0.0,0.0,0.0,0.0,0.0,0.0
"Leukemia, acute myelogenous (AML) [MIM:601626]",1,0,0.0,0.0,0.0,0.0,0.0,0.0
"Leukemia, juvenile myelomonocytic (JMML) [MIM:607785]",13,5,0.38461538461538464,0.6923076923076923,0.07692307692307693,0.38461538461538464,0.07692307692307693,0.15384615384615385
Leukocyte adhesion deficiency 1 (LAD1) [MIM:116920],3,0,0.0,0.0,0.0,0.0,0.0,0.0
"Leukodystrophy, hypomyelinating, 1 (HLD1) [MIM:312080]",2,0,0.0,0.0,0.0,0.0,0.0,0.0
"Leukodystrophy, hypomyelinating, 10 (HLD10) [MIM:616420]",1,0,0.0,0.0,0.0,0.0,0.0,0.0
"Leukodystrophy, hypomyelinating, 11 (HLD11) [MIM:616494]",5,0,0.0,0.0,0.0,0.0,0.0,0.0
"Leukodystrophy, hypomyelinating, 18 (HLD18) [MIM:618404]",2,1,0.5,0.5,0.0,0.0,0.0,0.5
"Leukodystrophy, hypomyelinating, 19, transient infantile (HLD19) [MIM:618688]",1,0,0.0,0.0,0.0,0.0,0.0,0.0
"Leukodystrophy, hypomyelinating, 2 (HLD2) [MIM:608804]",1,0,0.0,0.0,0.0,0.0,0.0,0.0
"Leukodystrophy, hypomyelinating, 21 (HLD21) [MIM:619310]",1,1,1.0,2.0,0.0,1.0,0.0,1.0
"Leukodystrophy, hypomyelinating, 7, with or without oligodontia and/or hypogonadotropic hypogonadism (HLD7) [MIM:607694]",4,0,0.0,0.0,0.0,0.0,0.0,0.0
"Leukodystrophy, hypomyelinating, 8, with or without oligodontia and/or hypogonadotropic hypogonadism (HLD8) [MIM:614381]",1,0,0.0,0.0,0.0,0.0,0.0,0.0
"Leukodystrophy, hypomyelinating, 9 (HLD9) [MIM:616140]",2,2,1.0,2.5,0.0,1.0,0.5,1.0
Leukoencephalopathy with ataxia (LKPAT) [MIM:615651],1,0,0.0,0.0,0.0,0.0,0.0,0.0
Leukoencephalopathy with vanishing white matter 1 (VWM1) [MIM:603896],1,0,0.0,0.0,0.0,0.0,0.0,0.0
Leukoencephalopathy with vanishing white matter 2 (VWM2) [MIM:620312],2,0,0.0,0.0,0.0,0.0,0.0,0.0
Leukoencephalopathy with vanishing white matter 3 (VWM3) [MIM:620313],2,2,1.0,1.5,0.5,1.0,0.0,0.0
Leukoencephalopathy with vanishing white matter 5 (VWM5) [MIM:620315],3,2,0.6666666666666666,0.6666666666666666,0.3333333333333333,0.3333333333333333,0.0,0.0
"Leukoencephalopathy, hereditary diffuse, with spheroids 1 (HDLS1) [MIM:221820]",3,1,0.3333333333333333,0.3333333333333333,0.0,0.3333333333333333,0.0,0.0
"Leukoencephalopathy, porphyria-related (LENCEP) [MIM:620711]",1,0,0.0,0.0,0.0,0.0,0.0,0.0
Li-Fraumeni syndrome (LFS) [MIM:151623],40,7,0.175,0.4,0.1,0.15,0.125,0.025
Liberfarb syndrome (LIBF) [MIM:618889],1,0,0.0,0.0,0.0,0.0,0.0,0.0
Liddle syndrome 1 (LIDLS1) [MIM:177200],1,0,0.0,0.0,0.0,0.0,0.0,0.0
"Lipodystrophy, congenital generalized, 1 (CGL1) [MIM:608594]",1,1,1.0,2.0,0.0,0.0,1.0,1.0
"Lipodystrophy, familial partial, 2 (FPLD2) [MIM:151660]",7,3,0.42857142857142855,0.8571428571428571,0.42857142857142855,0.42857142857142855,0.0,0.0
Lipoid proteinosis (LiP) [MIM:247100],1,0,0.0,0.0,0.0,0.0,0.0,0.0
Lipoyltransferase 1 deficiency (LIPT1D) [MIM:616299],1,1,1.0,1.0,0.0,1.0,0.0,0.0
Lissencephaly 1 (LIS1) [MIM:607432],1,0,0.0,0.0,0.0,0.0,0.0,0.0
Lissencephaly 3 (LIS3) [MIM:611603],6,4,0.6666666666666666,0.6666666666666666,0.0,0.6666666666666666,0.0,0.0
"Lissencephaly 6, with microcephaly (LIS6) [MIM:616212]",3,1,0.3333333333333333,0.3333333333333333,0.0,0.3333333333333333,0.0,0.0
Loeys-Dietz syndrome 1 (LDS1) [MIM:609192],6,1,0.16666666666666666,0.5,0.16666666666666666,0.16666666666666666,0.0,0.16666666666666666
Loeys-Dietz syndrome 2 (LDS2) [MIM:610168],12,2,0.16666666666666666,0.3333333333333333,0.16666666666666666,0.08333333333333333,0.0,0.08333333333333333
Long QT syndrome 1 (LQT1) [MIM:192500],40,10,0.25,0.35,0.15,0.175,0.025,0.0
Long QT syndrome 11 (LQT11) [MIM:611820],1,1,1.0,4.0,1.0,1.0,1.0,1.0
Long QT syndrome 12 (LQT12) [MIM:612955],1,1,1.0,1.0,0.0,1.0,0.0,0.0
Long QT syndrome 2 (LQT2) [MIM:613688],44,25,0.5681818181818182,0.9545454545454546,0.2727272727272727,0.5227272727272727,0.09090909090909091,0.06818181818181818
Long QT syndrome 3 (LQT3) [MIM:603830],37,12,0.32432432432432434,0.5405405405405406,0.10810810810810811,0.21621621621621623,0.13513513513513514,0.08108108108108109
Long QT syndrome 4 (LQT4) [MIM:600919],1,1,1.0,4.0,1.0,1.0,1.0,1.0
Long QT syndrome 5 (LQT5) [MIM:613695],2,0,0.0,0.0,0.0,0.0,0.0,0.0
Long QT syndrome 7 (LQT7) [MIM:170390],4,0,0.0,0.0,0.0,0.0,0.0,0.0
Loose anagen hair syndrome (LAHS) [MIM:600628],1,0,0.0,0.0,0.0,0.0,0.0,0.0
Lowe oculocerebrorenal syndrome (OCRL) [MIM:309000],7,0,0.0,0.0,0.0,0.0,0.0,0.0
"Lung disease, immunodeficiency, and chromosome breakage syndrome (LICS) [MIM:617241]",1,1,1.0,2.0,0.0,1.0,0.0,1.0
Luo-Schoch-Yamamoto syndrome (LUSYAM) [MIM:619460],1,0,0.0,0.0,0.0,0.0,0.0,0.0
Luteinizing hormone resistance (LHR) [MIM:238320],3,0,0.0,0.0,0.0,0.0,0.0,0.0
Lymphatic malformation 1 (LMPHM1) [MIM:153100],1,0,0.0,0.0,0.0,0.0,0.0,0.0
Lymphoproliferative syndrome 1 (LPFS1) [MIM:613011],1,1,1.0,1.0,0.0,0.0,0.0,1.0
"Lymphoproliferative syndrome, X-linked, 1 (XLP1) [MIM:308240]",2,0,0.0,0.0,0.0,0.0,0.0,0.0
Lynch syndrome 1 (LYNCH1) [MIM:120435],47,13,0.2765957446808511,0.7446808510638298,0.2127659574468085,0.23404255319148937,0.10638297872340426,0.19148936170212766
Lynch syndrome 2 (LYNCH2) [MIM:609310],42,15,0.35714285714285715,0.7142857142857143,0.23809523809523808,0.14285714285714285,0.19047619047619047,0.14285714285714285
Lynch syndrome 4 (LYNCH4) [MIM:614337],6,3,0.5,1.6666666666666667,0.3333333333333333,0.3333333333333333,0.5,0.5
Lynch syndrome 5 (LYNCH5) [MIM:614350],5,1,0.2,0.4,0.0,0.2,0.2,0.0
Lysinuric protein intolerance (LPI) [MIM:222700],5,1,0.2,0.2,0.0,0.2,0.0,0.0
MASA syndrome (MASA) [MIM:303350],2,0,0.0,0.0,0.0,0.0,0.0,0.0
MEND syndrome (MEND) [MIM:300960],1,0,0.0,0.0,0.0,0.0,0.0,0.0
MHC class II deficiency 5 (MHC2D5) [MIM:620818],1,0,0.0,0.0,0.0,0.0,0.0,0.0
"Macrocephaly, dysmorphic facies, and psychomotor retardation (MDFPMR) [MIM:617011]",1,0,0.0,0.0,0.0,0.0,0.0,0.0
Macrocephaly/autism syndrome (MCEPHAS) [MIM:605309],2,1,0.5,0.5,0.0,0.5,0.0,0.0
Macrothrombocytopenia and granulocyte inclusions with or without nephritis or sensorineural hearing loss (MATINS) [MIM:155100],4,2,0.5,1.5,0.5,0.5,0.25,0.25
"Macular degeneration, age-related, 13 (ARMD13) [MIM:615439]",1,1,1.0,2.0,0.0,0.0,1.0,1.0
"Macular degeneration, age-related, 15 (ARMD15) [MIM:615591]",1,1,1.0,1.0,0.0,0.0,0.0,1.0
"Macular degeneration, age-related, 2 (ARMD2) [MIM:153800]",2,2,1.0,3.0,1.0,0.5,1.0,0.5
"Macular degeneration, age-related, 3 (ARMD3) [MIM:608895]",1,1,1.0,2.0,0.0,1.0,0.0,1.0
"Macular degeneration, early-onset (EOMD) [MIM:616118]",1,1,1.0,2.0,1.0,1.0,0.0,0.0
Macular dystrophy with central cone involvement (CCMD) [MIM:616170],1,0,0.0,0.0,0.0,0.0,0.0,0.0
"Macular dystrophy, corneal (MCD) [MIM:217800]",7,3,0.42857142857142855,1.0,0.2857142857142857,0.42857142857142855,0.14285714285714285,0.14285714285714285
"Macular dystrophy, patterned, 1 (MDPT1) [MIM:169150]",6,0,0.0,0.0,0.0,0.0,0.0,0.0
"Macular dystrophy, patterned, 2 (MDPT2) [MIM:608970]",1,1,1.0,3.0,1.0,1.0,0.0,1.0
"Macular dystrophy, vitelliform, 2 (VMD2) [MIM:153700]",43,6,0.13953488372093023,0.27906976744186046,0.09302325581395349,0.09302325581395349,0.046511627906976744,0.046511627906976744
"Macular dystrophy, vitelliform, 3 (VMD3) [MIM:608161]",3,0,0.0,0.0,0.0,0.0,0.0,0.0
"Macular dystrophy, vitelliform, 5 (VMD5) [MIM:616152]",1,0,0.0,0.0,0.0,0.0,0.0,0.0
Mal de Meleda (MDM) [MIM:248300],3,1,0.3333333333333333,1.0,0.3333333333333333,0.0,0.3333333333333333,0.3333333333333333
Male pseudohermaphrodism with gynecomastia (MPH) [MIM:264300],6,2,0.3333333333333333,0.3333333333333333,0.0,0.16666666666666666,0.16666666666666666,0.0
Malignant hyperthermia 1 (MHS1) [MIM:145600],26,7,0.2692307692307692,0.4230769230769231,0.11538461538461539,0.07692307692307693,0.11538461538461539,0.11538461538461539
Mandibuloacral dysplasia with type A lipodystrophy (MADA) [MIM:248370],1,0,0.0,0.0,0.0,0.0,0.0,0.0
Mandibuloacral dysplasia with type B lipodystrophy (MADB) [MIM:608612],1,0,0.0,0.0,0.0,0.0,0.0,0.0
Mandibulofacial dysostosis with microcephaly (MFDM) [MIM:610536],1,0,0.0,0.0,0.0,0.0,0.0,0.0
Manitoba oculotrichoanal syndrome (MOTA) [MIM:248450],1,1,1.0,3.0,1.0,1.0,0.0,1.0
"Mannosidosis, alpha B, lysosomal (MANSA) [MIM:248500]",14,1,0.07142857142857142,0.14285714285714285,0.07142857142857142,0.07142857142857142,0.0,0.0
Maple syrup urine disease 1A (MSUD1A) [MIM:248600],2,1,0.5,0.5,0.5,0.0,0.0,0.0
Maple syrup urine disease 1B (MSUD1B) [MIM:620698],2,0,0.0,0.0,0.0,0.0,0.0,0.0
Maple syrup urine disease 2 (MSUD2) [MIM:620699],1,0,0.0,0.0,0.0,0.0,0.0,0.0
Marbach-Rustad progeroid syndrome (MARUPS) [MIM:619322],1,1,1.0,1.0,0.0,0.0,0.0,1.0
Marfan syndrome (MFS) [MIM:154700],80,11,0.1375,0.2,0.0625,0.1,0.0125,0.025
Marfanoid-progeroid-lipodystrophy syndrome (MFLS) [MIM:616914],1,1,1.0,4.0,1.0,1.0,1.0,1.0
"Mastocytosis, cutaneous (MASTC) [MIM:154800]",6,2,0.3333333333333333,0.3333333333333333,0.0,0.3333333333333333,0.0,0.0
"Mastocytosis, systemic (MASTSYS) [MIM:154800]",1,1,1.0,1.0,0.0,1.0,0.0,0.0
Maternal acute fatty liver of pregnancy (AFLP) [MIM:609016],1,0,0.0,0.0,0.0,0.0,0.0,0.0
Maturity-onset diabetes of the young 2 (MODY2) [MIM:125851],12,2,0.16666666666666666,0.25,0.08333333333333333,0.16666666666666666,0.0,0.0
Maturity-onset diabetes of the young 3 (MODY3) [MIM:600496],12,2,0.16666666666666666,0.16666666666666666,0.08333333333333333,0.0,0.0,0.08333333333333333
McCune-Albright syndrome (MAS) [MIM:174800],2,0,0.0,0.0,0.0,0.0,0.0,0.0
McLeod syndrome (MCLDS) [MIM:300842],2,0,0.0,0.0,0.0,0.0,0.0,0.0
Meckel syndrome 1 (MKS1) [MIM:249000],1,0,0.0,0.0,0.0,0.0,0.0,0.0
Meckel syndrome 3 (MKS3) [MIM:607361],3,1,0.3333333333333333,0.3333333333333333,0.3333333333333333,0.0,0.0,0.0
Medullary thyroid carcinoma (MTC) [MIM:155240],14,2,0.14285714285714285,0.14285714285714285,0.07142857142857142,0.07142857142857142,0.0,0.0
Medulloblastoma (MDB) [MIM:155255],6,5,0.8333333333333334,2.1666666666666665,0.5,0.5,0.3333333333333333,0.8333333333333334
Megalencephalic leukoencephalopathy with subcortical cysts 1 (MLC1) [MIM:604004],2,0,0.0,0.0,0.0,0.0,0.0,0.0
"Megalencephalic leukoencephalopathy with subcortical cysts 2B, remitting, with or without impaired intellectual development (MLC2B) [MIM:613926]",2,2,1.0,1.5,1.0,0.0,0.0,0.5
Megalencephaly-capillary malformation-polymicrogyria syndrome (MCAP) [MIM:602501],9,6,0.6666666666666666,1.2222222222222223,0.4444444444444444,0.4444444444444444,0.0,0.3333333333333333
Megalencephaly-polymicrogyria-polydactyly-hydrocephalus syndrome 1 (MPPH1) [MIM:603387],3,1,0.3333333333333333,0.3333333333333333,0.0,0.0,0.0,0.3333333333333333
Megalencephaly-polymicrogyria-polydactyly-hydrocephalus syndrome 2 (MPPH2) [MIM:615937],1,1,1.0,1.0,0.0,0.0,0.0,1.0
Megalencephaly-polymicrogyria-polydactyly-hydrocephalus syndrome 3 (MPPH3) [MIM:615938],1,0,0.0,0.0,0.0,0.0,0.0,0.0
Meier-Gorlin syndrome 1 (MGORS1) [MIM:224690],1,1,1.0,1.0,1.0,0.0,0.0,0.0
Meier-Gorlin syndrome 3 (MGORS3) [MIM:613803],1,0,0.0,0.0,0.0,0.0,0.0,0.0
Meier-Gorlin syndrome 4 (MGORS4) [MIM:613804],2,0,0.0,0.0,0.0,0.0,0.0,0.0
Meier-Gorlin syndrome 5 (MGORS5) [MIM:613805],1,1,1.0,2.0,0.0,1.0,0.0,1.0
"Melanocytic nevus syndrome, congenital (CMNS) [MIM:137550]",4,2,0.5,0.5,0.0,0.5,0.0,0.0
"Melanoma, cutaneous malignant 2 (CMM2) [MIM:155601]",20,8,0.4,1.1,0.4,0.25,0.2,0.25
"Melanoma, cutaneous malignant 3 (CMM3) [MIM:609048]",1,1,1.0,1.0,0.0,0.0,0.0,1.0
"Melanoma, cutaneous malignant 5 (CMM5) [MIM:613099]",1,1,1.0,2.0,0.0,1.0,0.0,1.0
"Melanoma, cutaneous malignant 6 (CMM6) [MIM:613972]",1,0,0.0,0.0,0.0,0.0,0.0,0.0
"Melorheostosis, isolated (MEL) [MIM:155950]",1,0,0.0,0.0,0.0,0.0,0.0,0.0
Menke-Hennekam syndrome 1 (MKHK1) [MIM:618332],3,0,0.0,0.0,0.0,0.0,0.0,0.0
Menkes disease (MNK) [MIM:309400],1,0,0.0,0.0,0.0,0.0,0.0,0.0
Merosin-deficient congenital muscular dystrophy 1A (MDC1A) [MIM:607855],1,0,0.0,0.0,0.0,0.0,0.0,0.0
"Metabolic crises, recurrent, with rhabdomyolysis, cardiac arrhythmias, and neurodegeneration (MECRCN) [MIM:616878]",2,0,0.0,0.0,0.0,0.0,0.0,0.0
"Metaphyseal chondrodysplasia, Jansen type (MCDJ) [MIM:156400]",2,0,0.0,0.0,0.0,0.0,0.0,0.0
Metatropic dysplasia (MTD) [MIM:156530],4,2,0.5,0.5,0.25,0.25,0.0,0.0
Methemoglobinemia CYB5R3-related (METHB-CYB5R3) [MIM:250800],2,0,0.0,0.0,0.0,0.0,0.0,0.0
Methionine adenosyltransferase deficiency (MATD) [MIM:250850],5,1,0.2,0.2,0.0,0.2,0.0,0.0
Methylmalonic aciduria and homocystinuria type cblJ (MAHCJ) [MIM:614857],1,0,0.0,0.0,0.0,0.0,0.0,0.0
"Methylmalonic aciduria and homocystinuria, cblC type (MAHCC) [MIM:277400]",3,0,0.0,0.0,0.0,0.0,0.0,0.0
Methylmalonic aciduria due to methylmalonyl-CoA mutase deficiency (MAMM) [MIM:251000],31,4,0.12903225806451613,0.25806451612903225,0.06451612903225806,0.12903225806451613,0.03225806451612903,0.03225806451612903
"Methylmalonic aciduria, cblB type (MACB) [MIM:251110]",2,0,0.0,0.0,0.0,0.0,0.0,0.0
Mevalonic aciduria (MEVA) [MIM:610377],4,0,0.0,0.0,0.0,0.0,0.0,0.0
"Microcephaly 10, primary, autosomal recessive (MCPH10) [MIM:615095]",1,1,1.0,1.0,0.0,0.0,0.0,1.0
"Microcephaly 13, primary, autosomal recessive (MCPH13) [MIM:616051]",1,1,1.0,2.0,0.0,1.0,1.0,0.0
"Microcephaly 18, primary, autosomal dominant (MCPH18) [MIM:617520]",1,0,0.0,0.0,0.0,0.0,0.0,0.0
"Microcephaly 26, primary, autosomal dominant (MCPH26) [MIM:619179]",1,0,0.0,0.0,0.0,0.0,0.0,0.0
"Microcephaly 28, primary, autosomal recessive (MCPH28) [MIM:619453]",1,1,1.0,1.0,0.0,0.0,0.0,1.0
"Microcephaly 6, primary, autosomal recessive (MCPH6) [MIM:608393]",1,0,0.0,0.0,0.0,0.0,0.0,0.0
"Microcephaly 7, primary, autosomal recessive (MCPH7) [MIM:612703]",1,0,0.0,0.0,0.0,0.0,0.0,0.0
"Microcephaly, congenital cataract, and psoriasiform dermatitis (MCCPD) [MIM:616834]",1,0,0.0,0.0,0.0,0.0,0.0,0.0
"Microcephaly, progressive, with seizures and cerebral and cerebellar atrophy (MSCCA) [MIM:615760]",4,1,0.25,0.75,0.25,0.25,0.0,0.25
"Microcephaly, seizures, and developmental delay (MCSZ) [MIM:613402]",1,0,0.0,0.0,0.0,0.0,0.0,0.0
"Microcephaly, short stature, and polymicrogyria with or without seizures (MSSP) [MIM:614833]",1,1,1.0,2.0,1.0,0.0,0.0,1.0
Microcephaly-capillary malformation syndrome (MICCAP) [MIM:614261],3,1,0.3333333333333333,0.6666666666666666,0.3333333333333333,0.0,0.0,0.3333333333333333
"Microphthalmia, isolated, 8 (MCOP8) [MIM:615113]",3,1,0.3333333333333333,0.3333333333333333,0.0,0.0,0.0,0.3333333333333333
"Microphthalmia, syndromic, 9 (MCOPS9) [MIM:601186]",2,1,0.5,0.5,0.5,0.0,0.0,0.0
Microphthalmia/Coloboma 6 (MCOPCB6) [MIM:613703],1,0,0.0,0.0,0.0,0.0,0.0,0.0
Microphthalmia/coloboma 12 (MCOPCB12) [MIM:120200],1,0,0.0,0.0,0.0,0.0,0.0,0.0
Microphthalmia/coloboma and skeletal dysplasia syndrome (MCSKS) [MIM:615877],1,0,0.0,0.0,0.0,0.0,0.0,0.0
"Microtia, hearing impairment, and cleft palate (MHICP) [MIM:612290]",1,0,0.0,0.0,0.0,0.0,0.0,0.0
"Migraine, familial hemiplegic, 2 (FHM2) [MIM:602481]",1,0,0.0,0.0,0.0,0.0,0.0,0.0
"Migraine, familial hemiplegic, 3 (FHM3) [MIM:609634]",1,1,1.0,1.0,0.0,0.0,1.0,0.0
Mirror movements 1 (MRMV1) [MIM:157600],1,0,0.0,0.0,0.0,0.0,0.0,0.0
Mitochondrial DNA depletion syndrome 11 (MTDPS11) [MIM:615084],1,0,0.0,0.0,0.0,0.0,0.0,0.0
"Mitochondrial DNA depletion syndrome 12A, cardiomyopathic type (MTDPS12A) [MIM:617184]",2,1,0.5,0.5,0.0,0.5,0.0,0.0
"Mitochondrial DNA depletion syndrome 12B, cardiomyopathic type (MTDPS12B) [MIM:615418]",1,1,1.0,1.0,0.0,1.0,0.0,0.0
Mitochondrial DNA depletion syndrome 13 (MTDPS13) [MIM:615471],2,1,0.5,1.0,0.0,0.5,0.0,0.5
"Mitochondrial DNA depletion syndrome 15, hepatocerebral type (MTDPS15) [MIM:617156]",1,1,1.0,4.0,1.0,1.0,1.0,1.0
Mitochondrial DNA depletion syndrome 2 (MTDPS2) [MIM:609560],3,1,0.3333333333333333,0.3333333333333333,0.3333333333333333,0.0,0.0,0.0
"Mitochondrial DNA depletion syndrome 20, MNGIE type (MTDPS20) [MIM:619780]",1,0,0.0,0.0,0.0,0.0,0.0,0.0
Mitochondrial DNA depletion syndrome 4A (MTDPS4A) [MIM:203700],5,0,0.0,0.0,0.0,0.0,0.0,0.0
Mitochondrial DNA depletion syndrome 4B (MTDPS4B) [MIM:613662],4,3,0.75,1.5,0.5,0.5,0.25,0.25
Mitochondrial DNA depletion syndrome 6 (MTDPS6) [MIM:256810],3,0,0.0,0.0,0.0,0.0,0.0,0.0
Mitochondrial DNA depletion syndrome 7 (MTDPS7) [MIM:271245],1,0,0.0,0.0,0.0,0.0,0.0,0.0
Mitochondrial DNA depletion syndrome 8A (MTDPS8A) [MIM:612075],4,1,0.25,0.25,0.0,0.25,0.0,0.0
"Mitochondrial complex I deficiency, nuclear type 11 (MC1DN11) [MIM:618234]",3,0,0.0,0.0,0.0,0.0,0.0,0.0
"Mitochondrial complex I deficiency, nuclear type 15 (MC1DN15) [MIM:618237]",3,1,0.3333333333333333,0.3333333333333333,0.0,0.0,0.0,0.3333333333333333
"Mitochondrial complex I deficiency, nuclear type 16 (MC1DN16) [MIM:618238]",1,0,0.0,0.0,0.0,0.0,0.0,0.0
"Mitochondrial complex I deficiency, nuclear type 17 (MC1DN17) [MIM:618239]",2,2,1.0,1.0,0.0,1.0,0.0,0.0
"Mitochondrial complex I deficiency, nuclear type 18 (MC1DN18) [MIM:618240]",3,1,0.3333333333333333,0.6666666666666666,0.3333333333333333,0.3333333333333333,0.0,0.0
"Mitochondrial complex I deficiency, nuclear type 19 (MC1DN19) [MIM:618241]",1,0,0.0,0.0,0.0,0.0,0.0,0.0
"Mitochondrial complex I deficiency, nuclear type 2 (MC1DN2) [MIM:618222]",1,0,0.0,0.0,0.0,0.0,0.0,0.0
"Mitochondrial complex I deficiency, nuclear type 20 (MC1DN20) [MIM:611126]",1,1,1.0,1.0,0.0,1.0,0.0,0.0
"Mitochondrial complex I deficiency, nuclear type 21 (MC1DN21) [MIM:618242]",1,0,0.0,0.0,0.0,0.0,0.0,0.0
"Mitochondrial complex I deficiency, nuclear type 26 (MC1DN26) [MIM:618247]",2,2,1.0,2.0,1.0,0.5,0.0,0.5
"Mitochondrial complex I deficiency, nuclear type 32 (MC1DN32) [MIM:618252]",1,0,0.0,0.0,0.0,0.0,0.0,0.0
"Mitochondrial complex I deficiency, nuclear type 4 (MC1DN4) [MIM:618225]",1,0,0.0,0.0,0.0,0.0,0.0,0.0
"Mitochondrial complex I deficiency, nuclear type 5 (MC1DN5) [MIM:618226]",1,0,0.0,0.0,0.0,0.0,0.0,0.0
"Mitochondrial complex I deficiency, nuclear type 8 (MC1DN8) [MIM:618230]",1,0,0.0,0.0,0.0,0.0,0.0,0.0
"Mitochondrial complex II deficiency, nuclear type 3 (MC2DN3) [MIM:619167]",2,0,0.0,0.0,0.0,0.0,0.0,0.0
"Mitochondrial complex III deficiency, nuclear type 1 (MC3DN1) [MIM:124000]",6,3,0.5,0.8333333333333334,0.3333333333333333,0.3333333333333333,0.0,0.16666666666666666
"Mitochondrial complex III deficiency, nuclear type 6 (MC3DN6) [MIM:615453]",1,0,0.0,0.0,0.0,0.0,0.0,0.0
"Mitochondrial complex III deficiency, nuclear type 8 (MC3DN8) [MIM:615838]",1,0,0.0,0.0,0.0,0.0,0.0,0.0
"Mitochondrial complex III deficiency, nuclear type 9 (MC3DN9) [MIM:616111]",1,0,0.0,0.0,0.0,0.0,0.0,0.0
"Mitochondrial complex IV deficiency, nuclear type 1 (MC4DN1) [MIM:220110]",3,0,0.0,0.0,0.0,0.0,0.0,0.0
"Mitochondrial complex IV deficiency, nuclear type 11 (MC4DN11) [MIM:619054]",1,0,0.0,0.0,0.0,0.0,0.0,0.0
"Mitochondrial complex IV deficiency, nuclear type 2 (MC4DN2) [MIM:604377]",1,0,0.0,0.0,0.0,0.0,0.0,0.0
"Mitochondrial complex IV deficiency, nuclear type 3 (MC4DN3) [MIM:619046]",3,0,0.0,0.0,0.0,0.0,0.0,0.0
"Mitochondrial complex IV deficiency, nuclear type 5 (MC4DN5) [MIM:220111]",1,1,1.0,1.0,0.0,0.0,0.0,1.0
"Mitochondrial complex IV deficiency, nuclear type 6 (MC4DN6) [MIM:615119]",1,0,0.0,0.0,0.0,0.0,0.0,0.0
"Mitochondrial complex IV deficiency, nuclear type 9 (MC4DN9) [MIM:616500]",1,1,1.0,2.0,1.0,0.0,1.0,0.0
Mitochondrial short-chain enoyl-CoA hydratase 1 deficiency (ECHS1D) [MIM:616277],6,3,0.5,1.3333333333333333,0.16666666666666666,0.5,0.16666666666666666,0.5
Mitochondrial trifunctional protein deficiency 2 (MTPD2) [MIM:620300],4,0,0.0,0.0,0.0,0.0,0.0,0.0
Miyoshi muscular dystrophy 1 (MMD1) [MIM:254130],12,1,0.08333333333333333,0.25,0.08333333333333333,0.08333333333333333,0.0,0.08333333333333333
Molybdenum cofactor deficiency A (MOCODA) [MIM:252150],3,0,0.0,0.0,0.0,0.0,0.0,0.0
Molybdenum cofactor deficiency B (MOCODB) [MIM:252160],1,1,1.0,1.0,0.0,0.0,1.0,0.0
Molybdenum cofactor deficiency C (MOCODC) [MIM:615501],1,0,0.0,0.0,0.0,0.0,0.0,0.0
Monilethrix (MNLIX) [MIM:158000],3,0,0.0,0.0,0.0,0.0,0.0,0.0
Monocarboxylate transporter 1 deficiency (MCT1D) [MIM:616095],1,0,0.0,0.0,0.0,0.0,0.0,0.0
Mononeuropathy of the median nerve mild (MNMN) [MIM:613353],1,1,1.0,2.0,1.0,0.0,0.0,1.0
Mucolipidosis 4 (ML4) [MIM:252650],1,0,0.0,0.0,0.0,0.0,0.0,0.0
Mucolipidosis type II (MLII) [MIM:252500],4,1,0.25,0.25,0.0,0.0,0.0,0.25
Mucolipidosis type III complementation group A (MLIIIA) [MIM:252600],5,0,0.0,0.0,0.0,0.0,0.0,0.0
Mucopolysaccharidosis 1H (MPS1H) [MIM:607014],6,2,0.3333333333333333,0.6666666666666666,0.3333333333333333,0.3333333333333333,0.0,0.0
Mucopolysaccharidosis 1H/S (MPS1H/S) [MIM:607015],8,4,0.5,1.375,0.5,0.375,0.25,0.25
Mucopolysaccharidosis 1S (MPS1S) [MIM:607016],4,2,0.5,0.5,0.25,0.0,0.25,0.0
Mucopolysaccharidosis 2 (MPS2) [MIM:309900],13,1,0.07692307692307693,0.3076923076923077,0.07692307692307693,0.07692307692307693,0.07692307692307693,0.07692307692307693
Mucopolysaccharidosis 3A (MPS3A) [MIM:252900],10,3,0.3,0.4,0.1,0.2,0.1,0.0
Mucopolysaccharidosis 3B (MPS3B) [MIM:252920],16,6,0.375,0.375,0.3125,0.0625,0.0,0.0
Mucopolysaccharidosis 4A (MPS4A) [MIM:253000],28,10,0.35714285714285715,0.5,0.32142857142857145,0.10714285714285714,0.07142857142857142,0.0
Mucopolysaccharidosis 6 (MPS6) [MIM:253200],8,2,0.25,0.375,0.125,0.25,0.0,0.0
Mucopolysaccharidosis 7 (MPS7) [MIM:253220],10,3,0.3,0.6,0.3,0.1,0.1,0.1
Mullerian aplasia and hyperandrogenism (MULLAPL) [MIM:158330],1,0,0.0,0.0,0.0,0.0,0.0,0.0
Multicentric carpotarsal osteolysis syndrome (MCTO) [MIM:166300],5,1,0.2,0.2,0.0,0.2,0.0,0.0
"Multicentric osteolysis, nodulosis, and arthropathy (MONA) [MIM:259600]",1,0,0.0,0.0,0.0,0.0,0.0,0.0
Multiple congenital anomalies-hypotonia-seizures syndrome 2 (MCAHS2) [MIM:300868],1,1,1.0,1.0,1.0,0.0,0.0,0.0
Multiple congenital anomalies-hypotonia-seizures syndrome 3 (MCAHS3) [MIM:615398],5,1,0.2,0.4,0.2,0.0,0.0,0.2
Multiple epiphyseal dysplasia 1 (EDM1) [MIM:132400],6,1,0.16666666666666666,0.16666666666666666,0.0,0.16666666666666666,0.0,0.0
Multiple epiphyseal dysplasia 4 (EDM4) [MIM:226900],2,0,0.0,0.0,0.0,0.0,0.0,0.0
Multiple epiphyseal dysplasia 5 (EDM5) [MIM:607078],3,1,0.3333333333333333,0.3333333333333333,0.0,0.0,0.0,0.3333333333333333
Multiple fibroadenomas of the breast (MFAB) [MIM:615554],1,1,1.0,4.0,1.0,1.0,1.0,1.0
Multiple mitochondrial dysfunctions syndrome 1 (MMDS1) [MIM:605711],1,1,1.0,2.0,1.0,0.0,0.0,1.0
Multiple mitochondrial dysfunctions syndrome 10 (MMDS10) [MIM:620960],1,0,0.0,0.0,0.0,0.0,0.0,0.0
Multiple mitochondrial dysfunctions syndrome 3 (MMDS3) [MIM:615330],1,1,1.0,4.0,1.0,1.0,1.0,1.0
Multiple neoplasia 2A (MEN2A) [MIM:171400],19,2,0.10526315789473684,0.10526315789473684,0.0,0.05263157894736842,0.05263157894736842,0.0
"Multiple pterygium syndrome, lethal type (LMPS) [MIM:253290]",2,0,0.0,0.0,0.0,0.0,0.0,0.0
Multiple self-healing squamous epithelioma (MSSE) [MIM:132800],1,1,1.0,2.0,1.0,1.0,0.0,0.0
Multiple sulfatase deficiency (MSD) [MIM:272200],6,2,0.3333333333333333,0.6666666666666666,0.3333333333333333,0.3333333333333333,0.0,0.0
Multiple synostoses syndrome 1 (SYNS1) [MIM:186500],2,0,0.0,0.0,0.0,0.0,0.0,0.0
Multiple system atrophy 1 (MSA1) [MIM:146500],4,3,0.75,1.75,0.5,0.5,0.25,0.5
Muscular dystrophy congenital LMNA-related (MDCL) [MIM:613205],5,1,0.2,0.2,0.0,0.2,0.0,0.0
"Muscular dystrophy, congenital, with or without seizures (MYOS) [MIM:620166]",1,0,0.0,0.0,0.0,0.0,0.0,0.0
"Muscular dystrophy, limb-girdle, autosomal dominant 2 (LGMDD2) [MIM:608423]",1,1,1.0,2.0,1.0,0.0,0.0,1.0
"Muscular dystrophy, limb-girdle, autosomal dominant 3 (LGMDD3) [MIM:609115]",1,0,0.0,0.0,0.0,0.0,0.0,0.0
"Muscular dystrophy, limb-girdle, autosomal recessive 1 (LGMDR1) [MIM:253600]",18,5,0.2777777777777778,0.4444444444444444,0.1111111111111111,0.2222222222222222,0.05555555555555555,0.05555555555555555
"Muscular dystrophy, limb-girdle, autosomal recessive 2 (LGMDR2) [MIM:253601]",5,0,0.0,0.0,0.0,0.0,0.0,0.0
"Muscular dystrophy, limb-girdle, autosomal recessive 23 (LGMDR23) [MIM:618138]",2,2,1.0,2.0,0.0,0.5,0.5,1.0
"Muscular dystrophy, limb-girdle, autosomal recessive 26 (LGMDR26) [MIM:618848]",1,0,0.0,0.0,0.0,0.0,0.0,0.0
"Muscular dystrophy, limb-girdle, autosomal recessive 3 (LGMDR3) [MIM:608099]",4,1,0.25,0.25,0.25,0.0,0.0,0.0
"Muscular dystrophy, limb-girdle, autosomal recessive 4 (LGMDR4) [MIM:604286]",5,2,0.4,0.8,0.2,0.4,0.2,0.0
"Muscular dystrophy, limb-girdle, autosomal recessive 8 (LGMDR8) [MIM:254110]",2,1,0.5,0.5,0.5,0.0,0.0,0.0
Muscular dystrophy-dystroglycanopathy congenital with brain and eye anomalies A11 (MDDGA11) [MIM:615181],1,1,1.0,1.0,0.0,0.0,0.0,1.0
Muscular dystrophy-dystroglycanopathy congenital with brain and eye anomalies A12 (MDDGA12) [MIM:615249],1,0,0.0,0.0,0.0,0.0,0.0,0.0
Muscular dystrophy-dystroglycanopathy congenital with brain and eye anomalies A14 (MDDGA14) [MIM:615350],1,1,1.0,3.0,1.0,1.0,0.0,1.0
Muscular dystrophy-dystroglycanopathy congenital with brain and eye anomalies A3 (MDDGA3) [MIM:253280],4,0,0.0,0.0,0.0,0.0,0.0,0.0
Muscular dystrophy-dystroglycanopathy congenital with brain and eye anomalies A4 (MDDGA4) [MIM:253800],1,1,1.0,4.0,1.0,1.0,1.0,1.0
Muscular dystrophy-dystroglycanopathy congenital with brain and eye anomalies A7 (MDDGA7) [MIM:614643],1,0,0.0,0.0,0.0,0.0,0.0,0.0
Muscular dystrophy-dystroglycanopathy congenital with brain and eye anomalies A9 (MDDGA9) [MIM:616538],1,0,0.0,0.0,0.0,0.0,0.0,0.0
Muscular dystrophy-dystroglycanopathy congenital with impaired intellectual development B1 (MDDGB1) [MIM:613155],1,0,0.0,0.0,0.0,0.0,0.0,0.0
Muscular dystrophy-dystroglycanopathy congenital with impaired intellectual development B2 (MDDGB2) [MIM:613156],1,0,0.0,0.0,0.0,0.0,0.0,0.0
Muscular dystrophy-dystroglycanopathy congenital with impaired intellectual development B3 (MDDGB3) [MIM:613151],2,0,0.0,0.0,0.0,0.0,0.0,0.0
Muscular dystrophy-dystroglycanopathy congenital with or without impaired intellectual development B5 (MDDGB5) [MIM:606612],5,1,0.2,0.4,0.2,0.2,0.0,0.0
Muscular dystrophy-dystroglycanopathy limb-girdle C14 (MDDGC14) [MIM:615352],3,2,0.6666666666666666,1.3333333333333333,0.3333333333333333,0.6666666666666666,0.0,0.3333333333333333
Muscular dystrophy-dystroglycanopathy limb-girdle C15 (MDDGC15) [MIM:612937],1,0,0.0,0.0,0.0,0.0,0.0,0.0
Muscular dystrophy-dystroglycanopathy limb-girdle C5 (MDDGC5) [MIM:607155],7,2,0.2857142857142857,0.42857142857142855,0.14285714285714285,0.14285714285714285,0.0,0.14285714285714285
Muscular dystrophy-dystroglycanopathy limb-girdle C7 (MDDGC7) [MIM:616052],1,1,1.0,1.0,1.0,0.0,0.0,0.0
Muscular dystrophy-dystroglycanopathy limb-girdle C9 (MDDGC9) [MIM:613818],1,0,0.0,0.0,0.0,0.0,0.0,0.0
"Myasthenic syndrome, congenital, 10 (CMS10) [MIM:254300]",5,1,0.2,0.4,0.0,0.2,0.0,0.2
"Myasthenic syndrome, congenital, 11, associated with acetylcholine receptor deficiency (CMS11) [MIM:616326]",2,2,1.0,2.0,0.5,0.5,0.0,1.0
"Myasthenic syndrome, congenital, 12 (CMS12) [MIM:610542]",3,0,0.0,0.0,0.0,0.0,0.0,0.0
"Myasthenic syndrome, congenital, 13 (CMS13) [MIM:614750]",2,0,0.0,0.0,0.0,0.0,0.0,0.0
"Myasthenic syndrome, congenital, 18 (CMS18) [MIM:616330]",1,0,0.0,0.0,0.0,0.0,0.0,0.0
"Myasthenic syndrome, congenital, 20, presynaptic (CMS20) [MIM:617143]",1,0,0.0,0.0,0.0,0.0,0.0,0.0
"Myasthenic syndrome, congenital, 21, presynaptic (CMS21) [MIM:617239]",1,0,0.0,0.0,0.0,0.0,0.0,0.0
"Myasthenic syndrome, congenital, 2A, slow-channel (CMS2A) [MIM:616313]",1,0,0.0,0.0,0.0,0.0,0.0,0.0
"Myasthenic syndrome, congenital, 3B, fast-channel (CMS3B) [MIM:616322]",1,1,1.0,1.0,0.0,1.0,0.0,0.0
"Myasthenic syndrome, congenital, 5 (CMS5) [MIM:603034]",3,0,0.0,0.0,0.0,0.0,0.0,0.0
"Myasthenic syndrome, congenital, 6, presynaptic (CMS6) [MIM:254210]",4,1,0.25,0.25,0.25,0.0,0.0,0.0
"Myasthenic syndrome, congenital, 9, associated with acetylcholine receptor deficiency (CMS9) [MIM:616325]",1,0,0.0,0.0,0.0,0.0,0.0,0.0
Myelodysplastic syndrome (MDS) [MIM:614286],5,1,0.2,0.4,0.0,0.2,0.0,0.2
Myelofibrosis with myeloid metaplasia (MMM) [MIM:254450],1,1,1.0,3.0,1.0,1.0,0.0,1.0
Myeloperoxidase deficiency (MPOD) [MIM:254600],2,0,0.0,0.0,0.0,0.0,0.0,0.0
Myhre syndrome (MYHRS) [MIM:139210],1,0,0.0,0.0,0.0,0.0,0.0,0.0
Myoclonic epilepsy of Lafora 2 (MELF2) [MIM:620681],2,0,0.0,0.0,0.0,0.0,0.0,0.0
Myoclonic epilepsy of lafora 1 (MELF1) [MIM:254780],1,1,1.0,1.0,0.0,1.0,0.0,0.0
Myoclonic-atonic epilepsy (MAE) [MIM:616421],1,1,1.0,1.0,1.0,0.0,0.0,0.0
"Myofibromatosis, infantile 2 (IMF2) [MIM:615293]",1,0,0.0,0.0,0.0,0.0,0.0,0.0
Myokymia isolated 1 (MK1) [MIM:160120],2,1,0.5,1.5,0.5,0.5,0.0,0.5
Myopathy with lactic acidosis and sideroblastic anemia 2 (MLASA2) [MIM:613561],1,0,0.0,0.0,0.0,0.0,0.0,0.0
"Myopathy, X-linked, with postural muscle atrophy (XMPMA) [MIM:300696]",2,1,0.5,0.5,0.0,0.0,0.0,0.5
"Myopathy, centronuclear, 1 (CNM1) [MIM:160150]",3,1,0.3333333333333333,0.3333333333333333,0.0,0.3333333333333333,0.0,0.0
"Myopathy, centronuclear, 2 (CNM2) [MIM:255200]",2,2,1.0,1.5,0.5,0.5,0.0,0.5
"Myopathy, centronuclear, X-linked (CNMX) [MIM:310400]",5,0,0.0,0.0,0.0,0.0,0.0,0.0
"Myopathy, distal, 1 (MPD1) [MIM:160500]",1,0,0.0,0.0,0.0,0.0,0.0,0.0
"Myopathy, myofibrillar, 1 (MFM1) [MIM:601419]",12,5,0.4166666666666667,0.5,0.16666666666666666,0.16666666666666666,0.0,0.16666666666666666
"Myopathy, myofibrillar, 2 (MFM2) [MIM:608810]",1,0,0.0,0.0,0.0,0.0,0.0,0.0
"Myopathy, tubular aggregate, 1 (TAM1) [MIM:160565]",2,2,1.0,1.0,0.5,0.5,0.0,0.0
"Myopia 21, autosomal dominant (MYP21) [MIM:614167]",1,1,1.0,4.0,1.0,1.0,1.0,1.0
"Myopia 25, autosomal dominant (MYP25) [MIM:617238]",1,0,0.0,0.0,0.0,0.0,0.0,0.0
Myopia 6 (MYP6) [MIM:608908],1,0,0.0,0.0,0.0,0.0,0.0,0.0
Myotonia SCN4A-related (MYOSCN4A) [MIM:608390],5,2,0.4,0.4,0.0,0.4,0.0,0.0
"Myotonia congenita, autosomal dominant (MCAD) [MIM:160800]",4,0,0.0,0.0,0.0,0.0,0.0,0.0
"Myotonia congenita, autosomal recessive (MCAR) [MIM:255700]",10,3,0.3,0.7,0.2,0.2,0.1,0.2
N-acetylglutamate synthase deficiency (NAGSD) [MIM:237310],1,0,0.0,0.0,0.0,0.0,0.0,0.0
N-terminal acetyltransferase deficiency (NATD) [MIM:300855],1,0,0.0,0.0,0.0,0.0,0.0,0.0
NESCAV syndrome (NESCAVS) [MIM:614255],2,0,0.0,0.0,0.0,0.0,0.0,0.0
"Nail disorder, non-syndromic congenital, 4 (NDNC4) [MIM:206800]",1,0,0.0,0.0,0.0,0.0,0.0,0.0
"Nasopharyngeal carcinoma, 3 (NPCA3) [MIM:617075]",1,0,0.0,0.0,0.0,0.0,0.0,0.0
Nemaline myopathy 8 (NEM8) [MIM:615348],5,2,0.4,1.0,0.2,0.2,0.2,0.4
Neonatal nephrocutaneous inflammatory syndrome (NNCIS) [MIM:616069],1,0,0.0,0.0,0.0,0.0,0.0,0.0
Nephrogenic syndrome of inappropriate antidiuresis (NSIAD) [MIM:300539],2,0,0.0,0.0,0.0,0.0,0.0,0.0
"Nephrolithiasis/osteoporosis, hypophosphatemic, 2 (NPHLOP2) [MIM:612287]",1,1,1.0,1.0,0.0,0.0,0.0,1.0
Nephronophthisis 1 (NPHP1) [MIM:256100],1,0,0.0,0.0,0.0,0.0,0.0,0.0
Nephronophthisis 11 (NPHP11) [MIM:613550],3,0,0.0,0.0,0.0,0.0,0.0,0.0
Nephronophthisis 12 (NPHP12) [MIM:613820],2,2,1.0,4.0,1.0,1.0,1.0,1.0
Nephronophthisis 13 (NPHP13) [MIM:614377],1,1,1.0,1.0,0.0,1.0,0.0,0.0
Nephronophthisis 14 (NPHP14) [MIM:614844],1,0,0.0,0.0,0.0,0.0,0.0,0.0
Nephronophthisis 3 (NPHP3) [MIM:604387],2,2,1.0,2.0,1.0,0.5,0.0,0.5
Nephronophthisis 4 (NPHP4) [MIM:606966],2,0,0.0,0.0,0.0,0.0,0.0,0.0
Nephronophthisis 9 (NPHP9) [MIM:613824],1,1,1.0,2.0,1.0,1.0,0.0,0.0
Nephronophthisis-like nephropathy 1 (NPHPL1) [MIM:613159],1,0,0.0,0.0,0.0,0.0,0.0,0.0
Nephronophthisis-like nephropathy 2 (NPHPL2) [MIM:619468],1,0,0.0,0.0,0.0,0.0,0.0,0.0
Nephrotic syndrome 1 (NPHS1) [MIM:256300],17,8,0.47058823529411764,0.7647058823529411,0.17647058823529413,0.17647058823529413,0.058823529411764705,0.35294117647058826
Nephrotic syndrome 11 (NPHS11) [MIM:616730],1,0,0.0,0.0,0.0,0.0,0.0,0.0
Nephrotic syndrome 13 (NPHS13) [MIM:616893],1,0,0.0,0.0,0.0,0.0,0.0,0.0
Nephrotic syndrome 18 (NPHS18) [MIM:618177],1,1,1.0,1.0,0.0,0.0,0.0,1.0
Nephrotic syndrome 2 (NPHS2) [MIM:600995],5,2,0.4,0.6,0.2,0.4,0.0,0.0
Nephrotic syndrome 21 (NPHS21) [MIM:618594],1,0,0.0,0.0,0.0,0.0,0.0,0.0
Nephrotic syndrome 22 (NPHS22) [MIM:619155],1,0,0.0,0.0,0.0,0.0,0.0,0.0
"Nephrotic syndrome 5, with or without ocular abnormalities (NPHS5) [MIM:614199]",3,2,0.6666666666666666,2.6666666666666665,0.6666666666666666,0.6666666666666666,0.6666666666666666,0.6666666666666666
Nestor-Guillermo progeria syndrome (NGPS) [MIM:614008],1,1,1.0,2.0,0.0,1.0,0.0,1.0
Neu-Laxova syndrome 1 (NLS1) [MIM:256520],1,0,0.0,0.0,0.0,0.0,0.0,0.0
Neural tube defects (NTD) [MIM:182940],3,2,0.6666666666666666,2.0,0.3333333333333333,0.6666666666666666,0.3333333333333333,0.6666666666666666
Neuroblastoma 3 (NBLST3) [MIM:613014],8,1,0.125,0.125,0.0,0.125,0.0,0.0
Neurodegeneration with brain iron accumulation 1 (NBIA1) [MIM:234200],7,3,0.42857142857142855,0.7142857142857143,0.2857142857142857,0.42857142857142855,0.0,0.0
Neurodegeneration with brain iron accumulation 2B (NBIA2B) [MIM:610217],1,0,0.0,0.0,0.0,0.0,0.0,0.0
Neurodegeneration with brain iron accumulation 4 (NBIA4) [MIM:614298],5,2,0.4,0.8,0.2,0.4,0.0,0.2
Neurodegeneration with brain iron accumulation 6 (NBIA6) [MIM:615643],1,0,0.0,0.0,0.0,0.0,0.0,0.0
Neurodegeneration with brain iron accumulation 7 (NBIA7) [MIM:617916],1,1,1.0,2.0,0.0,1.0,0.0,1.0
"Neurodegeneration, childhood-onset, stress-induced, with variable ataxia and seizures (CONDSIAS) [MIM:618170]",1,0,0.0,0.0,0.0,0.0,0.0,0.0
"Neurodegeneration, childhood-onset, with cerebellar atrophy (CONDCA) [MIM:618276]",1,0,0.0,0.0,0.0,0.0,0.0,0.0
"Neurodegeneration, childhood-onset, with multisystem involvement due to mitochondrial dysfunction (CONDMIM) [MIM:620089]",2,1,0.5,1.5,0.5,0.5,0.5,0.0
"Neurodegeneration, childhood-onset, with progressive microcephaly (CONPM) [MIM:619847]",1,0,0.0,0.0,0.0,0.0,0.0,0.0
Neurodevelopmental disorder plus optic atrophy (NEDOA) [MIM:620784],1,1,1.0,2.0,1.0,0.0,0.0,1.0
"Neurodevelopmental disorder with ataxic gait, absent speech, and decreased cortical white matter (NDAGSCW) [MIM:617807]",1,0,0.0,0.0,0.0,0.0,0.0,0.0
"Neurodevelopmental disorder with brain anomalies, seizures, and scoliosis (NEDBSS) [MIM:618590]",1,1,1.0,1.0,0.0,0.0,0.0,1.0
"Neurodevelopmental disorder with cardiomyopathy, spasticity, and brain abnormalities (NEDCASB) [MIM:619121]",1,0,0.0,0.0,0.0,0.0,0.0,0.0
"Neurodevelopmental disorder with cataracts, poor growth, and dysmorphic facies (NDCAGF) [MIM:618571]",1,1,1.0,3.0,1.0,1.0,0.0,1.0
Neurodevelopmental disorder with central hypotonia and dysmorphic facies (NEDCHF) [MIM:619797],1,1,1.0,1.0,0.0,0.0,0.0,1.0
Neurodevelopmental disorder with cerebellar atrophy and motor dysfunction (NEDCAM) [MIM:619333],1,0,0.0,0.0,0.0,0.0,0.0,0.0
Neurodevelopmental disorder with cerebellar atrophy and with or without seizures (NEDCAS) [MIM:618056],1,0,0.0,0.0,0.0,0.0,0.0,0.0
Neurodevelopmental disorder with dysmorphic facies and distal limb anomalies (NEDDFL) [MIM:617755],1,0,0.0,0.0,0.0,0.0,0.0,0.0
Neurodevelopmental disorder with dysmorphic facies and distal skeletal anomalies (NEDDFSA) [MIM:618659],1,1,1.0,1.0,0.0,0.0,0.0,1.0
"Neurodevelopmental disorder with facial dysmorphism, absent language, and pseudo-Pelger-Huet anomaly (NEDFLPH) [MIM:620075]",1,1,1.0,1.0,0.0,0.0,0.0,1.0
"Neurodevelopmental disorder with feeding difficulties, thin corpus callosum, and foot deformity (NEDFCF) [MIM:615599]",1,0,0.0,0.0,0.0,0.0,0.0,0.0
"Neurodevelopmental disorder with hearing loss, seizures, and brain abnormalities (NEDHSB) [MIM:616577]",4,2,0.5,0.75,0.5,0.25,0.0,0.0
Neurodevelopmental disorder with hypotonia and brain abnormalities (NEDHYBA) [MIM:619512],1,1,1.0,1.0,0.0,1.0,0.0,0.0
"Neurodevelopmental disorder with hypotonia and cerebellar atrophy, with or without seizures (NEDHCAS) [MIM:618879]",1,0,0.0,0.0,0.0,0.0,0.0,0.0
"Neurodevelopmental disorder with hypotonia, craniofacial abnormalities, and seizures (NEDHCS) [MIM:614501]",1,1,1.0,1.0,0.0,0.0,0.0,1.0
"Neurodevelopmental disorder with hypotonia, seizures, and absent language (NDHSAL) [MIM:617268]",1,0,0.0,0.0,0.0,0.0,0.0,0.0
Neurodevelopmental disorder with impaired speech and hyperkinetic movements (NEDISHM) [MIM:618425],1,0,0.0,0.0,0.0,0.0,0.0,0.0
Neurodevelopmental disorder with involuntary movements (NEDIM) [MIM:617493],1,0,0.0,0.0,0.0,0.0,0.0,0.0
"Neurodevelopmental disorder with language delay and behavioral abnormalities, with or without seizures (NEDLBAS) [MIM:620292]",2,0,0.0,0.0,0.0,0.0,0.0,0.0
Neurodevelopmental disorder with language impairment and behavioral abnormalities (NEDLIB) [MIM:618917],3,3,1.0,1.3333333333333333,0.3333333333333333,0.3333333333333333,0.0,0.6666666666666666
"Neurodevelopmental disorder with microcephaly, ataxia, and seizures (NEDMAS) [MIM:617709]",1,0,0.0,0.0,0.0,0.0,0.0,0.0
"Neurodevelopmental disorder with microcephaly, cortical malformations, and spasticity (NEDMCMS) [MIM:618730]",1,1,1.0,2.0,1.0,0.0,0.0,1.0
"Neurodevelopmental disorder with microcephaly, epilepsy, and hypomyelination (NEDMEHM) [MIM:618367]",3,1,0.3333333333333333,0.6666666666666666,0.0,0.3333333333333333,0.0,0.3333333333333333
"Neurodevelopmental disorder with microcephaly, impaired language, and gait abnormalities (NEDMILG) [MIM:619091]",1,1,1.0,3.0,1.0,1.0,0.0,1.0
"Neurodevelopmental disorder with microcephaly, impaired language, epilepsy, and gait abnormalities (NEDMILEG) [MIM:619092]",1,0,0.0,0.0,0.0,0.0,0.0,0.0
"Neurodevelopmental disorder with neonatal respiratory insufficiency, hypotonia, and feeding difficulties (NEDRIHF) [MIM:616158]",1,1,1.0,2.0,1.0,0.0,0.0,1.0
Neurodevelopmental disorder with or without autism or seizures (NEDAUS) [MIM:619239],1,0,0.0,0.0,0.0,0.0,0.0,0.0
Neurodevelopmental disorder with or without early-onset generalized epilepsy (NEDEGE) [MIM:619157],1,1,1.0,3.0,1.0,1.0,0.0,1.0
"Neurodevelopmental disorder with or without hyperkinetic movements and seizures, autosomal dominant (NDHMSD) [MIM:614254]",8,4,0.5,0.625,0.125,0.0,0.0,0.5
"Neurodevelopmental disorder with or without hyperkinetic movements and seizures, autosomal recessive (NDHMSR) [MIM:617820]",1,0,0.0,0.0,0.0,0.0,0.0,0.0
"Neurodevelopmental disorder with or without hypotonia, seizures, and cerebellar atrophy (NEDHSCA) [MIM:616917]",3,0,0.0,0.0,0.0,0.0,0.0,0.0
Neurodevelopmental disorder with or without variable brain abnormalities (NEDBA) [MIM:618443],2,1,0.5,0.5,0.0,0.0,0.0,0.5
"Neurodevelopmental disorder with progressive microcephaly, spasticity, and brain anomalies (NDMSBA) [MIM:617527]",1,1,1.0,1.0,0.0,0.0,0.0,1.0
"Neurodevelopmental disorder with progressive movement abnormalities, cognitive decline, and brain abnormalities (NEDMCB) [MIM:618383]",1,0,0.0,0.0,0.0,0.0,0.0,0.0
Neurodevelopmental disorder with progressive spasticity and brain white matter abnormalities (NEDSWMA) [MIM:619026],1,1,1.0,2.0,0.0,1.0,0.0,1.0
"Neurodevelopmental disorder with regression, abnormal movements, loss of speech, and seizures (NEDAMSS) [MIM:618088]",1,1,1.0,1.0,0.0,0.0,0.0,1.0
Neurodevelopmental disorder with spasticity and poor growth (NEDSG) [MIM:618076],1,0,0.0,0.0,0.0,0.0,0.0,0.0
Neurodevelopmental disorder with structural brain anomalies and dysmorphic facies (NEDBAF) [MIM:618577],1,0,0.0,0.0,0.0,0.0,0.0,0.0
Neurodevelopmental disorder with variable motor and language impairment (NEDMIAL) [MIM:617804],2,0,0.0,0.0,0.0,0.0,0.0,0.0
"Neurodevelopmental disorder, mitochondrial, with abnormal movements and lactic acidosis, with or without seizures (NEMMLAS) [MIM:617710]",2,2,1.0,4.0,1.0,1.0,1.0,1.0
"Neurodevelopmental disorder, non-progressive, with spasticity and transient opisthotonus (NEDSTO) [MIM:619653]",1,0,0.0,0.0,0.0,0.0,0.0,0.0
"Neurodevelopmental, jaw, eye, and digital syndrome (NEDJED) [MIM:618914]",3,2,0.6666666666666666,1.0,0.0,0.3333333333333333,0.0,0.6666666666666666
Neurofacioskeletal syndrome with or without renal agenesis (NFSRA) [MIM:619194],1,0,0.0,0.0,0.0,0.0,0.0,0.0
Neurofibromatosis 1 (NF1) [MIM:162200],40,19,0.475,0.85,0.225,0.3,0.05,0.275
Neurofibromatosis-Noonan syndrome (NFNS) [MIM:601321],2,1,0.5,1.0,0.5,0.5,0.0,0.0
"Neuromyotonia and axonal neuropathy, autosomal recessive (NMAN) [MIM:137200]",2,0,0.0,0.0,0.0,0.0,0.0,0.0
"Neuronopathy, distal hereditary motor, autosomal dominant 13 (HMND13) [MIM:619112]",2,1,0.5,0.5,0.5,0.0,0.0,0.0
"Neuronopathy, distal hereditary motor, autosomal dominant 14 (HMND14) [MIM:607641]",1,0,0.0,0.0,0.0,0.0,0.0,0.0
"Neuronopathy, distal hereditary motor, autosomal dominant 2 (HMND2) [MIM:158590]",1,0,0.0,0.0,0.0,0.0,0.0,0.0
"Neuronopathy, distal hereditary motor, autosomal dominant 3 (HMND3) [MIM:608634]",11,6,0.5454545454545454,0.9090909090909091,0.2727272727272727,0.2727272727272727,0.09090909090909091,0.2727272727272727
"Neuronopathy, distal hereditary motor, autosomal dominant 5 (HMND5) [MIM:600794]",2,0,0.0,0.0,0.0,0.0,0.0,0.0
"Neuronopathy, distal hereditary motor, autosomal dominant 8 (HMND8) [MIM:600175]",1,1,1.0,1.0,0.0,1.0,0.0,0.0
"Neuronopathy, distal hereditary motor, autosomal recessive 1 (HMNR1) [MIM:604320]",7,0,0.0,0.0,0.0,0.0,0.0,0.0
"Neuronopathy, distal hereditary motor, autosomal recessive 10 (HMNR10) [MIM:620542]",2,2,1.0,2.0,0.5,0.5,0.0,1.0
Neurooculorenal syndrome (NORS) [MIM:620305],1,1,1.0,1.0,0.0,0.0,0.0,1.0
"Neuropathy, congenital hypomyelinating, 2 (CHN2) [MIM:618184]",2,0,0.0,0.0,0.0,0.0,0.0,0.0
"Neuropathy, congenital hypomyelinating, 3 (CHN3) [MIM:618186]",2,2,1.0,1.0,0.0,0.5,0.0,0.5
"Neuropathy, hereditary motor and sensory, 6A, with optic atrophy (HMSN6A) [MIM:601152]",2,0,0.0,0.0,0.0,0.0,0.0,0.0
"Neuropathy, hereditary motor and sensory, 6B, with optic atrophy (HMSN6B) [MIM:616505]",1,0,0.0,0.0,0.0,0.0,0.0,0.0
"Neuropathy, hereditary motor and sensory, 6C, with optic atrophy (HMSN6C) [MIM:618511]",1,1,1.0,3.0,1.0,1.0,0.0,1.0
"Neuropathy, hereditary sensory and autonomic, 1A (HSAN1A) [MIM:162400]",4,3,0.75,1.0,0.25,0.75,0.0,0.0
"Neuropathy, hereditary sensory and autonomic, 3 (HSAN3) [MIM:223900]",1,1,1.0,2.0,1.0,0.0,0.0,1.0
"Neuropathy, hereditary sensory and autonomic, 8 (HSAN8) [MIM:616488]",3,1,0.3333333333333333,0.3333333333333333,0.0,0.0,0.0,0.3333333333333333
"Neuropathy, hereditary sensory, 1D (HSN1D) [MIM:613708]",1,1,1.0,3.0,1.0,1.0,0.0,1.0
"Neuropathy, hereditary sensory, 1E (HSN1E) [MIM:614116]",1,0,0.0,0.0,0.0,0.0,0.0,0.0
"Neuropathy, hereditary sensory, 1F (HSN1F) [MIM:615632]",1,0,0.0,0.0,0.0,0.0,0.0,0.0
"Neuropathy, hereditary sensory, with spastic paraplegia, autosomal recessive (HSNSP) [MIM:256840]",1,1,1.0,3.0,1.0,1.0,0.0,1.0
"Neutropenia, severe congenital 1, autosomal dominant (SCN1) [MIM:202700]",9,4,0.4444444444444444,0.6666666666666666,0.1111111111111111,0.0,0.3333333333333333,0.2222222222222222
"Neutropenia, severe congenital 2, autosomal dominant (SCN2) [MIM:613107]",1,1,1.0,1.0,0.0,0.0,0.0,1.0
"Neutropenia, severe congenital 3, autosomal recessive (SCN3) [MIM:610738]",1,0,0.0,0.0,0.0,0.0,0.0,0.0
"Neutropenia, severe congenital 4, autosomal recessive (SCN4) [MIM:612541]",4,1,0.25,0.75,0.0,0.25,0.25,0.25
"Neutropenia, severe congenital 5, autosomal recessive (SCN5) [MIM:615285]",1,0,0.0,0.0,0.0,0.0,0.0,0.0
"Neutropenia, severe congenital 9, autosomal dominant (SCN9) [MIM:619813]",1,0,0.0,0.0,0.0,0.0,0.0,0.0
Nevus comedonicus (NC) [MIM:617025],1,0,0.0,0.0,0.0,0.0,0.0,0.0
Nicolaides-Baraitser syndrome (NCBRS) [MIM:601358],5,0,0.0,0.0,0.0,0.0,0.0,0.0
Niemann-Pick disease C1 (NPC1) [MIM:257220],39,15,0.38461538461538464,0.8717948717948718,0.28205128205128205,0.358974358974359,0.07692307692307693,0.15384615384615385
Niemann-Pick disease C2 (NPC2) [MIM:607625],3,0,0.0,0.0,0.0,0.0,0.0,0.0
"Night blindness, congenital stationary, 1B (CSNB1B) [MIM:257270]",3,0,0.0,0.0,0.0,0.0,0.0,0.0
"Night blindness, congenital stationary, 1I (CSNB1I) [MIM:618555]",1,0,0.0,0.0,0.0,0.0,0.0,0.0
"Night blindness, congenital stationary, 2A (CSNB2A) [MIM:300071]",4,0,0.0,0.0,0.0,0.0,0.0,0.0
"Night blindness, congenital stationary, autosomal dominant 1 (CSNBAD1) [MIM:610445]",1,0,0.0,0.0,0.0,0.0,0.0,0.0
Non-ketotic hyperglycinemia (NKH) [MIM:605899],1,0,0.0,0.0,0.0,0.0,0.0,0.0
Non-syndromic orofacial cleft 11 (OFC11) [MIM:600625],1,0,0.0,0.0,0.0,0.0,0.0,0.0
Non-syndromic orofacial cleft 6 (OFC6) [MIM:608864],1,1,1.0,1.0,1.0,0.0,0.0,0.0
Nonaka myopathy (NM) [MIM:605820],7,2,0.2857142857142857,0.8571428571428571,0.2857142857142857,0.2857142857142857,0.14285714285714285,0.14285714285714285
Noonan syndrome 1 (NS1) [MIM:163950],8,3,0.375,0.75,0.25,0.375,0.0,0.125
Noonan syndrome 12 (NS12) [MIM:618624],1,0,0.0,0.0,0.0,0.0,0.0,0.0
Noonan syndrome 14 (NS14) [MIM:619745],1,0,0.0,0.0,0.0,0.0,0.0,0.0
Noonan syndrome 3 (NS3) [MIM:609942],3,0,0.0,0.0,0.0,0.0,0.0,0.0
Noonan syndrome 4 (NS4) [MIM:610733],10,7,0.7,1.1,0.5,0.4,0.0,0.2
Noonan syndrome 5 (NS5) [MIM:611553],7,1,0.14285714285714285,0.14285714285714285,0.0,0.14285714285714285,0.0,0.0
Noonan syndrome 6 (NS6) [MIM:613224],1,1,1.0,2.0,1.0,1.0,0.0,0.0
Noonan syndrome 7 (NS7) [MIM:613706],2,0,0.0,0.0,0.0,0.0,0.0,0.0
Noonan syndrome 9 (NS9) [MIM:616559],2,2,1.0,1.5,0.5,1.0,0.0,0.0
Noonan syndrome-like disorder with loose anagen hair 1 (NSLH1) [MIM:607721],1,1,1.0,1.0,0.0,0.0,0.0,1.0
Noonan syndrome-like disorder with loose anagen hair 2 (NSLH2) [MIM:617506],2,2,1.0,2.0,0.0,1.0,0.0,1.0
Noonan syndrome-like disorder with or without juvenile myelomonocytic leukemia (NSLL) [MIM:613563],2,1,0.5,1.0,0.5,0.5,0.0,0.0
"Nystagmus 1, congenital, X-linked (NYS1) [MIM:310700]",1,1,1.0,1.0,0.0,1.0,0.0,0.0
"Nystagmus 6, congenital, X-linked (NYS6) [MIM:300814]",1,0,0.0,0.0,0.0,0.0,0.0,0.0
O'Donnell-Luria-Rodan syndrome (ODLURO) [MIM:618512],1,0,0.0,0.0,0.0,0.0,0.0,0.0
Obesity (OBESITY) [MIM:601665],7,0,0.0,0.0,0.0,0.0,0.0,0.0
Oculodentodigital dysplasia (ODDD) [MIM:164200],7,2,0.2857142857142857,0.5714285714285714,0.2857142857142857,0.2857142857142857,0.0,0.0
Odontochondrodysplasia 1 (ODCD1) [MIM:184260],2,2,1.0,1.0,0.0,0.0,0.0,1.0
"Ohdo syndrome, X-linked (OHDOX) [MIM:300895]",1,1,1.0,3.0,1.0,1.0,0.0,1.0
Okur-Chung neurodevelopmental syndrome (OCNDS) [MIM:617062],3,2,0.6666666666666666,0.6666666666666666,0.0,0.3333333333333333,0.0,0.3333333333333333
Oliver-McFarlane syndrome (OMCS) [MIM:275400],2,0,0.0,0.0,0.0,0.0,0.0,0.0
Olmsted syndrome 1 (OLMS1) [MIM:614594],1,0,0.0,0.0,0.0,0.0,0.0,0.0
Omenn syndrome (OS) [MIM:603554],12,1,0.08333333333333333,0.08333333333333333,0.0,0.0,0.08333333333333333,0.0
Omodysplasia 2 (OMOD2) [MIM:164745],1,0,0.0,0.0,0.0,0.0,0.0,0.0
Oocyte/zygote/embryo maturation arrest 3 (OZEMA3) [MIM:617712],1,0,0.0,0.0,0.0,0.0,0.0,0.0
Oocyte/zygote/embryo maturation arrest 8 (OZEMA8) [MIM:619009],1,0,0.0,0.0,0.0,0.0,0.0,0.0
Oocyte/zygote/embryo maturation arrest 9 (OZEMA9) [MIM:619011],1,1,1.0,4.0,1.0,1.0,1.0,1.0
Opsismodysplasia (OPSMD) [MIM:258480],3,0,0.0,0.0,0.0,0.0,0.0,0.0
Optic atrophy 1 (OPA1) [MIM:165500],7,0,0.0,0.0,0.0,0.0,0.0,0.0
Optic atrophy 12 (OPA12) [MIM:618977],3,0,0.0,0.0,0.0,0.0,0.0,0.0
Optic atrophy 15 (OPA15) [MIM:620583],1,1,1.0,3.0,1.0,1.0,0.0,1.0
Optic atrophy 5 (OPA5) [MIM:610708],2,0,0.0,0.0,0.0,0.0,0.0,0.0
Ornithine carbamoyltransferase deficiency (OTCD) [MIM:311250],32,9,0.28125,0.375,0.21875,0.125,0.03125,0.0
Orthostatic hypotension 1 (ORTHYP1) [MIM:223360],1,0,0.0,0.0,0.0,0.0,0.0,0.0
Orthostatic intolerance (ORSTI) [MIM:604715],1,1,1.0,3.0,1.0,1.0,0.0,1.0
Osteoarthritis with mild chondrodysplasia (OSCDP) [MIM:604864],2,0,0.0,0.0,0.0,0.0,0.0,0.0
Osteogenesis imperfecta 1 (OI1) [MIM:166200],7,1,0.14285714285714285,0.2857142857142857,0.0,0.14285714285714285,0.0,0.14285714285714285
Osteogenesis imperfecta 2 (OI2) [MIM:166210],34,0,0.0,0.0,0.0,0.0,0.0,0.0
Osteogenesis imperfecta 21 (OI21) [MIM:619131],1,0,0.0,0.0,0.0,0.0,0.0,0.0
Osteogenesis imperfecta 3 (OI3) [MIM:259420],9,0,0.0,0.0,0.0,0.0,0.0,0.0
Osteogenesis imperfecta 4 (OI4) [MIM:166220],13,2,0.15384615384615385,0.15384615384615385,0.0,0.15384615384615385,0.0,0.0
Osteogenesis imperfecta 7 (OI7) [MIM:610682],2,1,0.5,1.0,0.5,0.0,0.0,0.5
"Osteopetrosis, autosomal dominant 1 (OPTA1) [MIM:607634]",2,0,0.0,0.0,0.0,0.0,0.0,0.0
"Osteopetrosis, autosomal dominant 2 (OPTA2) [MIM:166600]",5,1,0.2,0.2,0.0,0.2,0.0,0.0
"Osteopetrosis, autosomal recessive 1 (OPTB1) [MIM:259700]",1,0,0.0,0.0,0.0,0.0,0.0,0.0
"Osteopetrosis, autosomal recessive 4 (OPTB4) [MIM:611490]",5,0,0.0,0.0,0.0,0.0,0.0,0.0
"Osteopetrosis, autosomal recessive 7 (OPTB7) [MIM:612301]",2,1,0.5,0.5,0.0,0.0,0.0,0.5
"Osteopetrosis, autosomal recessive 8 (OPTB8) [MIM:615085]",1,1,1.0,2.0,1.0,0.0,0.0,1.0
Osteoporosis (OSTEOP) [MIM:166710],1,0,0.0,0.0,0.0,0.0,0.0,0.0
Osteoporosis-pseudoglioma syndrome (OPPG) [MIM:259770],5,1,0.2,0.2,0.2,0.0,0.0,0.0
"Otofaciocervical syndrome 2, with T-cell deficiency (OTFCS2) [MIM:615560]",1,0,0.0,0.0,0.0,0.0,0.0,0.0
Otopalatodigital syndrome 2 (OPD2) [MIM:304120],1,0,0.0,0.0,0.0,0.0,0.0,0.0
Ovarian cancer,1,1,1.0,2.0,1.0,1.0,0.0,0.0
Ovarian cancer (OC) [MIM:167000],4,3,0.75,1.5,0.0,0.75,0.0,0.75
Ovarian dysgenesis 1 (ODG1) [MIM:233300],3,0,0.0,0.0,0.0,0.0,0.0,0.0
Ovarian dysgenesis 2 (ODG2) [MIM:300510],1,0,0.0,0.0,0.0,0.0,0.0,0.0
Ovarian dysgenesis 8 (ODG8) [MIM:618187],1,0,0.0,0.0,0.0,0.0,0.0,0.0
Ovarian hyperstimulation syndrome (OHSS) [MIM:608115],6,3,0.5,0.5,0.5,0.0,0.0,0.0
Overhydrated hereditary stomatocytosis (OHST) [MIM:185000],2,0,0.0,0.0,0.0,0.0,0.0,0.0
PHOAR2-enteropathy syndrome (PHOAR2E) [MIM:614441],4,1,0.25,0.25,0.0,0.0,0.0,0.25
Pachyonychia congenita 1 (PC1) [MIM:167200],7,0,0.0,0.0,0.0,0.0,0.0,0.0
Pachyonychia congenita 2 (PC2) [MIM:167210],7,2,0.2857142857142857,0.2857142857142857,0.0,0.2857142857142857,0.0,0.0
Pachyonychia congenita 3 (PC3) [MIM:615726],11,0,0.0,0.0,0.0,0.0,0.0,0.0
Pachyonychia congenita 4 (PC4) [MIM:615728],1,0,0.0,0.0,0.0,0.0,0.0,0.0
Paget disease of bone 3 (PDB3) [MIM:167250],2,1,0.5,0.5,0.0,0.5,0.0,0.0
"Palmoplantar keratoderma, epidermolytic, 1 (EPPK1) [MIM:144200]",8,1,0.125,0.125,0.0,0.125,0.0,0.0
"Pancreatitis, hereditary (PCTT) [MIM:167800]",10,8,0.8,2.3,0.6,0.7,0.5,0.5
Papillon-Lefevre syndrome (PLS) [MIM:245000],8,0,0.0,0.0,0.0,0.0,0.0,0.0
Papillorenal syndrome (PAPRS) [MIM:120330],5,0,0.0,0.0,0.0,0.0,0.0,0.0
Paramyotonia congenita (PMC) [MIM:168300],5,2,0.4,0.4,0.0,0.4,0.0,0.0
Parenti-Mignot neurodevelopmental syndrome (PMNDS) [MIM:619873],4,2,0.5,1.25,0.25,0.25,0.25,0.5
Parkinson disease (PARK) [MIM:168600],2,0,0.0,0.0,0.0,0.0,0.0,0.0
Parkinson disease 11 (PARK11) [MIM:607688],1,1,1.0,3.0,1.0,1.0,0.0,1.0
Parkinson disease 14 (PARK14) [MIM:612953],2,2,1.0,1.0,0.5,0.5,0.0,0.0
Parkinson disease 18 (PARK18) [MIM:614251],1,1,1.0,4.0,1.0,1.0,1.0,1.0
"Parkinson disease 19B, early-onset (PARK19B) [MIM:615528]",1,0,0.0,0.0,0.0,0.0,0.0,0.0
Parkinson disease 2 (PARK2) [MIM:600116],7,5,0.7142857142857143,1.2857142857142858,0.42857142857142855,0.5714285714285714,0.14285714285714285,0.14285714285714285
"Parkinson disease 20, early-onset (PARK20) [MIM:615530]",1,0,0.0,0.0,0.0,0.0,0.0,0.0
Parkinson disease 22 (PARK22) [MIM:616710],1,0,0.0,0.0,0.0,0.0,0.0,0.0
"Parkinson disease 23, autosomal recessive, early onset (PARK23) [MIM:616840]",1,1,1.0,3.0,1.0,1.0,0.0,1.0
Parkinson disease 6 (PARK6) [MIM:605909],4,1,0.25,0.5,0.25,0.0,0.0,0.25
Parkinson disease 7 (PARK7) [MIM:606324],2,2,1.0,2.0,0.5,1.0,0.0,0.5
Parkinson disease 8 (PARK8) [MIM:607060],13,11,0.8461538461538461,1.8461538461538463,0.5384615384615384,0.38461538461538464,0.3076923076923077,0.6153846153846154
Parkinsonism with polyneuropathy (PKNPY) [MIM:619279],1,1,1.0,2.0,1.0,0.0,0.0,1.0
"Parkinsonism-dystonia 3, childhood-onset (PKDYS3) [MIM:619738]",1,0,0.0,0.0,0.0,0.0,0.0,0.0
Paroxysmal nocturnal hemoglobinuria 1 (PNH1) [MIM:300818],1,1,1.0,4.0,1.0,1.0,1.0,1.0
Patent ductus arteriosus 3 (PDA3) [MIM:617039],1,0,0.0,0.0,0.0,0.0,0.0,0.0
Pelger-Huet anomaly (PHA) [MIM:169400],1,0,0.0,0.0,0.0,0.0,0.0,0.0
Pendred syndrome (PDS) [MIM:274600],4,0,0.0,0.0,0.0,0.0,0.0,0.0
"Periodic fever, familial, autosomal dominant (FPF) [MIM:142680]",4,1,0.25,0.5,0.25,0.25,0.0,0.0
Periodic paralysis hyperkalemic (HYPP) [MIM:170500],1,0,0.0,0.0,0.0,0.0,0.0,0.0
Periodic paralysis hypokalemic 1 (HOKPP1) [MIM:170400],3,0,0.0,0.0,0.0,0.0,0.0,0.0
Periodic paralysis hypokalemic 2 (HOKPP2) [MIM:613345],4,3,0.75,0.75,0.0,0.75,0.0,0.0
Periodic paralysis normokalemic (NKPP) [MIM:170500],1,0,0.0,0.0,0.0,0.0,0.0,0.0
"Peripheral neuropathy with variable spasticity, exercise intolerance, and developmental delay (PNSED) [MIM:616539]",1,1,1.0,2.0,0.0,1.0,0.0,1.0
Periventricular nodular heterotopia 7 (PVNH7) [MIM:617201],2,0,0.0,0.0,0.0,0.0,0.0,0.0
Peroxisome biogenesis disorder 1A (PBD1A) [MIM:214100],1,0,0.0,0.0,0.0,0.0,0.0,0.0
Peroxisome biogenesis disorder 1B (PBD1B) [MIM:601539],3,0,0.0,0.0,0.0,0.0,0.0,0.0
Peroxisome biogenesis disorder 4A (PBD4A) [MIM:614862],1,0,0.0,0.0,0.0,0.0,0.0,0.0
Peroxisome biogenesis disorder 5B (PBD5B) [MIM:614867],1,0,0.0,0.0,0.0,0.0,0.0,0.0
Peroxisome biogenesis disorder 6B (PBD6B) [MIM:614871],1,0,0.0,0.0,0.0,0.0,0.0,0.0
Peroxisome biogenesis disorder 9B (PBD9B) [MIM:614879],1,1,1.0,1.0,0.0,1.0,0.0,0.0
Peroxisome biogenesis disorder complementation group 1 (PBD-CG1) [MIM:214100],2,1,0.5,1.0,0.0,0.5,0.5,0.0
Perrault syndrome 5 (PRLTS5) [MIM:616138],1,0,0.0,0.0,0.0,0.0,0.0,0.0
Perry syndrome (PERRYS) [MIM:168605],1,0,0.0,0.0,0.0,0.0,0.0,0.0
Persistent Muellerian duct syndrome 1 (PMDS1) [MIM:261550],3,3,1.0,1.3333333333333333,0.0,0.3333333333333333,1.0,0.0
Persistent Muellerian duct syndrome 2 (PMDS2) [MIM:261550],1,0,0.0,0.0,0.0,0.0,0.0,0.0
"Persistent hyperplastic primary vitreous, autosomal recessive (PHPVAR) [MIM:221900]",2,1,0.5,0.5,0.0,0.5,0.0,0.0
Peutz-Jeghers syndrome (PJS) [MIM:175200],1,0,0.0,0.0,0.0,0.0,0.0,0.0
Pfeiffer syndrome (PS) [MIM:101600],11,0,0.0,0.0,0.0,0.0,0.0,0.0
Phenylalanine hydroxylase deficiency (PAH deficiency) [MIM:261600],68,15,0.22058823529411764,0.3088235294117647,0.08823529411764706,0.16176470588235295,0.029411764705882353,0.029411764705882353
Pheochromocytoma (PCC) [MIM:171300],15,4,0.26666666666666666,0.5333333333333333,0.2,0.26666666666666666,0.06666666666666667,0.0
Pheochromocytoma/paraganglioma syndrome 1 (PPGL1) [MIM:168000],2,0,0.0,0.0,0.0,0.0,0.0,0.0
Pheochromocytoma/paraganglioma syndrome 4 (PPGL4) [MIM:115310],3,0,0.0,0.0,0.0,0.0,0.0,0.0
Pheochromocytoma/paraganglioma syndrome 5 (PPGL5) [MIM:614165],1,0,0.0,0.0,0.0,0.0,0.0,0.0
Phosphoglycerate dehydrogenase deficiency (PHGDHD) [MIM:601815],4,1,0.25,0.5,0.25,0.0,0.0,0.25
Phosphoglycerate kinase 1 deficiency (PGK1D) [MIM:300653],1,0,0.0,0.0,0.0,0.0,0.0,0.0
Phosphohydroxylysinuria (PHLU) [MIM:615011],1,1,1.0,1.0,0.0,1.0,0.0,0.0
Phosphoribosylpyrophosphate synthetase superactivity (PRPS1 superactivity) [MIM:300661],2,0,0.0,0.0,0.0,0.0,0.0,0.0
Phosphoserine aminotransferase deficiency (PSATD) [MIM:610992],1,1,1.0,1.0,0.0,1.0,0.0,0.0
Piebald trait (PBT) [MIM:172800],3,0,0.0,0.0,0.0,0.0,0.0,0.0
Pigmented paravenous chorioretinal atrophy (PPCRA) [MIM:172870],1,1,1.0,4.0,1.0,1.0,1.0,1.0
Pilomatrixoma (PTR) [MIM:132600],6,3,0.5,0.8333333333333334,0.0,0.3333333333333333,0.0,0.5
Pitt-Hopkins syndrome (PTHS) [MIM:610954],2,0,0.0,0.0,0.0,0.0,0.0,0.0
"Pituitary hormone deficiency, combined, 1 (CPHD1) [MIM:613038]",2,0,0.0,0.0,0.0,0.0,0.0,0.0
"Pituitary hormone deficiency, combined, 3 (CPHD3) [MIM:221750]",1,0,0.0,0.0,0.0,0.0,0.0,0.0
"Pituitary hormone deficiency, combined, 4 (CPHD4) [MIM:262700]",1,0,0.0,0.0,0.0,0.0,0.0,0.0
Pityriasis rubra pilaris (PRP) [MIM:173200],2,2,1.0,1.5,0.5,0.0,0.0,1.0
Platelet glycoprotein IV deficiency (PG4D) [MIM:608404],3,1,0.3333333333333333,1.3333333333333333,0.3333333333333333,0.3333333333333333,0.3333333333333333,0.3333333333333333
Platelet-activating factor acetylhydrolase deficiency (PAFAD) [MIM:614278],1,1,1.0,1.0,0.0,0.0,0.0,1.0
Platyspondylic lethal skeletal dysplasia Torrance type (PLSD-T) [MIM:151210],1,0,0.0,0.0,0.0,0.0,0.0,0.0
Polycystic kidney disease 1 with or without polycystic liver disease (PKD1) [MIM:173900],13,10,0.7692307692307693,1.6153846153846154,0.46153846153846156,0.38461538461538464,0.38461538461538464,0.38461538461538464
Polycystic kidney disease 2 with or without polycystic liver disease (PKD2) [MIM:613095],1,0,0.0,0.0,0.0,0.0,0.0,0.0
Polycystic kidney disease 3 with or without polycystic liver disease (PKD3) [MIM:600666],1,0,0.0,0.0,0.0,0.0,0.0,0.0
"Polycystic kidney disease 4, with or without polycystic liver disease (PKD4) [MIM:263200]",30,14,0.4666666666666667,0.7,0.2,0.26666666666666666,0.0,0.23333333333333334
Polycystic kidney disease 6 with or without polycystic liver disease (PKD6) [MIM:618061],1,0,0.0,0.0,0.0,0.0,0.0,0.0
Polycystic kidney disease 7 (PKD7) [MIM:620056],1,0,0.0,0.0,0.0,0.0,0.0,0.0
Polycystic liver disease 4 with or without kidney cysts (PCLD4) [MIM:617875],1,1,1.0,2.0,1.0,1.0,0.0,0.0
Polycystic lung disease (PCLUD) [MIM:219600],3,3,1.0,1.6666666666666667,0.0,0.3333333333333333,0.3333333333333333,1.0
Polycythemia vera (PV) [MIM:263300],2,0,0.0,0.0,0.0,0.0,0.0,0.0
"Polydactyly, postaxial A6 (PAPA6) [MIM:615226]",1,1,1.0,2.0,0.0,0.0,1.0,1.0
Polydactyly-macrocephaly syndrome (PDMCS) [MIM:620712],1,0,0.0,0.0,0.0,0.0,0.0,0.0
"Polyglucosan body neuropathy, adult form (APBN) [MIM:263570]",1,0,0.0,0.0,0.0,0.0,0.0,0.0
Pompe disease (POMPE) [MIM:232300],26,3,0.11538461538461539,0.2692307692307692,0.11538461538461539,0.038461538461538464,0.038461538461538464,0.07692307692307693
Pontocerebellar hypoplasia 14 (PCH14) [MIM:619301],2,2,1.0,1.5,0.0,0.5,0.0,1.0
Pontocerebellar hypoplasia 1A (PCH1A) [MIM:607596],1,1,1.0,1.0,0.0,0.0,0.0,1.0
Pontocerebellar hypoplasia 1B (PCH1B) [MIM:614678],1,0,0.0,0.0,0.0,0.0,0.0,0.0
Pontocerebellar hypoplasia 1C (PCH1C) [MIM:616081],1,1,1.0,2.0,1.0,0.0,0.0,1.0
Pontocerebellar hypoplasia 2C (PCH2C) [MIM:612390],2,1,0.5,1.0,0.5,0.0,0.0,0.5
Pontocerebellar hypoplasia 2D (PCH2D) [MIM:613811],1,0,0.0,0.0,0.0,0.0,0.0,0.0
Pontocerebellar hypoplasia 4 (PCH4) [MIM:225753],1,0,0.0,0.0,0.0,0.0,0.0,0.0
Pontocerebellar hypoplasia 7 (PCH7) [MIM:614969],2,2,1.0,1.0,0.0,0.0,0.0,1.0
Pontocerebellar hypoplasia 9 (PCH9) [MIM:615809],3,0,0.0,0.0,0.0,0.0,0.0,0.0
Popliteal pterygium syndrome (PPS) [MIM:119500],2,1,0.5,1.0,0.5,0.5,0.0,0.0
"Porokeratosis 3, multiple types (POROK3) [MIM:175900]",2,0,0.0,0.0,0.0,0.0,0.0,0.0
Postaxial acrofacial dysostosis (POADS) [MIM:263750],3,0,0.0,0.0,0.0,0.0,0.0,0.0
Pre-eclampsia/eclampsia 4 (PEE4) [MIM:609404],1,1,1.0,2.0,1.0,0.0,0.0,1.0
Pre-eclampsia/eclampsia 5 (PEE5) [MIM:614595],1,1,1.0,1.0,1.0,0.0,0.0,0.0
Prekallikrein deficiency (PKKD) [MIM:612423],2,0,0.0,0.0,0.0,0.0,0.0,0.0
Premature ovarian failure 17 (POF17) [MIM:619146],1,0,0.0,0.0,0.0,0.0,0.0,0.0
Premature ovarian failure 21 (POF21) [MIM:620311],1,0,0.0,0.0,0.0,0.0,0.0,0.0
Premature ovarian failure 2B (POF2B) [MIM:300604],1,1,1.0,3.0,1.0,1.0,0.0,1.0
Premature ovarian failure 4 (POF4) [MIM:300510],2,2,1.0,1.5,0.0,0.0,0.5,1.0
Premature ovarian failure 5 (POF5) [MIM:611548],1,0,0.0,0.0,0.0,0.0,0.0,0.0
Premature ovarian failure 7 (POF7) [MIM:612964],1,1,1.0,4.0,1.0,1.0,1.0,1.0
Primary pigmented nodular adrenocortical disease 3 (PPNAD3) [MIM:614190],1,1,1.0,3.0,1.0,1.0,0.0,1.0
Primary spontaneous pneumothorax (PSP) [MIM:173600],1,0,0.0,0.0,0.0,0.0,0.0,0.0
Primrose syndrome (PRIMS) [MIM:259050],2,2,1.0,1.0,0.0,0.0,0.0,1.0
"Progressive external ophthalmoplegia with mitochondrial DNA deletions, autosomal dominant, 1 (PEOA1) [MIM:157640]",2,2,1.0,4.0,1.0,1.0,1.0,1.0
"Progressive external ophthalmoplegia with mitochondrial DNA deletions, autosomal dominant, 3 (PEOA3) [MIM:609286]",10,6,0.6,1.2,0.5,0.2,0.2,0.3
"Progressive external ophthalmoplegia with mitochondrial DNA deletions, autosomal dominant, 4 (PEOA4) [MIM:610131]",1,0,0.0,0.0,0.0,0.0,0.0,0.0
"Progressive external ophthalmoplegia with mitochondrial DNA deletions, autosomal dominant, 6 (PEOA6) [MIM:615156]",1,0,0.0,0.0,0.0,0.0,0.0,0.0
"Progressive external ophthalmoplegia with mitochondrial DNA deletions, autosomal recessive 4 (PEOB4) [MIM:617070]",1,0,0.0,0.0,0.0,0.0,0.0,0.0
"Progressive external ophthalmoplegia with mitochondrial DNA deletions, autosomal recessive, 1 (PEOB1) [MIM:258450]",8,2,0.25,0.625,0.125,0.125,0.125,0.25
Progressive familial heart block 1A (PFHB1A) [MIM:113900],4,0,0.0,0.0,0.0,0.0,0.0,0.0
Progressive familial heart block 1B (PFHB1B) [MIM:604559],2,2,1.0,1.5,0.0,0.5,0.0,1.0
Prolidase deficiency (PD) [MIM:170100],2,0,0.0,0.0,0.0,0.0,0.0,0.0
Proliferative vasculopathy and hydranencephaly-hydrocephaly syndrome (PVHH) [MIM:225790],4,1,0.25,0.25,0.0,0.0,0.0,0.25
Propionic acidemia type I (PA-1) [MIM:606054],2,1,0.5,1.0,0.5,0.5,0.0,0.0
Propionic acidemia type II (PA-2) [MIM:606054],7,0,0.0,0.0,0.0,0.0,0.0,0.0
Prostate cancer (PC) [MIM:176807],8,5,0.625,1.5,0.375,0.625,0.0,0.5
"Prostate cancer, hereditary, 2 (HPC2) [MIM:614731]",1,0,0.0,0.0,0.0,0.0,0.0,0.0
Proteasome-associated autoinflammatory syndrome 1 (PRAAS1) [MIM:256040],1,0,0.0,0.0,0.0,0.0,0.0,0.0
Proteasome-associated autoinflammatory syndrome 3 (PRAAS3) [MIM:617591],1,1,1.0,3.0,1.0,1.0,0.0,1.0
"Protoporphyria, erythropoietic, 1 (EPP1) [MIM:177000]",2,2,1.0,1.5,0.5,1.0,0.0,0.0
Proximal renal tubular acidosis-ocular anomaly syndrome (PRTAO) [MIM:604278],2,0,0.0,0.0,0.0,0.0,0.0,0.0
Pseudoachondroplasia (PSACH) [MIM:177170],6,1,0.16666666666666666,0.5,0.16666666666666666,0.16666666666666666,0.0,0.16666666666666666
"Pseudohypoaldosteronism 1B1, autosomal recessive (PHA1B1) [MIM:264350]",1,0,0.0,0.0,0.0,0.0,0.0,0.0
Pseudohypoaldosteronism 2B (PHA2B) [MIM:614491],2,0,0.0,0.0,0.0,0.0,0.0,0.0
Pseudohypoaldosteronism 2D (PHA2D) [MIM:614495],6,2,0.3333333333333333,0.3333333333333333,0.0,0.3333333333333333,0.0,0.0
Pseudohypoparathyroidism 1A (PHP1A) [MIM:103580],1,0,0.0,0.0,0.0,0.0,0.0,0.0
Pseudoxanthoma elasticum (PXE) [MIM:264800],31,4,0.12903225806451613,0.25806451612903225,0.0967741935483871,0.06451612903225806,0.06451612903225806,0.03225806451612903
Pseudoxanthoma elasticum-like disorder with multiple coagulation factor deficiency (PXEL-MCFD) [MIM:610842],3,1,0.3333333333333333,0.3333333333333333,0.0,0.3333333333333333,0.0,0.0
Psoriasis 2 (PSORS2) [MIM:602723],1,1,1.0,2.0,0.0,0.0,1.0,1.0
"Pulmonary fibrosis, and/or bone marrow failure syndrome, telomere-related, 1 (PFBMFT1) [MIM:614742]",1,0,0.0,0.0,0.0,0.0,0.0,0.0
"Pulmonary fibrosis, and/or bone marrow failure syndrome, telomere-related, 6 (PFBMFT6) [MIM:619767]",1,1,1.0,3.0,1.0,1.0,0.0,1.0
"Pulmonary hypertension, primary, 1 (PPH1) [MIM:178600]",6,1,0.16666666666666666,0.16666666666666666,0.0,0.0,0.0,0.16666666666666666
Pulmonary surfactant metabolism dysfunction 2 (SMDP2) [MIM:610913],3,1,0.3333333333333333,0.3333333333333333,0.0,0.3333333333333333,0.0,0.0
Pulmonary surfactant metabolism dysfunction 3 (SMDP3) [MIM:610921],2,0,0.0,0.0,0.0,0.0,0.0,0.0
"Pulmonary venoocclusive disease 2, autosomal recessive (PVOD2) [MIM:234810]",1,0,0.0,0.0,0.0,0.0,0.0,0.0
Purine nucleoside phosphorylase deficiency (PNPD) [MIM:613179],3,1,0.3333333333333333,0.3333333333333333,0.0,0.3333333333333333,0.0,0.0
Pycnodysostosis (PKND) [MIM:265800],3,2,0.6666666666666666,1.0,0.6666666666666666,0.0,0.0,0.3333333333333333
Pyrin-associated autoinflammatory disease (PAAND) [MIM:608068],1,1,1.0,1.0,0.0,0.0,1.0,0.0
Pyruvate carboxylase deficiency (PC deficiency) [MIM:266150],2,0,0.0,0.0,0.0,0.0,0.0,0.0
Pyruvate dehydrogenase E1-alpha deficiency (PDHAD) [MIM:312170],7,2,0.2857142857142857,0.42857142857142855,0.14285714285714285,0.2857142857142857,0.0,0.0
Pyruvate dehydrogenase E1-beta deficiency (PDHBD) [MIM:614111],1,0,0.0,0.0,0.0,0.0,0.0,0.0
"Question mark ears, isolated (QME) [MIM:612798]",1,0,0.0,0.0,0.0,0.0,0.0,0.0
RENI syndrome (RENI) [MIM:617575],2,0,0.0,0.0,0.0,0.0,0.0,0.0
Rabin-Pappas syndrome (RAPAS) [MIM:620155],1,0,0.0,0.0,0.0,0.0,0.0,0.0
Rabson-Mendenhall syndrome (RMS) [MIM:262190],2,0,0.0,0.0,0.0,0.0,0.0,0.0
Radiohumeral fusions with other skeletal and craniofacial anomalies (RHFCA) [MIM:614416],1,0,0.0,0.0,0.0,0.0,0.0,0.0
Radioulnar synostosis with amegakaryocytic thrombocytopenia 2 (RUSAT2) [MIM:616738],1,0,0.0,0.0,0.0,0.0,0.0,0.0
Rajab interstitial lung disease with brain calcifications 1 (RILDBC1) [MIM:613658],1,0,0.0,0.0,0.0,0.0,0.0,0.0
Rapp-Hodgkin syndrome (RHS) [MIM:129400],2,0,0.0,0.0,0.0,0.0,0.0,0.0
Raynaud-Claes syndrome (MRXSRC) [MIM:300114],1,0,0.0,0.0,0.0,0.0,0.0,0.0
"Reducing body myopathy, X-linked 1A, severe, with infantile or early childhood onset (RBMX1A) [MIM:300717]",1,0,0.0,0.0,0.0,0.0,0.0,0.0
Refsum disease (RD) [MIM:266500],3,0,0.0,0.0,0.0,0.0,0.0,0.0
Regulator type Rh-null hemolytic anemia (RHN) [MIM:268150],2,1,0.5,1.0,0.0,0.5,0.0,0.5
Renal cell carcinoma papillary (RCCP) [MIM:605074],12,2,0.16666666666666666,0.16666666666666666,0.0,0.08333333333333333,0.0,0.08333333333333333
Renal glucosuria (GLYS) [MIM:233100],2,1,0.5,1.0,0.5,0.5,0.0,0.0
Renal hypodysplasia/aplasia 3 (RHDA3) [MIM:617805],1,1,1.0,1.0,0.0,0.0,0.0,1.0
"Renal tubular acidosis, distal, 1 (DRTA1) [MIM:179800]",1,0,0.0,0.0,0.0,0.0,0.0,0.0
"Renal tubular acidosis, distal, 2, with progressive sensorineural hearing loss (DRTA2) [MIM:267300]",1,0,0.0,0.0,0.0,0.0,0.0,0.0
"Renal tubular acidosis, distal, 3, with or without sensorineural hearing loss (DRTA3) [MIM:602722]",2,0,0.0,0.0,0.0,0.0,0.0,0.0
"Renal tubular acidosis, distal, 4, with hemolytic anemia (DRTA4) [MIM:611590]",1,1,1.0,2.0,1.0,1.0,0.0,0.0
Renal tubular dysgenesis (RTD) [MIM:267430],2,1,0.5,1.0,0.0,0.5,0.0,0.5
"Respiratory infections, recurrent, and failure to thrive with or without diarrhea (RIFTD) [MIM:620233]",1,1,1.0,4.0,1.0,1.0,1.0,1.0
"Retinal dystrophy, iris coloboma, and comedogenic acne syndrome (RDCCAS) [MIM:615147]",1,0,0.0,0.0,0.0,0.0,0.0,0.0
Retinitis pigmentosa 1 (RP1) [MIM:180100],2,1,0.5,1.5,0.5,0.0,0.5,0.5
Retinitis pigmentosa 12 (RP12) [MIM:600105],11,4,0.36363636363636365,0.7272727272727273,0.18181818181818182,0.18181818181818182,0.18181818181818182,0.18181818181818182
Retinitis pigmentosa 13 (RP13) [MIM:600059],1,1,1.0,1.0,0.0,1.0,0.0,0.0
Retinitis pigmentosa 14 (RP14) [MIM:600132],5,3,0.6,1.8,0.4,0.6,0.2,0.6
Retinitis pigmentosa 17 (RP17) [MIM:600852],2,2,1.0,3.0,0.5,0.5,1.0,1.0
Retinitis pigmentosa 19 (RP19) [MIM:601718],3,2,0.6666666666666666,1.0,0.3333333333333333,0.0,0.3333333333333333,0.3333333333333333
Retinitis pigmentosa 2 (RP2) [MIM:312600],3,0,0.0,0.0,0.0,0.0,0.0,0.0
Retinitis pigmentosa 20 (RP20) [MIM:613794],8,2,0.25,0.5,0.125,0.125,0.125,0.125
Retinitis pigmentosa 25 (RP25) [MIM:602772],6,5,0.8333333333333334,2.6666666666666665,0.5,0.6666666666666666,0.6666666666666666,0.8333333333333334
Retinitis pigmentosa 26 (RP26) [MIM:608380],2,2,1.0,1.5,0.5,0.0,0.0,1.0
Retinitis pigmentosa 27 (RP27) [MIM:613750],1,1,1.0,4.0,1.0,1.0,1.0,1.0
Retinitis pigmentosa 3 (RP3) [MIM:300029],3,0,0.0,0.0,0.0,0.0,0.0,0.0
Retinitis pigmentosa 33 (RP33) [MIM:610359],3,1,0.3333333333333333,1.0,0.3333333333333333,0.3333333333333333,0.0,0.3333333333333333
Retinitis pigmentosa 38 (RP38) [MIM:613862],1,1,1.0,2.0,0.0,1.0,0.0,1.0
Retinitis pigmentosa 39 (RP39) [MIM:613809],5,4,0.8,1.6,0.6,0.4,0.4,0.2
Retinitis pigmentosa 4 (RP4) [MIM:613731],27,6,0.2222222222222222,0.25925925925925924,0.0,0.07407407407407407,0.0,0.18518518518518517
Retinitis pigmentosa 40 (RP40) [MIM:613801],2,1,0.5,2.0,0.5,0.5,0.5,0.5
Retinitis pigmentosa 42 (RP42) [MIM:612943],1,0,0.0,0.0,0.0,0.0,0.0,0.0
Retinitis pigmentosa 43 (RP43) [MIM:613810],3,2,0.6666666666666666,0.6666666666666666,0.3333333333333333,0.3333333333333333,0.0,0.0
Retinitis pigmentosa 44 (RP44) [MIM:613769],1,1,1.0,1.0,0.0,0.0,0.0,1.0
Retinitis pigmentosa 50 (RP50) [MIM:613194],3,1,0.3333333333333333,0.6666666666666666,0.3333333333333333,0.3333333333333333,0.0,0.0
Retinitis pigmentosa 53 (RP53) [MIM:612712],2,0,0.0,0.0,0.0,0.0,0.0,0.0
Retinitis pigmentosa 58 (RP58) [MIM:613617],1,1,1.0,1.0,0.0,0.0,0.0,1.0
Retinitis pigmentosa 60 (RP60) [MIM:613983],1,1,1.0,1.0,0.0,0.0,0.0,1.0
Retinitis pigmentosa 61 (RP61) [MIM:614180],2,1,0.5,0.5,0.0,0.0,0.0,0.5
Retinitis pigmentosa 62 (RP62) [MIM:614181],2,0,0.0,0.0,0.0,0.0,0.0,0.0
Retinitis pigmentosa 7 (RP7) [MIM:608133],11,2,0.18181818181818182,0.2727272727272727,0.09090909090909091,0.18181818181818182,0.0,0.0
Retinitis pigmentosa 77 (RP77) [MIM:617304],1,0,0.0,0.0,0.0,0.0,0.0,0.0
Retinitis pigmentosa 9 (RP9) [MIM:180104],1,1,1.0,3.0,1.0,1.0,0.0,1.0
Retinitis pigmentosa 93 (RP93) [MIM:619845],1,1,1.0,1.0,0.0,0.0,0.0,1.0
Retinitis punctata albescens (RPA) [MIM:136880],1,1,1.0,1.0,1.0,0.0,0.0,0.0
Retinopathy-sensory neuropathy syndrome (RETSNS) [MIM:609033],1,0,0.0,0.0,0.0,0.0,0.0,0.0
Retinoschisis juvenile X-linked 1 (XLRS1) [MIM:312700],15,3,0.2,0.2,0.2,0.0,0.0,0.0
Rett syndrome (RTT) [MIM:312750],12,1,0.08333333333333333,0.16666666666666666,0.0,0.08333333333333333,0.0,0.08333333333333333
Rett syndrome congenital variant (RTTCV) [MIM:613454],1,0,0.0,0.0,0.0,0.0,0.0,0.0
Rhegmatogenous retinal detachment autosomal dominant (DRRD) [MIM:609508],1,0,0.0,0.0,0.0,0.0,0.0,0.0
Rhizomelic chondrodysplasia punctata 3 (RCDP3) [MIM:600121],2,0,0.0,0.0,0.0,0.0,0.0,0.0
Rickets vitamin D-dependent 1A (VDDR1A) [MIM:264700],5,0,0.0,0.0,0.0,0.0,0.0,0.0
Rickets vitamin D-dependent 1B (VDDR1B) [MIM:600081],1,0,0.0,0.0,0.0,0.0,0.0,0.0
Rickets vitamin D-dependent 2A (VDDR2A) [MIM:277440],4,1,0.25,0.25,0.0,0.25,0.0,0.0
Rippling muscle disease 2 (RMD2) [MIM:606072],5,1,0.2,0.2,0.0,0.0,0.2,0.0
"Robinow syndrome, autosomal dominant 1 (DRS1) [MIM:180700]",1,0,0.0,0.0,0.0,0.0,0.0,0.0
"Robinow syndrome, autosomal recessive 1 (RRS1) [MIM:268310]",1,0,0.0,0.0,0.0,0.0,0.0,0.0
Rubinstein-Taybi syndrome 1 (RSTS1) [MIM:180849],10,3,0.3,0.6,0.1,0.2,0.1,0.2
Sacral agenesis with vertebral anomalies (SAVA) [MIM:615709],2,0,0.0,0.0,0.0,0.0,0.0,0.0
Saethre-Chotzen syndrome (SCS) [MIM:101400],2,0,0.0,0.0,0.0,0.0,0.0,0.0
Salla disease (SD) [MIM:604369],1,0,0.0,0.0,0.0,0.0,0.0,0.0
Scalp-ear-nipple syndrome (SENS) [MIM:181270],3,0,0.0,0.0,0.0,0.0,0.0,0.0
Schimke immuno-osseous dysplasia (SIOD) [MIM:242900],1,0,0.0,0.0,0.0,0.0,0.0,0.0
Schimmelpenning-Feuerstein-Mims syndrome (SFM) [MIM:163200],1,0,0.0,0.0,0.0,0.0,0.0,0.0
Schizencephaly (SCHZC) [MIM:269160],1,0,0.0,0.0,0.0,0.0,0.0,0.0
Schizophrenia (SCZD) [MIM:181500],4,4,1.0,2.0,0.25,0.5,0.25,1.0
Schmid type metaphyseal chondrodysplasia (SMCD) [MIM:156500],3,2,0.6666666666666666,0.6666666666666666,0.6666666666666666,0.0,0.0,0.0
Schopf-Schulz-Passarge syndrome (SSPS) [MIM:224750],2,0,0.0,0.0,0.0,0.0,0.0,0.0
Schuurs-Hoeijmakers syndrome (SHMS) [MIM:615009],1,1,1.0,1.0,0.0,0.0,0.0,1.0
"Schwannomatosis, vestibular (SWNV) [MIM:101000]",4,1,0.25,0.25,0.0,0.25,0.0,0.0
Sclerosteosis 2 (SOST2) [MIM:614305],1,0,0.0,0.0,0.0,0.0,0.0,0.0
Seckel syndrome 11 (SCKL11) [MIM:620767],1,1,1.0,2.0,0.0,0.0,1.0,1.0
Segawa syndrome autosomal recessive (ARSEGS) [MIM:605407],7,2,0.2857142857142857,0.7142857142857143,0.14285714285714285,0.14285714285714285,0.2857142857142857,0.14285714285714285
"Seizures, benign familial infantile, 3 (BFIS3) [MIM:607745]",3,0,0.0,0.0,0.0,0.0,0.0,0.0
"Seizures, benign familial neonatal 1 (BFNS1) [MIM:121200]",7,0,0.0,0.0,0.0,0.0,0.0,0.0
"Seizures, benign familial neonatal 2 (BFNS2) [MIM:121201]",2,0,0.0,0.0,0.0,0.0,0.0,0.0
Senior-Loken syndrome 4 (SLSN4) [MIM:606996],1,1,1.0,2.0,0.0,1.0,1.0,0.0
Senior-Loken syndrome 8 (SLSN8) [MIM:616307],1,1,1.0,1.0,1.0,0.0,0.0,0.0
Sensory ataxic neuropathy dysarthria and ophthalmoparesis (SANDO) [MIM:607459],3,1,0.3333333333333333,0.3333333333333333,0.0,0.0,0.0,0.3333333333333333
Septooptic dysplasia (SOD) [MIM:182230],1,0,0.0,0.0,0.0,0.0,0.0,0.0
Severe combined immunodeficiency X-linked T-cell-negative/B-cell-positive/NK-cell-negative (XSCID) [MIM:300400],2,1,0.5,0.5,0.5,0.0,0.0,0.0
Severe combined immunodeficiency autosomal recessive T-cell-negative/B-cell-negative/NK-cell-negative due to adenosine deaminase deficiency (ADASCID) [MIM:102700],9,0,0.0,0.0,0.0,0.0,0.0,0.0
Severe combined immunodeficiency autosomal recessive T-cell-negative/B-cell-negative/NK-cell-positive (T(-)B(-)NK(+) SCID) [MIM:601457],1,0,0.0,0.0,0.0,0.0,0.0,0.0
Severe combined immunodeficiency autosomal recessive T-cell-negative/B-cell-positive/NK-cell-negative (T(-)B(+)NK(-) SCID) [MIM:600802],1,0,0.0,0.0,0.0,0.0,0.0,0.0
Short QT syndrome 1 (SQT1) [MIM:609620],1,1,1.0,2.0,1.0,1.0,0.0,0.0
Short QT syndrome 2 (SQT2) [MIM:609621],1,0,0.0,0.0,0.0,0.0,0.0,0.0
Short stature with non-specific skeletal abnormalities 1 (SNSK1) [MIM:616255],3,2,0.6666666666666666,2.0,0.6666666666666666,0.6666666666666666,0.3333333333333333,0.3333333333333333
"Short stature, impaired intellectual development, microcephaly, hypotonia, and ocular anomalies (SIMHA) [MIM:619557]",1,0,0.0,0.0,0.0,0.0,0.0,0.0
"Short stature, microcephaly, and endocrine dysfunction (SSMED) [MIM:616541]",1,0,0.0,0.0,0.0,0.0,0.0,0.0
Short-rib thoracic dysplasia 11 with or without polydactyly (SRTD11) [MIM:615633],4,3,0.75,2.0,0.25,0.75,0.25,0.75
Short-rib thoracic dysplasia 15 with polydactyly (SRTD15) [MIM:617088],2,2,1.0,2.0,0.5,0.5,0.0,1.0
Short-rib thoracic dysplasia 18 with polydactyly (SRTD18) [MIM:617866],1,0,0.0,0.0,0.0,0.0,0.0,0.0
Short-rib thoracic dysplasia 3 with or without polydactyly (SRTD3) [MIM:613091],8,5,0.625,1.875,0.5,0.625,0.125,0.625
Short-rib thoracic dysplasia 4 with or without polydactyly (SRTD4) [MIM:613819],1,1,1.0,4.0,1.0,1.0,1.0,1.0
Short-rib thoracic dysplasia 5 with or without polydactyly (SRTD5) [MIM:614376],1,0,0.0,0.0,0.0,0.0,0.0,0.0
Short-rib thoracic dysplasia 8 with or without polydactyly (SRTD8) [MIM:615503],1,1,1.0,1.0,0.0,0.0,0.0,1.0
Short-rib thoracic dysplasia 9 with or without polydactyly (SRTD9) [MIM:266920],3,2,0.6666666666666666,1.6666666666666667,0.3333333333333333,0.3333333333333333,0.3333333333333333,0.6666666666666666
Shprintzen-Goldberg craniosynostosis syndrome (SGS) [MIM:182212],3,0,0.0,0.0,0.0,0.0,0.0,0.0
Shwachman-Diamond syndrome 1 (SDS1) [MIM:260400],1,0,0.0,0.0,0.0,0.0,0.0,0.0
Sialidosis (SIALIDOSIS) [MIM:256550],7,1,0.14285714285714285,0.42857142857142855,0.14285714285714285,0.14285714285714285,0.0,0.14285714285714285
Sialuria (SIALURIA) [MIM:269921],1,0,0.0,0.0,0.0,0.0,0.0,0.0
Sick sinus syndrome 1 (SSS1) [MIM:608567],2,0,0.0,0.0,0.0,0.0,0.0,0.0
Sickle cell disease (SKCA) [MIM:603903],1,1,1.0,3.0,1.0,1.0,1.0,0.0
"Sideroblastic anemia with B-cell immunodeficiency, periodic fevers, and developmental delay (SIFD) [MIM:616084]",3,1,0.3333333333333333,1.0,0.3333333333333333,0.3333333333333333,0.0,0.3333333333333333
Sifrim-Hitz-Weiss syndrome (SIHIWES) [MIM:617159],3,1,0.3333333333333333,0.3333333333333333,0.0,0.3333333333333333,0.0,0.0
Singleton-Merten syndrome 2 (SGMRT2) [MIM:616298],1,0,0.0,0.0,0.0,0.0,0.0,0.0
Sitosterolemia 1 (STSL1) [MIM:210250],2,0,0.0,0.0,0.0,0.0,0.0,0.0
Sjoegren-Larsson syndrome (SLS) [MIM:270200],9,1,0.1111111111111111,0.1111111111111111,0.0,0.1111111111111111,0.0,0.0
"Skeletal defects, genital hypoplasia, and impaired intellectual development (SGYMR) [MIM:612447]",1,1,1.0,1.0,0.0,0.0,0.0,1.0
"Skeletal dysplasia, mild, with joint laxity and advanced bone age (SDJLABA) [MIM:618870]",1,0,0.0,0.0,0.0,0.0,0.0,0.0
Smith-Kingsmore syndrome (SKS) [MIM:616638],5,1,0.2,0.8,0.2,0.2,0.2,0.2
Smith-Lemli-Opitz syndrome (SLOS) [MIM:270400],14,4,0.2857142857142857,0.8571428571428571,0.2857142857142857,0.2857142857142857,0.14285714285714285,0.14285714285714285
Snijders Blok-Campeau syndrome (SNIBCPS) [MIM:618205],1,1,1.0,1.0,1.0,0.0,0.0,0.0
Solitary median maxillary central incisor (SMMCI) [MIM:147250],1,1,1.0,1.0,0.0,1.0,0.0,0.0
Sotos syndrome (SOTOS) [MIM:117550],2,0,0.0,0.0,0.0,0.0,0.0,0.0
"Spastic ataxia 10, autosomal recessive (SPAX10) [MIM:620666]",2,1,0.5,0.5,0.0,0.0,0.0,0.5
"Spastic ataxia 5, autosomal recessive (SPAX5) [MIM:614487]",1,0,0.0,0.0,0.0,0.0,0.0,0.0
Spastic ataxia Charlevoix-Saguenay type (SACS) [MIM:270550],3,2,0.6666666666666666,1.3333333333333333,0.6666666666666666,0.3333333333333333,0.0,0.3333333333333333
"Spastic paraplegia 17, autosomal dominant (SPG17) [MIM:270685]",1,1,1.0,1.0,1.0,0.0,0.0,0.0
"Spastic paraplegia 2, X-linked (SPG2) [MIM:312920]",1,1,1.0,1.0,0.0,1.0,0.0,0.0
"Spastic paraplegia 3, autosomal dominant (SPG3) [MIM:182600]",5,3,0.6,1.0,0.2,0.6,0.0,0.2
"Spastic paraplegia 30A, autosomal dominant (SPG30A) [MIM:610357]",1,0,0.0,0.0,0.0,0.0,0.0,0.0
"Spastic paraplegia 39, autosomal recessive (SPG39) [MIM:612020]",2,1,0.5,1.0,0.5,0.5,0.0,0.0
"Spastic paraplegia 4, autosomal dominant (SPG4) [MIM:182601]",27,7,0.25925925925925924,0.37037037037037035,0.1111111111111111,0.2222222222222222,0.0,0.037037037037037035
"Spastic paraplegia 42, autosomal dominant (SPG42) [MIM:612539]",1,0,0.0,0.0,0.0,0.0,0.0,0.0
"Spastic paraplegia 44, autosomal recessive (SPG44) [MIM:613206]",1,1,1.0,1.0,0.0,0.0,1.0,0.0
"Spastic paraplegia 56, autosomal recessive, with or without pseudoxanthoma elasticum (SPG56) [MIM:615030]",2,1,0.5,1.0,0.0,0.5,0.0,0.5
"Spastic paraplegia 5A, autosomal recessive (SPG5A) [MIM:270800]",5,1,0.2,0.2,0.0,0.0,0.0,0.2
"Spastic paraplegia 72A, autosomal dominant (SPG72A) [MIM:615625]",1,0,0.0,0.0,0.0,0.0,0.0,0.0
"Spastic paraplegia 72B, autosomal recessive (SPG72B) [MIM:620606]",1,0,0.0,0.0,0.0,0.0,0.0,0.0
"Spastic paraplegia 73, autosomal dominant (SPG73) [MIM:616282]",1,0,0.0,0.0,0.0,0.0,0.0,0.0
"Spastic paraplegia 75, autosomal recessive (SPG75) [MIM:616680]",1,1,1.0,2.0,1.0,0.0,0.0,1.0
"Spastic paraplegia 8, autosomal dominant (SPG8) [MIM:603563]",2,1,0.5,0.5,0.0,0.5,0.0,0.0
"Spastic paraplegia 81, autosomal recessive (SPG81) [MIM:618768]",1,0,0.0,0.0,0.0,0.0,0.0,0.0
"Spastic paraplegia 93, autosomal recessive (SPG93) [MIM:620938]",2,0,0.0,0.0,0.0,0.0,0.0,0.0
"Spastic tetraplegia, thin corpus callosum, and progressive microcephaly (SPATCCM) [MIM:616657]",1,0,0.0,0.0,0.0,0.0,0.0,0.0
Spermatogenic failure 16 (SPGF16) [MIM:617187],1,1,1.0,1.0,0.0,0.0,0.0,1.0
Spermatogenic failure 17 (SPGF17) [MIM:617214],1,0,0.0,0.0,0.0,0.0,0.0,0.0
Spermatogenic failure 79 (SPGF79) [MIM:620196],1,0,0.0,0.0,0.0,0.0,0.0,0.0
Spermatogenic failure 9 (SPGF9) [MIM:613958],2,0,0.0,0.0,0.0,0.0,0.0,0.0
"Spermatogenic failure, X-linked, 2 (SPGFX2) [MIM:309120]",1,1,1.0,4.0,1.0,1.0,1.0,1.0
Spherocytosis 4 (SPH4) [MIM:612653],3,0,0.0,0.0,0.0,0.0,0.0,0.0
Spinal muscular atrophy X-linked 2 (SMAX2) [MIM:301830],1,1,1.0,2.0,0.0,1.0,0.0,1.0
Spinal muscular atrophy with progressive myoclonic epilepsy (SMAPME) [MIM:159950],1,1,1.0,2.0,1.0,0.0,0.0,1.0
"Spinal muscular atrophy, Jokela type (SMAJ) [MIM:615048]",1,0,0.0,0.0,0.0,0.0,0.0,0.0
"Spinal muscular atrophy, lower extremity-predominant 1, autosomal dominant (SMALED1) [MIM:158600]",5,2,0.4,0.8,0.2,0.2,0.0,0.4
"Spinal muscular atrophy, lower extremity-predominant 2A, childhood onset, autosomal dominant (SMALED2A) [MIM:615290]",2,1,0.5,1.5,0.5,0.0,0.5,0.5
"Spinal muscular atrophy, lower extremity-predominant, 2B, prenatal onset, autosomal dominant (SMALED2B) [MIM:618291]",1,1,1.0,2.0,1.0,0.0,0.0,1.0
"Spinal muscular atrophy, proximal, adult, autosomal dominant (SMAPAD) [MIM:182980]",1,0,0.0,0.0,0.0,0.0,0.0,0.0
Spinocerebellar ataxia 13 (SCA13) [MIM:605259],1,0,0.0,0.0,0.0,0.0,0.0,0.0
Spinocerebellar ataxia 14 (SCA14) [MIM:605361],1,1,1.0,1.0,0.0,1.0,0.0,0.0
Spinocerebellar ataxia 19 (SCA19) [MIM:607346],1,1,1.0,2.0,1.0,1.0,0.0,0.0
Spinocerebellar ataxia 21 (SCA21) [MIM:607454],1,0,0.0,0.0,0.0,0.0,0.0,0.0
Spinocerebellar ataxia 23 (SCA23) [MIM:610245],4,1,0.25,1.0,0.25,0.25,0.25,0.25
Spinocerebellar ataxia 28 (SCA28) [MIM:610246],3,2,0.6666666666666666,2.0,0.6666666666666666,0.6666666666666666,0.0,0.6666666666666666
Spinocerebellar ataxia 29 (SCA29) [MIM:117360],1,1,1.0,2.0,1.0,0.0,0.0,1.0
Spinocerebellar ataxia 34 (SCA34) [MIM:133190],1,1,1.0,2.0,1.0,1.0,0.0,0.0
Spinocerebellar ataxia 35 (SCA35) [MIM:613908],1,1,1.0,2.0,0.0,1.0,0.0,1.0
Spinocerebellar ataxia 42 (SCA42) [MIM:616795],1,0,0.0,0.0,0.0,0.0,0.0,0.0
Spinocerebellar ataxia 43 (SCA43) [MIM:617018],1,0,0.0,0.0,0.0,0.0,0.0,0.0
Spinocerebellar ataxia 44 (SCA44) [MIM:617691],2,1,0.5,0.5,0.5,0.0,0.0,0.0
Spinocerebellar ataxia 47 (SCA47) [MIM:617931],1,1,1.0,3.0,1.0,1.0,0.0,1.0
Spinocerebellar ataxia 5 (SCA5) [MIM:600224],1,0,0.0,0.0,0.0,0.0,0.0,0.0
"Spinocerebellar ataxia, X-linked 1 (SCAX1) [MIM:302500]",1,0,0.0,0.0,0.0,0.0,0.0,0.0
"Spinocerebellar ataxia, X-linked 6, with or without sideroblastic anemia (SCAX6) [MIM:301310]",2,0,0.0,0.0,0.0,0.0,0.0,0.0
"Spinocerebellar ataxia, autosomal recessive, 10 (SCAR10) [MIM:613728]",1,0,0.0,0.0,0.0,0.0,0.0,0.0
"Spinocerebellar ataxia, autosomal recessive, 12 (SCAR12) [MIM:614322]",1,0,0.0,0.0,0.0,0.0,0.0,0.0
"Spinocerebellar ataxia, autosomal recessive, 16 (SCAR16) [MIM:615768]",3,1,0.3333333333333333,0.6666666666666666,0.3333333333333333,0.3333333333333333,0.0,0.0
"Spinocerebellar ataxia, autosomal recessive, 2 (SCAR2) [MIM:213200]",1,1,1.0,1.0,0.0,0.0,0.0,1.0
"Spinocerebellar ataxia, autosomal recessive, 22 (SCAR22) [MIM:616948]",1,1,1.0,4.0,1.0,1.0,1.0,1.0
"Spinocerebellar ataxia, autosomal recessive, 7 (SCAR7) [MIM:609270]",1,1,1.0,3.0,1.0,1.0,0.0,1.0
"Spinocerebellar ataxia, autosomal recessive, with axonal neuropathy 2 (SCAN2) [MIM:606002]",6,2,0.3333333333333333,0.3333333333333333,0.0,0.0,0.0,0.3333333333333333
"Spinocerebellar ataxia, autosomal recessive, with axonal neuropathy 3 (SCAN3) [MIM:618387]",1,1,1.0,2.0,0.0,1.0,0.0,1.0
"Spondylocostal dysostosis 4, autosomal recessive (SCDO4) [MIM:613686]",1,1,1.0,3.0,1.0,1.0,0.0,1.0
Spondyloenchondrodysplasia with immune dysregulation (SPENCDI) [MIM:607944],1,1,1.0,3.0,1.0,1.0,0.0,1.0
"Spondyloepimetaphyseal dysplasia with joint laxity, 1, with or without fractures (SEMDJL1) [MIM:271640]",2,0,0.0,0.0,0.0,0.0,0.0,0.0
"Spondyloepimetaphyseal dysplasia, Genevieve type (SEMDG) [MIM:610442]",1,1,1.0,1.0,0.0,1.0,0.0,0.0
"Spondyloepimetaphyseal dysplasia, Strudwick type (SEMDSTWK) [MIM:184250]",2,0,0.0,0.0,0.0,0.0,0.0,0.0
"Spondyloepimetaphyseal dysplasia, X-linked, with hypomyelinating leukodystrophy (SEMDHL) [MIM:300232]",1,0,0.0,0.0,0.0,0.0,0.0,0.0
"Spondyloepimetaphyseal dysplasia, short limb-hand type (SEMD-SL) [MIM:271665]",2,0,0.0,0.0,0.0,0.0,0.0,0.0
"Spondyloepimetaphyseal dysplasia, sponastrime type (SEMDSP) [MIM:271510]",2,2,1.0,1.0,0.0,0.0,0.0,1.0
Spondyloepiphyseal dysplasia with congenital joint dislocations (SEDCJD) [MIM:143095],2,1,0.5,0.5,0.5,0.0,0.0,0.0
"Spondyloepiphyseal dysplasia, Stanescu type (SEDSTN) [MIM:616583]",1,0,0.0,0.0,0.0,0.0,0.0,0.0
Spondylometaphyseal dysplasia Kozlowski type (SMDK) [MIM:184252],5,2,0.4,0.4,0.2,0.2,0.0,0.0
Spondylometaphyseal dysplasia with cone-rod dystrophy (SMDCRD) [MIM:608940],1,1,1.0,1.0,0.0,1.0,0.0,0.0
"Spondylometaphyseal dysplasia, axial (SMDAX) [MIM:602271]",1,1,1.0,3.0,1.0,0.0,1.0,1.0
"Spondylometaphyseal dysplasia, corner fracture type (SMDCF) [MIM:184255]",2,1,0.5,0.5,0.0,0.5,0.0,0.0
Stargardt disease 1 (STGD1) [MIM:248200],75,23,0.30666666666666664,0.44,0.12,0.22666666666666666,0.06666666666666667,0.02666666666666667
Steatocystoma multiplex (SM) [MIM:184500],1,0,0.0,0.0,0.0,0.0,0.0,0.0
Stickler syndrome 1 (STL1) [MIM:108300],2,1,0.5,1.0,0.5,0.5,0.0,0.0
Stiff skin syndrome (SSKS) [MIM:184900],2,0,0.0,0.0,0.0,0.0,0.0,0.0
Stolerman neurodevelopmental syndrome (NEDSST) [MIM:618505],1,0,0.0,0.0,0.0,0.0,0.0,0.0
Stomatin-deficient cryohydrocytosis with neurologic defects (SDCHCN) [MIM:608885],1,0,0.0,0.0,0.0,0.0,0.0,0.0
"Striatonigral degeneration, childhood-onset (SNDC) [MIM:617054]",2,1,0.5,0.5,0.0,0.0,0.0,0.5
Structural heart defects and renal anomalies syndrome (SHDRA) [MIM:617478],1,1,1.0,1.0,0.0,0.0,0.0,1.0
"Stuttering, familial persistent 1 (STUT1) [MIM:184450]",1,1,1.0,1.0,0.0,0.0,0.0,1.0
Subcortical band heterotopia (SBH) [MIM:607432],2,1,0.5,1.5,0.5,0.5,0.0,0.5
Succinic semialdehyde dehydrogenase deficiency (SSADHD) [MIM:271980],3,1,0.3333333333333333,0.3333333333333333,0.3333333333333333,0.0,0.0,0.0
Succinyl-CoA:3-oxoacid CoA transferase deficiency (SCOTD) [MIM:245050],4,1,0.25,0.25,0.25,0.0,0.0,0.0
"Sudden cardiac failure, infantile (SCFI) [MIM:617222]",1,1,1.0,3.0,0.0,1.0,1.0,1.0
Sudden infant death syndrome (SIDS) [MIM:272120],2,0,0.0,0.0,0.0,0.0,0.0,0.0
"Sulfite oxidase deficiency, isolated (ISOD) [MIM:272300]",3,1,0.3333333333333333,0.6666666666666666,0.3333333333333333,0.3333333333333333,0.0,0.0
Sveinsson chorioretinal atrophy (SCRA) [MIM:108985],1,0,0.0,0.0,0.0,0.0,0.0,0.0
Sweeney-Cox syndrome (SWCOS) [MIM:617746],1,0,0.0,0.0,0.0,0.0,0.0,0.0
"Symphalangism, proximal 1A (SYM1A) [MIM:185800]",1,0,0.0,0.0,0.0,0.0,0.0,0.0
"Symphalangism, proximal 1B (SYM1B) [MIM:615298]",2,2,1.0,2.0,1.0,0.5,0.0,0.5
Symptomatic deficiency in lactate transport (SDLT) [MIM:245340],2,2,1.0,4.0,1.0,1.0,1.0,1.0
Synpolydactyly 1 (SPD1) [MIM:186000],1,0,0.0,0.0,0.0,0.0,0.0,0.0
Systemic lupus erythematosus 17 (SLEB17) [MIM:301080],2,2,1.0,4.0,1.0,1.0,1.0,1.0
Systemic primary carnitine deficiency (CDSP) [MIM:212140],22,6,0.2727272727272727,0.8181818181818182,0.2727272727272727,0.22727272727272727,0.13636363636363635,0.18181818181818182
"T-cell immunodeficiency, congenital alopecia, and nail dystrophy (TIDAND) [MIM:601705]",1,0,0.0,0.0,0.0,0.0,0.0,0.0
"T-cell lymphopenia, infantile, with or without nail dystrophy, autosomal dominant (TLIND) [MIM:618806]",1,0,0.0,0.0,0.0,0.0,0.0,0.0
Takenouchi-Kosaki syndrome (TKS) [MIM:616737],1,0,0.0,0.0,0.0,0.0,0.0,0.0
Tangier disease (TGD) [MIM:205400],6,1,0.16666666666666666,0.5,0.16666666666666666,0.16666666666666666,0.0,0.16666666666666666
Tarsal-carpal coalition syndrome (TCC) [MIM:186570],2,0,0.0,0.0,0.0,0.0,0.0,0.0
Tatton-Brown-Rahman syndrome (TBRS) [MIM:615879],3,0,0.0,0.0,0.0,0.0,0.0,0.0
Teebi hypertelorism syndrome 2 (TBHS2) [MIM:619736],1,0,0.0,0.0,0.0,0.0,0.0,0.0
"Telangiectasia, hereditary hemorrhagic, 1 (HHT1) [MIM:187300]",2,2,1.0,1.5,0.5,0.0,0.0,1.0
"Telangiectasia, hereditary hemorrhagic, 2 (HHT2) [MIM:600376]",19,3,0.15789473684210525,0.47368421052631576,0.05263157894736842,0.15789473684210525,0.15789473684210525,0.10526315789473684
Temple-Baraitser syndrome (TMBTS) [MIM:611816],2,0,0.0,0.0,0.0,0.0,0.0,0.0
Temtamy syndrome (TEMTYS) [MIM:218340],1,0,0.0,0.0,0.0,0.0,0.0,0.0
Tenorio syndrome (TNORS) [MIM:616260],1,1,1.0,2.0,1.0,1.0,0.0,0.0
Testicular germ cell tumor (TGCT) [MIM:273300],1,0,0.0,0.0,0.0,0.0,0.0,0.0
Tetralogy of Fallot (TOF) [MIM:187500],3,3,1.0,2.0,0.6666666666666666,1.0,0.0,0.3333333333333333
Thanatophoric dysplasia 1 (TD1) [MIM:187600],4,3,0.75,1.0,0.0,0.75,0.0,0.25
Thanatophoric dysplasia 2 (TD2) [MIM:187601],1,0,0.0,0.0,0.0,0.0,0.0,0.0
"Thiamine metabolism dysfunction syndrome 4, bilateral striatal degeneration and progressive polyneuropathy type (THMD4) [MIM:613710]",1,0,0.0,0.0,0.0,0.0,0.0,0.0
"Thiamine metabolism dysfunction syndrome 5, episodic encephalopathy type (THMD5) [MIM:614458]",1,0,0.0,0.0,0.0,0.0,0.0,0.0
Thiamine-responsive megaloblastic anemia syndrome (TRMA) [MIM:249270],1,0,0.0,0.0,0.0,0.0,0.0,0.0
Thrombocythemia 3 (THCYT3) [MIM:614521],1,0,0.0,0.0,0.0,0.0,0.0,0.0
Thrombocytopenia 1 (THC1) [MIM:313900],2,0,0.0,0.0,0.0,0.0,0.0,0.0
Thrombocytopenia 12 with or without myopathy (THC12) [MIM:620757],1,0,0.0,0.0,0.0,0.0,0.0,0.0
Thrombocytopenia 5 (THC5) [MIM:616216],1,1,1.0,1.0,0.0,1.0,0.0,0.0
Thrombocytopenia 6 (THC6) [MIM:616937],1,1,1.0,1.0,0.0,0.0,0.0,1.0
"Thrombophilia due to protein C deficiency, autosomal recessive (THPH4) [MIM:612304]",1,1,1.0,4.0,1.0,1.0,1.0,1.0
"Thrombophilia due to protein S deficiency, autosomal dominant (THPH5) [MIM:612336]",9,2,0.2222222222222222,0.6666666666666666,0.2222222222222222,0.2222222222222222,0.1111111111111111,0.1111111111111111
"Thrombotic thrombocytopenic purpura, hereditary (TTP) [MIM:274150]",9,2,0.2222222222222222,0.3333333333333333,0.1111111111111111,0.0,0.0,0.2222222222222222
"Thyroid cancer, non-medullary, 2 (NMTC2) [MIM:188470]",2,2,1.0,1.5,0.0,0.5,0.5,0.5
Thyroid dyshormonogenesis 1 (TDH1) [MIM:274400],2,0,0.0,0.0,0.0,0.0,0.0,0.0
Thyroid dyshormonogenesis 2A (TDH2A) [MIM:274500],8,3,0.375,1.5,0.375,0.375,0.375,0.375
Thyroid dyshormonogenesis 3 (TDH3) [MIM:274700],1,0,0.0,0.0,0.0,0.0,0.0,0.0
Thyroid dyshormonogenesis 6 (TDH6) [MIM:607200],3,1,0.3333333333333333,0.3333333333333333,0.0,0.0,0.0,0.3333333333333333
"Thyroid hormone metabolism, abnormal, 1 (THMA1) [MIM:609698]",1,0,0.0,0.0,0.0,0.0,0.0,0.0
"Thyroid hormone resistance, generalized, autosomal dominant (GRTHD) [MIM:188570]",6,2,0.3333333333333333,0.3333333333333333,0.3333333333333333,0.0,0.0,0.0
"Tooth agenesis, selective, 8 (STHAG8) [MIM:617073]",1,1,1.0,3.0,1.0,1.0,0.0,1.0
"Tooth agenesis, selective, 9 (STHAG9) [MIM:617275]",1,1,1.0,4.0,1.0,1.0,1.0,1.0
Transaldolase deficiency (TALDOD) [MIM:606003],1,0,0.0,0.0,0.0,0.0,0.0,0.0
Transient bullous dermolysis of the newborn (TBDN) [MIM:131705],1,0,0.0,0.0,0.0,0.0,0.0,0.0
Transient neonatal diabetes mellitus 2 (TNDM2) [MIM:610374],1,1,1.0,1.0,1.0,0.0,0.0,0.0
Treacher Collins syndrome 3 (TCS3) [MIM:248390],2,0,0.0,0.0,0.0,0.0,0.0,0.0
Treacher Collins syndrome 4 (TCS4) [MIM:618939],1,0,0.0,0.0,0.0,0.0,0.0,0.0
"Tremor, hereditary essential 4 (ETM4) [MIM:614782]",2,2,1.0,1.0,0.5,0.0,0.0,0.5
Trichohepatoenteric syndrome 1 (THES1) [MIM:222470],1,1,1.0,2.0,0.0,1.0,0.0,1.0
Trichohepatoenteric syndrome 2 (THES2) [MIM:614602],1,0,0.0,0.0,0.0,0.0,0.0,0.0
Trichomegaly (TCMGLY) [MIM:190330],1,0,0.0,0.0,0.0,0.0,0.0,0.0
"Trichothiodystrophy 1, photosensitive (TTD1) [MIM:601675]",4,1,0.25,0.75,0.25,0.25,0.0,0.25
"Trichothiodystrophy 4, non-photosensitive (TTD4) [MIM:234050]",1,0,0.0,0.0,0.0,0.0,0.0,0.0
"Trichothiodystrophy 6, non-photosensitive (TTD6) [MIM:616943]",2,2,1.0,2.5,0.5,1.0,0.0,1.0
Trigonocephaly 1 (TRIGNO1) [MIM:190440],1,1,1.0,3.0,1.0,1.0,0.0,1.0
Trimethylaminuria (TMAU) [MIM:602079],3,0,0.0,0.0,0.0,0.0,0.0,0.0
Tuberous sclerosis 1 (TSC1) [MIM:191100],5,1,0.2,0.4,0.2,0.2,0.0,0.0
Tuberous sclerosis 2 (TSC2) [MIM:613254],25,10,0.4,0.8,0.2,0.32,0.16,0.12
"Tubulointerstitial kidney disease, autosomal dominant 1 (ADTKD1) [MIM:162000]",5,0,0.0,0.0,0.0,0.0,0.0,0.0
Tumor predisposition syndrome 3 (TPDS3) [MIM:615848],4,2,0.5,0.75,0.0,0.5,0.0,0.25
"Tumoral calcinosis, hyperphosphatemic, familial, 2 (HFTC2) [MIM:617993]",2,0,0.0,0.0,0.0,0.0,0.0,0.0
"Tumoral calcinosis, normophosphatemic, familial (NFTC) [MIM:610455]",1,1,1.0,2.0,0.0,1.0,0.0,1.0
Tylosis with esophageal cancer (TOC) [MIM:148500],1,0,0.0,0.0,0.0,0.0,0.0,0.0
Type 1 diabetes mellitus 20 (T1D20) [MIM:612520],3,0,0.0,0.0,0.0,0.0,0.0,0.0
Type IIb congenital disorder of glycosylation (CDGIIb) [MIM:606056],1,1,1.0,1.0,0.0,0.0,0.0,1.0
Tyrosinemia 1 (TYRSN1) [MIM:276700],1,0,0.0,0.0,0.0,0.0,0.0,0.0
Ullrich congenital muscular dystrophy 1A (UCMD1A) [MIM:254090],2,0,0.0,0.0,0.0,0.0,0.0,0.0
Ullrich congenital muscular dystrophy 1B (UCMD1B) [MIM:620727],3,0,0.0,0.0,0.0,0.0,0.0,0.0
Usher syndrome 1B (USH1B) [MIM:276900],19,5,0.2631578947368421,0.42105263157894735,0.10526315789473684,0.15789473684210525,0.05263157894736842,0.10526315789473684
Usher syndrome 1D (USH1D) [MIM:601067],1,1,1.0,2.0,0.0,1.0,1.0,0.0
Usher syndrome 2A (USH2A) [MIM:276901],18,9,0.5,1.0,0.2777777777777778,0.2777777777777778,0.16666666666666666,0.2777777777777778
Usher syndrome 3A (USH3A) [MIM:276902],4,2,0.5,0.5,0.0,0.25,0.25,0.0
Van Esch-O'Driscoll syndrome (VEODS) [MIM:301030],1,0,0.0,0.0,0.0,0.0,0.0,0.0
Van der Woude syndrome 1 (VWS1) [MIM:119300],3,0,0.0,0.0,0.0,0.0,0.0,0.0
Van der Woude syndrome 2 (VWS2) [MIM:606713],1,0,0.0,0.0,0.0,0.0,0.0,0.0
Variegate porphyria (VP) [MIM:176200],6,2,0.3333333333333333,0.5,0.0,0.3333333333333333,0.16666666666666666,0.0
"Variegate porphyria, childhood-onset (VPCO) [MIM:620483]",2,2,1.0,1.5,0.0,1.0,0.0,0.5
"Vasculitis, autoinflammation, immunodeficiency, and hematologic defects syndrome (VAIHS) [MIM:615688]",4,2,0.5,0.5,0.0,0.0,0.5,0.0
Velocardiofacial syndrome (VCFS) [MIM:192430],1,1,1.0,3.0,1.0,1.0,0.0,1.0
Ventricular septal defect 1 (VSD1) [MIM:614429],3,1,0.3333333333333333,0.3333333333333333,0.3333333333333333,0.0,0.0,0.0
Ventricular septal defect 3 (VSD3) [MIM:614432],1,1,1.0,3.0,1.0,1.0,1.0,0.0
"Ventricular tachycardia, catecholaminergic polymorphic, 1, with or without atrial dysfunction and/or dilated cardiomyopathy (CPVT1) [MIM:604772]",11,7,0.6363636363636364,1.0,0.2727272727272727,0.45454545454545453,0.18181818181818182,0.09090909090909091
"Ventricular tachycardia, catecholaminergic polymorphic, 2 (CPVT2) [MIM:611938]",1,0,0.0,0.0,0.0,0.0,0.0,0.0
Ventriculomegaly with cystic kidney disease (VMCKD) [MIM:219730],1,0,0.0,0.0,0.0,0.0,0.0,0.0
Vertebral hypersegmentation and orofacial anomalies (VHO) [MIM:619122],1,0,0.0,0.0,0.0,0.0,0.0,0.0
Vesicoureteral reflux 3 (VUR3) [MIM:613674],2,2,1.0,2.0,0.5,0.0,0.5,1.0
"Visceral neuropathy, familial, 2, autosomal recessive (VSCN2) [MIM:619465]",2,1,0.5,0.5,0.5,0.0,0.0,0.0
Vitreoretinochoroidopathy (VRCP) [MIM:193220],1,0,0.0,0.0,0.0,0.0,0.0,0.0
Vitreoretinopathy with phalangeal epiphyseal dysplasia (VPED) [MIM:619248],1,0,0.0,0.0,0.0,0.0,0.0,0.0
"Vitreoretinopathy, exudative 1 (EVR1) [MIM:133780]",7,2,0.2857142857142857,0.8571428571428571,0.14285714285714285,0.2857142857142857,0.14285714285714285,0.2857142857142857
"Vitreoretinopathy, exudative 4 (EVR4) [MIM:601813]",4,0,0.0,0.0,0.0,0.0,0.0,0.0
"Vitreoretinopathy, exudative 5 (EVR5) [MIM:613310]",3,1,0.3333333333333333,0.3333333333333333,0.0,0.0,0.0,0.3333333333333333
Vohwinkel syndrome (VOWNKL) [MIM:124500],1,0,0.0,0.0,0.0,0.0,0.0,0.0
Von Hippel-Lindau disease (VHLD) [MIM:193300],46,10,0.21739130434782608,0.43478260869565216,0.15217391304347827,0.17391304347826086,0.043478260869565216,0.06521739130434782
Von Willebrand disease 2 (VWD2) [MIM:613554],13,5,0.38461538461538464,0.7692307692307693,0.23076923076923078,0.23076923076923078,0.15384615384615385,0.15384615384615385
Von Willebrand disease 3 (VWD3) [MIM:277480],1,1,1.0,1.0,0.0,0.0,0.0,1.0
Waardenburg syndrome 1 (WS1) [MIM:193500],5,1,0.2,0.2,0.0,0.2,0.0,0.0
Waardenburg syndrome 3 (WS3) [MIM:148820],2,0,0.0,0.0,0.0,0.0,0.0,0.0
Waardenburg syndrome 4B (WS4B) [MIM:613265],1,0,0.0,0.0,0.0,0.0,0.0,0.0
Weaver syndrome (WVS) [MIM:277590],1,0,0.0,0.0,0.0,0.0,0.0,0.0
Weill-Marchesani syndrome 3 (WMS3) [MIM:614819],1,1,1.0,2.0,1.0,0.0,1.0,0.0
White sponge nevus 2 (WSN2) [MIM:615785],1,0,0.0,0.0,0.0,0.0,0.0,0.0
Wieacker-Wolf syndrome (WRWF) [MIM:314580],1,1,1.0,1.0,0.0,0.0,0.0,1.0
Wilms tumor 1 (WT1) [MIM:194070],1,1,1.0,3.0,1.0,1.0,0.0,1.0
Wilson disease (WD) [MIM:277900],54,13,0.24074074074074073,0.6111111111111112,0.18518518518518517,0.2037037037037037,0.14814814814814814,0.07407407407407407
Wiskott-Aldrich syndrome (WAS) [MIM:301000],3,0,0.0,0.0,0.0,0.0,0.0,0.0
Wolfram syndrome 1 (WFS1) [MIM:222300],4,2,0.5,1.0,0.5,0.25,0.25,0.0
Woolly hair autosomal recessive 2 (ARWH2) [MIM:604379],1,0,0.0,0.0,0.0,0.0,0.0,0.0
Woolly hair autosomal recessive 3 (ARWH3) [MIM:616760],1,0,0.0,0.0,0.0,0.0,0.0,0.0
X-linked agammaglobulinemia (XLA) [MIM:300755],9,2,0.2222222222222222,0.3333333333333333,0.0,0.2222222222222222,0.0,0.1111111111111111
X-linked combined immunodeficiency (XCID) [MIM:312863],1,0,0.0,0.0,0.0,0.0,0.0,0.0
X-linked dyserythropoietic anemia and thrombocytopenia (XDAT) [MIM:300367],1,0,0.0,0.0,0.0,0.0,0.0,0.0
Xanthinuria 1 (XAN1) [MIM:278300],1,0,0.0,0.0,0.0,0.0,0.0,0.0
Xeroderma pigmentosum complementation group A (XP-A) [MIM:278700],1,0,0.0,0.0,0.0,0.0,0.0,0.0
Xeroderma pigmentosum complementation group B (XP-B) [MIM:610651],1,0,0.0,0.0,0.0,0.0,0.0,0.0
Xeroderma pigmentosum complementation group C (XP-C) [MIM:278720],1,1,1.0,4.0,1.0,1.0,1.0,1.0
Xeroderma pigmentosum complementation group D (XP-D) [MIM:278730],7,1,0.14285714285714285,0.14285714285714285,0.0,0.14285714285714285,0.0,0.0
Xeroderma pigmentosum complementation group E (XP-E) [MIM:278740],1,0,0.0,0.0,0.0,0.0,0.0,0.0
Xeroderma pigmentosum complementation group F (XP-F) [MIM:278760],1,1,1.0,1.0,0.0,0.0,0.0,1.0
Xeroderma pigmentosum type F/Cockayne syndrome (XPF/CS) [MIM:278760],2,0,0.0,0.0,0.0,0.0,0.0,0.0
Xeroderma pigmentosum variant type (XPV) [MIM:278750],2,1,0.5,1.5,0.5,0.5,0.0,0.5
Yao syndrome (YAOS) [MIM:617321],2,2,1.0,1.0,0.0,0.0,0.0,1.0
You-Hoover-Fong syndrome (YHFS) [MIM:616954],1,1,1.0,1.0,0.0,0.0,0.0,1.0
Yunis-Varon syndrome (YVS) [MIM:216340],1,0,0.0,0.0,0.0,0.0,0.0,0.0
Zimmermann-Laband syndrome 1 (ZLS1) [MIM:135500],4,1,0.25,0.25,0.25,0.0,0.0,0.0
