Gene,total_variants,variants_with_any_failure,any_failure_rate,avg_predictors_failed,SIFT_failure_rate,PolyPhen_failure_rate,CADD_failure_rate,REVEL_failure_rate
AAK1,2,2,1.0,2.0,0.5,0.5,1.0,0.0
AAMDC,1,1,1.0,3.0,1.0,1.0,1.0,0.0
AARD,1,0,0.0,0.0,0.0,0.0,0.0,0.0
AARS1,2,0,0.0,0.0,0.0,0.0,0.0,0.0
AARS2,4,2,0.5,1.25,0.5,0.25,0.25,0.25
AASDH,4,1,0.25,0.25,0.25,0.0,0.0,0.0
AATK,3,2,0.6666666666666666,1.3333333333333333,0.3333333333333333,0.6666666666666666,0.3333333333333333,0.0
ABCA1,25,19,0.76,2.16,0.48,0.4,0.68,0.6
ABCA10,3,0,0.0,0.0,0.0,0.0,0.0,0.0
ABCA12,5,2,0.4,1.4,0.4,0.4,0.4,0.2
ABCA13,4,2,0.5,0.5,0.5,0.0,0.0,0.0
ABCA3,3,0,0.0,0.0,0.0,0.0,0.0,0.0
ABCA4,102,39,0.38235294117647056,0.7254901960784313,0.20588235294117646,0.27450980392156865,0.14705882352941177,0.09803921568627451
ABCA5,3,1,0.3333333333333333,0.3333333333333333,0.0,0.0,0.3333333333333333,0.0
ABCA6,2,1,0.5,0.5,0.5,0.0,0.0,0.0
ABCA7,2,2,1.0,1.0,0.5,0.5,0.0,0.0
ABCA8,1,0,0.0,0.0,0.0,0.0,0.0,0.0
ABCA9,4,2,0.5,1.25,0.5,0.5,0.25,0.0
ABCB1,10,6,0.6,1.4,0.5,0.2,0.5,0.2
ABCB10,1,1,1.0,4.0,1.0,1.0,1.0,1.0
ABCB4,17,10,0.5882352941176471,1.3529411764705883,0.47058823529411764,0.35294117647058826,0.23529411764705882,0.29411764705882354
ABCB6,4,4,1.0,2.25,0.25,0.75,0.75,0.5
ABCB7,2,0,0.0,0.0,0.0,0.0,0.0,0.0
ABCC1,5,3,0.6,1.4,0.4,0.4,0.6,0.0
ABCC11,5,4,0.8,2.0,0.6,0.8,0.2,0.4
ABCC12,1,0,0.0,0.0,0.0,0.0,0.0,0.0
ABCC3,2,1,0.5,2.0,0.5,0.5,0.5,0.5
ABCC4,7,4,0.5714285714285714,1.4285714285714286,0.5714285714285714,0.14285714285714285,0.42857142857142855,0.2857142857142857
ABCC6,41,10,0.24390243902439024,0.6585365853658537,0.1951219512195122,0.1951219512195122,0.14634146341463414,0.12195121951219512
ABCC8,32,15,0.46875,0.65625,0.25,0.15625,0.0625,0.1875
ABCC9,4,2,0.5,0.75,0.25,0.5,0.0,0.0
ABCD1,29,1,0.034482758620689655,0.13793103448275862,0.034482758620689655,0.034482758620689655,0.034482758620689655,0.034482758620689655
ABCD4,1,0,0.0,0.0,0.0,0.0,0.0,0.0
ABCG2,10,5,0.5,0.8,0.1,0.1,0.5,0.1
ABCG8,3,1,0.3333333333333333,0.6666666666666666,0.0,0.3333333333333333,0.3333333333333333,0.0
ABHD12,1,1,1.0,1.0,0.0,0.0,1.0,0.0
ABHD12B,1,1,1.0,3.0,1.0,1.0,1.0,0.0
ABHD16B,1,1,1.0,3.0,1.0,1.0,1.0,0.0
ABHD5,1,1,1.0,4.0,1.0,1.0,1.0,1.0
ABHD6,3,3,1.0,3.3333333333333335,0.6666666666666666,1.0,1.0,0.6666666666666666
ABI1,1,1,1.0,1.0,0.0,0.0,1.0,0.0
ABI3,2,0,0.0,0.0,0.0,0.0,0.0,0.0
ABL1,4,0,0.0,0.0,0.0,0.0,0.0,0.0
ABL2,4,4,1.0,2.5,1.0,0.5,1.0,0.0
ABRAXAS1,3,3,1.0,1.0,0.0,0.3333333333333333,0.3333333333333333,0.3333333333333333
ABTB3,1,1,1.0,4.0,1.0,1.0,1.0,1.0
ACAA1,2,2,1.0,3.5,1.0,0.5,1.0,1.0
ACAD11,1,0,0.0,0.0,0.0,0.0,0.0,0.0
ACAD8,4,0,0.0,0.0,0.0,0.0,0.0,0.0
ACAD9,1,1,1.0,1.0,0.0,1.0,0.0,0.0
ACADM,3,1,0.3333333333333333,0.6666666666666666,0.3333333333333333,0.3333333333333333,0.0,0.0
ACADS,1,0,0.0,0.0,0.0,0.0,0.0,0.0
ACADVL,9,1,0.1111111111111111,0.1111111111111111,0.1111111111111111,0.0,0.0,0.0
ACAN,1,1,1.0,2.0,1.0,0.0,1.0,0.0
ACAP1,1,0,0.0,0.0,0.0,0.0,0.0,0.0
ACAT1,3,0,0.0,0.0,0.0,0.0,0.0,0.0
ACCS,1,1,1.0,1.0,1.0,0.0,0.0,0.0
ACE,4,3,0.75,2.0,0.75,0.5,0.5,0.25
ACE2,1,0,0.0,0.0,0.0,0.0,0.0,0.0
ACHE,3,1,0.3333333333333333,0.3333333333333333,0.3333333333333333,0.0,0.0,0.0
ACIN1,1,1,1.0,3.0,1.0,1.0,1.0,0.0
ACKR1,2,1,0.5,0.5,0.0,0.5,0.0,0.0
ACKR2,2,1,0.5,1.5,0.5,0.5,0.5,0.0
ACO1,1,1,1.0,1.0,0.0,0.0,1.0,0.0
ACO2,1,0,0.0,0.0,0.0,0.0,0.0,0.0
ACOT1,1,0,0.0,0.0,0.0,0.0,0.0,0.0
ACOT11,1,1,1.0,2.0,0.0,1.0,1.0,0.0
ACOT2,2,1,0.5,0.5,0.5,0.0,0.0,0.0
ACOT4,1,1,1.0,1.0,0.0,1.0,0.0,0.0
ACOX1,2,0,0.0,0.0,0.0,0.0,0.0,0.0
ACOXL,1,1,1.0,1.0,1.0,0.0,0.0,0.0
ACP1,1,0,0.0,0.0,0.0,0.0,0.0,0.0
ACP2,1,1,1.0,1.0,1.0,0.0,0.0,0.0
ACP3,1,1,1.0,3.0,1.0,1.0,1.0,0.0
ACP5,4,1,0.25,0.75,0.25,0.25,0.0,0.25
ACRBP,1,1,1.0,1.0,1.0,0.0,0.0,0.0
ACSBG1,1,0,0.0,0.0,0.0,0.0,0.0,0.0
ACSF3,3,1,0.3333333333333333,1.3333333333333333,0.3333333333333333,0.3333333333333333,0.3333333333333333,0.3333333333333333
ACSL3,1,1,1.0,1.0,0.0,0.0,1.0,0.0
ACSM1,1,1,1.0,1.0,1.0,0.0,0.0,0.0
ACSM2A,4,1,0.25,0.75,0.25,0.25,0.25,0.0
ACSM3,1,0,0.0,0.0,0.0,0.0,0.0,0.0
ACSM5,2,1,0.5,1.5,0.5,0.5,0.5,0.0
ACTA1,6,4,0.6666666666666666,0.6666666666666666,0.0,0.6666666666666666,0.0,0.0
ACTL7A,2,1,0.5,0.5,0.5,0.0,0.0,0.0
ACTL8,1,1,1.0,2.0,1.0,1.0,0.0,0.0
ACTN1,4,3,0.75,0.75,0.0,0.0,0.25,0.5
ACTN2,4,2,0.5,1.0,0.25,0.25,0.0,0.5
ACTR1B,1,1,1.0,4.0,1.0,1.0,1.0,1.0
ACTR3B,1,1,1.0,1.0,0.0,0.0,1.0,0.0
ACTR5,1,1,1.0,4.0,1.0,1.0,1.0,1.0
ACVR1,3,2,0.6666666666666666,0.6666666666666666,0.3333333333333333,0.0,0.0,0.3333333333333333
ACVR1C,2,2,1.0,2.5,0.5,0.5,1.0,0.5
ACVR2B,1,1,1.0,3.0,1.0,0.0,1.0,1.0
ACVRL1,19,3,0.15789473684210525,0.47368421052631576,0.05263157894736842,0.15789473684210525,0.15789473684210525,0.10526315789473684
ACY1,1,1,1.0,1.0,0.0,0.0,0.0,1.0
ACY3,1,0,0.0,0.0,0.0,0.0,0.0,0.0
ADA,10,0,0.0,0.0,0.0,0.0,0.0,0.0
ADA2,4,2,0.5,0.5,0.0,0.0,0.5,0.0
ADAD2,2,1,0.5,0.5,0.0,0.0,0.5,0.0
ADAM15,1,0,0.0,0.0,0.0,0.0,0.0,0.0
ADAM2,1,1,1.0,2.0,1.0,1.0,0.0,0.0
ADAM22,2,0,0.0,0.0,0.0,0.0,0.0,0.0
ADAM28,1,1,1.0,3.0,1.0,1.0,1.0,0.0
ADAM32,1,0,0.0,0.0,0.0,0.0,0.0,0.0
ADAM33,7,3,0.42857142857142855,0.5714285714285714,0.42857142857142855,0.14285714285714285,0.0,0.0
ADAM7,3,3,1.0,2.0,1.0,0.3333333333333333,0.6666666666666666,0.0
ADAMDEC1,1,1,1.0,1.0,0.0,1.0,0.0,0.0
ADAMTS1,1,0,0.0,0.0,0.0,0.0,0.0,0.0
ADAMTS12,5,0,0.0,0.0,0.0,0.0,0.0,0.0
ADAMTS13,13,3,0.23076923076923078,0.3076923076923077,0.15384615384615385,0.0,0.0,0.15384615384615385
ADAMTS14,2,0,0.0,0.0,0.0,0.0,0.0,0.0
ADAMTS16,2,0,0.0,0.0,0.0,0.0,0.0,0.0
ADAMTS18,1,0,0.0,0.0,0.0,0.0,0.0,0.0
ADAMTS2,4,3,0.75,2.0,0.5,0.5,0.75,0.25
ADAMTS3,4,0,0.0,0.0,0.0,0.0,0.0,0.0
ADAMTS4,2,2,1.0,2.0,1.0,0.5,0.5,0.0
ADAMTS7,1,0,0.0,0.0,0.0,0.0,0.0,0.0
ADAMTS9,2,0,0.0,0.0,0.0,0.0,0.0,0.0
ADAMTSL2,2,1,0.5,0.5,0.5,0.0,0.0,0.0
ADAMTSL3,3,0,0.0,0.0,0.0,0.0,0.0,0.0
ADAMTSL4,1,0,0.0,0.0,0.0,0.0,0.0,0.0
ADAR,5,0,0.0,0.0,0.0,0.0,0.0,0.0
ADARB2,1,0,0.0,0.0,0.0,0.0,0.0,0.0
ADAT1,2,0,0.0,0.0,0.0,0.0,0.0,0.0
ADCK2,1,0,0.0,0.0,0.0,0.0,0.0,0.0
ADCY1,1,1,1.0,3.0,1.0,0.0,1.0,1.0
ADCY2,1,1,1.0,2.0,1.0,0.0,1.0,0.0
ADCY3,1,1,1.0,1.0,0.0,0.0,1.0,0.0
ADCY5,2,1,0.5,0.5,0.0,0.5,0.0,0.0
ADCY8,1,1,1.0,1.0,0.0,0.0,1.0,0.0
ADCY9,1,0,0.0,0.0,0.0,0.0,0.0,0.0
ADD1,1,1,1.0,3.0,1.0,1.0,1.0,0.0
ADD2,2,1,0.5,1.0,0.0,0.5,0.5,0.0
ADGB,1,0,0.0,0.0,0.0,0.0,0.0,0.0
ADGRD1,27,17,0.6296296296296297,1.3703703703703705,0.4444444444444444,0.37037037037037035,0.5185185185185185,0.037037037037037035
ADGRE1,4,0,0.0,0.0,0.0,0.0,0.0,0.0
ADGRE3,1,0,0.0,0.0,0.0,0.0,0.0,0.0
ADGRF3,1,0,0.0,0.0,0.0,0.0,0.0,0.0
ADGRF4,1,0,0.0,0.0,0.0,0.0,0.0,0.0
ADGRF5,2,1,0.5,1.0,0.5,0.0,0.5,0.0
ADGRG1,1,1,1.0,1.0,0.0,0.0,0.0,1.0
ADGRG3,1,0,0.0,0.0,0.0,0.0,0.0,0.0
ADGRG4,3,1,0.3333333333333333,0.3333333333333333,0.0,0.3333333333333333,0.0,0.0
ADGRG6,1,0,0.0,0.0,0.0,0.0,0.0,0.0
ADGRL4,2,0,0.0,0.0,0.0,0.0,0.0,0.0
ADGRV1,8,5,0.625,1.0,0.5,0.25,0.25,0.0
ADH1B,1,0,0.0,0.0,0.0,0.0,0.0,0.0
ADH4,3,0,0.0,0.0,0.0,0.0,0.0,0.0
ADH5,1,0,0.0,0.0,0.0,0.0,0.0,0.0
ADH6,2,2,1.0,3.0,1.0,1.0,1.0,0.0
ADIPOQ,2,1,0.5,0.5,0.0,0.0,0.5,0.0
ADIPOR2,1,0,0.0,0.0,0.0,0.0,0.0,0.0
ADK,1,0,0.0,0.0,0.0,0.0,0.0,0.0
ADO,3,1,0.3333333333333333,1.0,0.3333333333333333,0.3333333333333333,0.3333333333333333,0.0
ADORA1,1,1,1.0,1.0,0.0,0.0,1.0,0.0
ADORA2A,3,2,0.6666666666666666,1.0,0.3333333333333333,0.3333333333333333,0.3333333333333333,0.0
ADPRHL1,2,2,1.0,2.5,0.5,1.0,1.0,0.0
ADPRM,3,2,0.6666666666666666,0.6666666666666666,0.6666666666666666,0.0,0.0,0.0
ADPRS,1,0,0.0,0.0,0.0,0.0,0.0,0.0
ADRA1A,3,1,0.3333333333333333,1.3333333333333333,0.3333333333333333,0.3333333333333333,0.3333333333333333,0.3333333333333333
ADRB1,3,3,1.0,1.6666666666666667,0.0,0.6666666666666666,1.0,0.0
ADRB2,2,2,1.0,2.5,1.0,0.5,1.0,0.0
ADRB3,2,0,0.0,0.0,0.0,0.0,0.0,0.0
ADSL,4,2,0.5,1.0,0.25,0.5,0.0,0.25
AEBP1,3,2,0.6666666666666666,1.6666666666666667,0.3333333333333333,0.6666666666666666,0.3333333333333333,0.3333333333333333
AFAP1,1,0,0.0,0.0,0.0,0.0,0.0,0.0
AFAP1L2,2,0,0.0,0.0,0.0,0.0,0.0,0.0
AFG2A,4,2,0.5,0.75,0.5,0.25,0.0,0.0
AFG2B,1,1,1.0,4.0,1.0,1.0,1.0,1.0
AFG3L2,7,2,0.2857142857142857,0.8571428571428571,0.2857142857142857,0.2857142857142857,0.0,0.2857142857142857
AFP,1,1,1.0,1.0,0.0,1.0,0.0,0.0
AGA,1,0,0.0,0.0,0.0,0.0,0.0,0.0
AGAP1,2,1,0.5,1.5,0.5,0.5,0.5,0.0
AGAP2,1,1,1.0,4.0,1.0,1.0,1.0,1.0
AGAP4,1,0,0.0,0.0,0.0,0.0,0.0,0.0
AGBL2,3,1,0.3333333333333333,0.3333333333333333,0.3333333333333333,0.0,0.0,0.0
AGBL3,2,1,0.5,0.5,0.5,0.0,0.0,0.0
AGER,1,1,1.0,2.0,0.0,1.0,1.0,0.0
AGGF1,3,0,0.0,0.0,0.0,0.0,0.0,0.0
AGK,1,1,1.0,1.0,1.0,0.0,0.0,0.0
AGL,5,5,1.0,2.2,0.8,0.2,1.0,0.2
AGO1,2,0,0.0,0.0,0.0,0.0,0.0,0.0
AGO2,1,0,0.0,0.0,0.0,0.0,0.0,0.0
AGPAT2,1,1,1.0,2.0,0.0,0.0,1.0,1.0
AGPS,2,0,0.0,0.0,0.0,0.0,0.0,0.0
AGR2,1,1,1.0,4.0,1.0,1.0,1.0,1.0
AGTPBP1,1,0,0.0,0.0,0.0,0.0,0.0,0.0
AGTR1,1,0,0.0,0.0,0.0,0.0,0.0,0.0
AGTRAP,1,0,0.0,0.0,0.0,0.0,0.0,0.0
AGXT,19,5,0.2631578947368421,0.5789473684210527,0.2631578947368421,0.15789473684210525,0.15789473684210525,0.0
AGXT2,2,0,0.0,0.0,0.0,0.0,0.0,0.0
AHCTF1,1,0,0.0,0.0,0.0,0.0,0.0,0.0
AHCY,3,2,0.6666666666666666,1.3333333333333333,0.3333333333333333,0.6666666666666666,0.0,0.3333333333333333
AHDC1,1,0,0.0,0.0,0.0,0.0,0.0,0.0
AHI1,3,2,0.6666666666666666,1.3333333333333333,0.3333333333333333,0.6666666666666666,0.3333333333333333,0.0
AHNAK,2,0,0.0,0.0,0.0,0.0,0.0,0.0
AHNAK2,16,4,0.25,0.375,0.1875,0.125,0.0625,0.0
AHR,1,0,0.0,0.0,0.0,0.0,0.0,0.0
AHRR,2,1,0.5,0.5,0.0,0.5,0.0,0.0
AHSG,1,1,1.0,3.0,1.0,1.0,1.0,0.0
AICDA,1,0,0.0,0.0,0.0,0.0,0.0,0.0
AIFM1,1,0,0.0,0.0,0.0,0.0,0.0,0.0
AIMP1,1,0,0.0,0.0,0.0,0.0,0.0,0.0
AIPL1,4,3,0.75,2.0,0.25,0.25,0.75,0.75
AIRE,9,2,0.2222222222222222,0.5555555555555556,0.1111111111111111,0.2222222222222222,0.1111111111111111,0.1111111111111111
AKAP10,2,1,0.5,1.0,0.5,0.0,0.5,0.0
AKAP11,2,1,0.5,1.5,0.5,0.5,0.5,0.0
AKAP12,3,2,0.6666666666666666,0.6666666666666666,0.6666666666666666,0.0,0.0,0.0
AKAP13,4,0,0.0,0.0,0.0,0.0,0.0,0.0
AKAP3,1,1,1.0,1.0,1.0,0.0,0.0,0.0
AKAP4,1,1,1.0,2.0,0.0,0.0,1.0,1.0
AKAP6,5,3,0.6,1.2,0.6,0.4,0.2,0.0
AKAP9,5,2,0.4,1.0,0.2,0.2,0.4,0.2
AKIP1,1,1,1.0,3.0,1.0,1.0,1.0,0.0
AKNA,2,1,0.5,0.5,0.5,0.0,0.0,0.0
AKNAD1,4,1,0.25,0.25,0.25,0.0,0.0,0.0
AKR1A1,1,1,1.0,2.0,1.0,0.0,1.0,0.0
AKR1B10,1,0,0.0,0.0,0.0,0.0,0.0,0.0
AKR1C1,1,0,0.0,0.0,0.0,0.0,0.0,0.0
AKR1C2,1,1,1.0,3.0,0.0,1.0,1.0,1.0
AKR1C3,4,2,0.5,1.0,0.25,0.25,0.5,0.0
AKR1C4,4,3,0.75,1.25,0.75,0.25,0.25,0.0
AKR1D1,5,2,0.4,0.8,0.2,0.2,0.0,0.4
AKR1E2,2,0,0.0,0.0,0.0,0.0,0.0,0.0
AKR7A2,3,3,1.0,2.3333333333333335,1.0,1.0,0.3333333333333333,0.0
AKR7A3,1,1,1.0,1.0,1.0,0.0,0.0,0.0
AKT1,2,2,1.0,1.5,0.0,0.5,0.0,1.0
AKT2,1,1,1.0,1.0,0.0,0.0,0.0,1.0
AKT3,1,1,1.0,1.0,0.0,0.0,0.0,1.0
ALAD,1,0,0.0,0.0,0.0,0.0,0.0,0.0
ALAS2,2,1,0.5,1.0,0.5,0.5,0.0,0.0
ALB,21,15,0.7142857142857143,1.619047619047619,0.2857142857142857,0.3333333333333333,0.6666666666666666,0.3333333333333333
ALCAM,2,2,1.0,2.5,0.5,1.0,1.0,0.0
ALDH18A1,5,1,0.2,0.4,0.2,0.0,0.2,0.0
ALDH1A1,2,1,0.5,0.5,0.5,0.0,0.0,0.0
ALDH1A2,1,1,1.0,1.0,0.0,0.0,1.0,0.0
ALDH1A3,3,1,0.3333333333333333,0.3333333333333333,0.0,0.0,0.0,0.3333333333333333
ALDH1B1,3,1,0.3333333333333333,0.3333333333333333,0.3333333333333333,0.0,0.0,0.0
ALDH1L1,3,1,0.3333333333333333,0.3333333333333333,0.3333333333333333,0.0,0.0,0.0
ALDH3A1,1,0,0.0,0.0,0.0,0.0,0.0,0.0
ALDH3A2,9,1,0.1111111111111111,0.1111111111111111,0.0,0.1111111111111111,0.0,0.0
ALDH3B2,1,1,1.0,2.0,1.0,1.0,0.0,0.0
ALDH4A1,2,1,0.5,0.5,0.0,0.0,0.5,0.0
ALDH5A1,4,2,0.5,0.5,0.5,0.0,0.0,0.0
ALDH7A1,3,1,0.3333333333333333,1.3333333333333333,0.3333333333333333,0.3333333333333333,0.3333333333333333,0.3333333333333333
ALDH8A1,1,1,1.0,4.0,1.0,1.0,1.0,1.0
ALDOA,5,5,1.0,2.6,0.6,0.6,0.8,0.6
ALG1,10,0,0.0,0.0,0.0,0.0,0.0,0.0
ALG10B,1,1,1.0,1.0,0.0,0.0,1.0,0.0
ALG11,4,0,0.0,0.0,0.0,0.0,0.0,0.0
ALG12,2,1,0.5,1.0,0.5,0.5,0.0,0.0
ALG13,2,2,1.0,1.0,0.5,0.0,0.0,0.5
ALG5,1,0,0.0,0.0,0.0,0.0,0.0,0.0
ALG8,2,0,0.0,0.0,0.0,0.0,0.0,0.0
ALG9,2,2,1.0,1.0,0.0,0.0,1.0,0.0
ALK,15,7,0.4666666666666667,1.0666666666666667,0.26666666666666666,0.3333333333333333,0.3333333333333333,0.13333333333333333
ALKBH1,1,0,0.0,0.0,0.0,0.0,0.0,0.0
ALKBH2,1,1,1.0,3.0,1.0,1.0,1.0,0.0
ALKBH3,1,1,1.0,2.0,1.0,0.0,1.0,0.0
ALOX12,3,1,0.3333333333333333,0.3333333333333333,0.0,0.0,0.3333333333333333,0.0
ALOX15,2,1,0.5,1.5,0.5,0.5,0.5,0.0
ALOX15B,2,2,1.0,2.5,1.0,0.5,0.5,0.5
ALOX5,1,0,0.0,0.0,0.0,0.0,0.0,0.0
ALOXE3,2,1,0.5,1.0,0.0,0.5,0.0,0.5
ALPG,2,1,0.5,0.5,0.5,0.0,0.0,0.0
ALPI,3,0,0.0,0.0,0.0,0.0,0.0,0.0
ALPK1,13,5,0.38461538461538464,1.1538461538461537,0.38461538461538464,0.38461538461538464,0.3076923076923077,0.07692307692307693
ALPK2,7,6,0.8571428571428571,1.5714285714285714,0.7142857142857143,0.5714285714285714,0.2857142857142857,0.0
ALPL,31,7,0.22580645161290322,0.45161290322580644,0.1935483870967742,0.12903225806451613,0.0967741935483871,0.03225806451612903
ALPP,2,1,0.5,0.5,0.5,0.0,0.0,0.0
ALS2,1,0,0.0,0.0,0.0,0.0,0.0,0.0
ALS2CL,1,1,1.0,1.0,0.0,0.0,1.0,0.0
AMACR,3,1,0.3333333333333333,1.3333333333333333,0.3333333333333333,0.3333333333333333,0.3333333333333333,0.3333333333333333
AMELX,1,0,0.0,0.0,0.0,0.0,0.0,0.0
AMER1,2,1,0.5,1.5,0.5,0.5,0.5,0.0
AMER3,2,0,0.0,0.0,0.0,0.0,0.0,0.0
AMH,4,4,1.0,1.5,0.0,0.5,1.0,0.0
AMHR2,1,0,0.0,0.0,0.0,0.0,0.0,0.0
AMN,1,1,1.0,1.0,0.0,1.0,0.0,0.0
AMOTL2,1,0,0.0,0.0,0.0,0.0,0.0,0.0
AMPD2,3,0,0.0,0.0,0.0,0.0,0.0,0.0
AMPD3,9,1,0.1111111111111111,0.1111111111111111,0.1111111111111111,0.0,0.0,0.0
AMPH,1,1,1.0,1.0,0.0,0.0,1.0,0.0
AMT,6,1,0.16666666666666666,0.5,0.16666666666666666,0.16666666666666666,0.0,0.16666666666666666
AMTN,2,1,0.5,1.0,0.0,0.5,0.5,0.0
ANAPC10,1,1,1.0,4.0,1.0,1.0,1.0,1.0
ANG,2,1,0.5,1.5,0.5,0.5,0.5,0.0
ANGEL1,2,2,1.0,3.0,1.0,1.0,1.0,0.0
ANGPT1,1,1,1.0,4.0,1.0,1.0,1.0,1.0
ANGPTL3,4,4,1.0,2.0,0.5,0.5,0.75,0.25
ANGPTL4,7,6,0.8571428571428571,2.142857142857143,0.5714285714285714,0.5714285714285714,0.8571428571428571,0.14285714285714285
ANGPTL7,3,2,0.6666666666666666,1.0,0.3333333333333333,0.0,0.6666666666666666,0.0
ANK1,3,3,1.0,2.6666666666666665,0.6666666666666666,0.6666666666666666,1.0,0.3333333333333333
ANK2,1,1,1.0,4.0,1.0,1.0,1.0,1.0
ANK3,1,0,0.0,0.0,0.0,0.0,0.0,0.0
ANKH,1,1,1.0,1.0,1.0,0.0,0.0,0.0
ANKK1,3,1,0.3333333333333333,0.3333333333333333,0.0,0.3333333333333333,0.0,0.0
ANKLE2,1,0,0.0,0.0,0.0,0.0,0.0,0.0
ANKMY1,2,1,0.5,1.5,0.5,0.5,0.5,0.0
ANKRD12,4,2,0.5,1.25,0.5,0.25,0.5,0.0
ANKRD16,1,0,0.0,0.0,0.0,0.0,0.0,0.0
ANKRD17,1,0,0.0,0.0,0.0,0.0,0.0,0.0
ANKRD18A,1,1,1.0,1.0,0.0,1.0,0.0,0.0
ANKRD24,2,1,0.5,0.5,0.5,0.0,0.0,0.0
ANKRD26,1,0,0.0,0.0,0.0,0.0,0.0,0.0
ANKRD27,1,0,0.0,0.0,0.0,0.0,0.0,0.0
ANKRD53,1,1,1.0,1.0,0.0,1.0,0.0,0.0
ANKRD6,2,2,1.0,1.0,0.5,0.0,0.5,0.0
ANKS3,1,0,0.0,0.0,0.0,0.0,0.0,0.0
ANKS6,1,1,1.0,3.0,1.0,1.0,1.0,0.0
ANKZF1,1,0,0.0,0.0,0.0,0.0,0.0,0.0
ANLN,1,0,0.0,0.0,0.0,0.0,0.0,0.0
ANO10,2,0,0.0,0.0,0.0,0.0,0.0,0.0
ANO3,1,0,0.0,0.0,0.0,0.0,0.0,0.0
ANO4,1,1,1.0,3.0,1.0,1.0,1.0,0.0
ANO5,2,0,0.0,0.0,0.0,0.0,0.0,0.0
ANO7,1,0,0.0,0.0,0.0,0.0,0.0,0.0
ANO9,1,0,0.0,0.0,0.0,0.0,0.0,0.0
ANOS1,4,2,0.5,1.0,0.0,0.25,0.25,0.5
ANPEP,2,0,0.0,0.0,0.0,0.0,0.0,0.0
ANTXR2,2,2,1.0,1.5,1.0,0.0,0.0,0.5
ANXA11,2,2,1.0,2.0,0.5,0.5,1.0,0.0
ANXA13,1,1,1.0,1.0,1.0,0.0,0.0,0.0
ANXA3,1,0,0.0,0.0,0.0,0.0,0.0,0.0
AOC2,2,0,0.0,0.0,0.0,0.0,0.0,0.0
AOC3,5,2,0.4,0.6,0.4,0.0,0.2,0.0
AOX1,1,1,1.0,2.0,1.0,0.0,1.0,0.0
AP1AR,1,1,1.0,1.0,1.0,0.0,0.0,0.0
AP1B1,1,0,0.0,0.0,0.0,0.0,0.0,0.0
AP1G1,1,1,1.0,1.0,0.0,0.0,1.0,0.0
AP2A1,1,1,1.0,3.0,1.0,1.0,1.0,0.0
AP2S1,1,1,1.0,1.0,0.0,1.0,0.0,0.0
AP3S1,1,1,1.0,1.0,0.0,0.0,1.0,0.0
AP4E1,3,3,1.0,1.3333333333333333,0.3333333333333333,0.0,0.6666666666666666,0.3333333333333333
AP5M1,1,0,0.0,0.0,0.0,0.0,0.0,0.0
APBA2,1,0,0.0,0.0,0.0,0.0,0.0,0.0
APBA3,4,3,0.75,2.25,0.5,0.75,0.75,0.25
APBB1,1,0,0.0,0.0,0.0,0.0,0.0,0.0
APC,14,12,0.8571428571428571,1.8571428571428572,0.35714285714285715,0.5,0.5,0.5
APCDD1L,2,0,0.0,0.0,0.0,0.0,0.0,0.0
APEX1,1,1,1.0,1.0,0.0,0.0,1.0,0.0
APEX2,2,0,0.0,0.0,0.0,0.0,0.0,0.0
APIP,2,2,1.0,3.0,1.0,1.0,1.0,0.0
APLF,1,0,0.0,0.0,0.0,0.0,0.0,0.0
APMAP,1,1,1.0,2.0,0.0,1.0,1.0,0.0
APOA1,8,5,0.625,1.75,0.5,0.5,0.5,0.25
APOA4,5,2,0.4,0.6,0.2,0.4,0.0,0.0
APOA5,3,2,0.6666666666666666,1.0,0.3333333333333333,0.3333333333333333,0.3333333333333333,0.0
APOB,14,7,0.5,0.6428571428571429,0.5,0.07142857142857142,0.07142857142857142,0.0
APOBEC3F,2,1,0.5,0.5,0.0,0.5,0.0,0.0
APOBEC4,3,0,0.0,0.0,0.0,0.0,0.0,0.0
APOC3,1,1,1.0,1.0,0.0,0.0,0.0,1.0
APOE,13,7,0.5384615384615384,1.4615384615384615,0.3076923076923077,0.38461538461538464,0.5384615384615384,0.23076923076923078
APOH,3,1,0.3333333333333333,1.3333333333333333,0.3333333333333333,0.3333333333333333,0.3333333333333333,0.3333333333333333
APOL1,5,1,0.2,0.2,0.2,0.0,0.0,0.0
APOL3,1,0,0.0,0.0,0.0,0.0,0.0,0.0
APOL4,2,0,0.0,0.0,0.0,0.0,0.0,0.0
APOL5,1,0,0.0,0.0,0.0,0.0,0.0,0.0
APOLD1,1,1,1.0,3.0,1.0,1.0,1.0,0.0
APP,7,4,0.5714285714285714,0.8571428571428571,0.42857142857142855,0.14285714285714285,0.14285714285714285,0.14285714285714285
APRT,3,2,0.6666666666666666,1.6666666666666667,0.3333333333333333,0.6666666666666666,0.3333333333333333,0.3333333333333333
APTX,4,0,0.0,0.0,0.0,0.0,0.0,0.0
AQP2,6,3,0.5,0.8333333333333334,0.3333333333333333,0.3333333333333333,0.0,0.16666666666666666
AQP7,1,1,1.0,1.0,1.0,0.0,0.0,0.0
AQP8,1,0,0.0,0.0,0.0,0.0,0.0,0.0
ARAP1,1,1,1.0,1.0,0.0,0.0,1.0,0.0
ARAP2,1,1,1.0,1.0,0.0,0.0,1.0,0.0
ARFGAP2,1,1,1.0,1.0,0.0,0.0,1.0,0.0
ARFGAP3,2,1,0.5,1.5,0.5,0.5,0.5,0.0
ARFGEF3,1,1,1.0,1.0,0.0,0.0,1.0,0.0
ARG1,2,0,0.0,0.0,0.0,0.0,0.0,0.0
ARG2,1,1,1.0,3.0,1.0,1.0,1.0,0.0
ARHGAP1,1,1,1.0,1.0,0.0,0.0,1.0,0.0
ARHGAP10,1,0,0.0,0.0,0.0,0.0,0.0,0.0
ARHGAP19,2,2,1.0,2.0,0.0,1.0,1.0,0.0
ARHGAP22,2,1,0.5,1.0,0.5,0.0,0.5,0.0
ARHGAP26,2,2,1.0,3.0,0.5,1.0,0.5,1.0
ARHGAP27,1,1,1.0,3.0,1.0,1.0,1.0,0.0
ARHGAP28,3,0,0.0,0.0,0.0,0.0,0.0,0.0
ARHGAP29,2,0,0.0,0.0,0.0,0.0,0.0,0.0
ARHGAP30,1,1,1.0,1.0,0.0,1.0,0.0,0.0
ARHGAP31,1,0,0.0,0.0,0.0,0.0,0.0,0.0
ARHGAP44,1,1,1.0,3.0,1.0,1.0,1.0,0.0
ARHGAP45,1,0,0.0,0.0,0.0,0.0,0.0,0.0
ARHGAP5,1,0,0.0,0.0,0.0,0.0,0.0,0.0
ARHGAP8,1,0,0.0,0.0,0.0,0.0,0.0,0.0
ARHGAP9,1,1,1.0,2.0,1.0,0.0,1.0,0.0
ARHGEF10,1,0,0.0,0.0,0.0,0.0,0.0,0.0
ARHGEF11,1,1,1.0,2.0,1.0,1.0,0.0,0.0
ARHGEF15,2,2,1.0,2.0,1.0,0.0,1.0,0.0
ARHGEF16,1,0,0.0,0.0,0.0,0.0,0.0,0.0
ARHGEF17,1,1,1.0,3.0,1.0,1.0,1.0,0.0
ARHGEF18,3,1,0.3333333333333333,0.3333333333333333,0.3333333333333333,0.0,0.0,0.0
ARHGEF19,2,1,0.5,0.5,0.5,0.0,0.0,0.0
ARHGEF25,1,1,1.0,4.0,1.0,1.0,1.0,1.0
ARHGEF26,1,0,0.0,0.0,0.0,0.0,0.0,0.0
ARHGEF28,5,3,0.6,1.6,0.6,0.6,0.4,0.0
ARHGEF37,2,0,0.0,0.0,0.0,0.0,0.0,0.0
ARHGEF39,1,0,0.0,0.0,0.0,0.0,0.0,0.0
ARHGEF40,2,0,0.0,0.0,0.0,0.0,0.0,0.0
ARHGEF9,1,1,1.0,1.0,1.0,0.0,0.0,0.0
ARID1A,5,4,0.8,2.4,0.6,0.6,0.8,0.4
ARID3A,1,0,0.0,0.0,0.0,0.0,0.0,0.0
ARID3C,3,0,0.0,0.0,0.0,0.0,0.0,0.0
ARID4A,1,0,0.0,0.0,0.0,0.0,0.0,0.0
ARL11,2,2,1.0,1.0,0.0,1.0,0.0,0.0
ARL3,1,0,0.0,0.0,0.0,0.0,0.0,0.0
ARL6,1,0,0.0,0.0,0.0,0.0,0.0,0.0
ARMC10,1,1,1.0,3.0,1.0,1.0,1.0,0.0
ARMC3,3,2,0.6666666666666666,0.6666666666666666,0.0,0.0,0.6666666666666666,0.0
ARMC5,2,1,0.5,0.5,0.0,0.0,0.5,0.0
ARMH4,1,0,0.0,0.0,0.0,0.0,0.0,0.0
ARMT1,1,0,0.0,0.0,0.0,0.0,0.0,0.0
ARNT2,2,2,1.0,2.5,1.0,0.5,1.0,0.0
ARPC4,1,0,0.0,0.0,0.0,0.0,0.0,0.0
ARRDC2,1,0,0.0,0.0,0.0,0.0,0.0,0.0
ARRDC4,2,0,0.0,0.0,0.0,0.0,0.0,0.0
ARSB,10,3,0.3,0.4,0.1,0.2,0.1,0.0
ARSF,1,0,0.0,0.0,0.0,0.0,0.0,0.0
ARSL,4,3,0.75,1.75,0.5,0.75,0.25,0.25
ARTN,1,0,0.0,0.0,0.0,0.0,0.0,0.0
ARVCF,1,0,0.0,0.0,0.0,0.0,0.0,0.0
ASAH1,7,2,0.2857142857142857,0.42857142857142855,0.14285714285714285,0.0,0.14285714285714285,0.14285714285714285
ASAH2,1,0,0.0,0.0,0.0,0.0,0.0,0.0
ASAP1,1,0,0.0,0.0,0.0,0.0,0.0,0.0
ASAP2,1,0,0.0,0.0,0.0,0.0,0.0,0.0
ASB10,5,4,0.8,2.2,0.6,0.4,0.8,0.4
ASB15,2,0,0.0,0.0,0.0,0.0,0.0,0.0
ASB16,1,1,1.0,3.0,1.0,1.0,1.0,0.0
ASB16-AS1,2,0,0.0,0.0,0.0,0.0,0.0,0.0
ASB17,1,1,1.0,2.0,1.0,0.0,1.0,0.0
ASB18,1,0,0.0,0.0,0.0,0.0,0.0,0.0
ASCC2,4,2,0.5,1.5,0.5,0.5,0.5,0.0
ASCC3,4,3,0.75,1.75,0.5,0.5,0.75,0.0
ASCL1,1,1,1.0,3.0,1.0,0.0,1.0,1.0
ASH2L,1,1,1.0,2.0,1.0,0.0,1.0,0.0
ASIP,1,1,1.0,1.0,0.0,0.0,1.0,0.0
ASL,7,4,0.5714285714285714,0.7142857142857143,0.14285714285714285,0.5714285714285714,0.0,0.0
ASMT,7,6,0.8571428571428571,1.4285714285714286,0.5714285714285714,0.7142857142857143,0.14285714285714285,0.0
ASNS,3,0,0.0,0.0,0.0,0.0,0.0,0.0
ASNSD1,1,0,0.0,0.0,0.0,0.0,0.0,0.0
ASPA,7,2,0.2857142857142857,0.42857142857142855,0.14285714285714285,0.14285714285714285,0.14285714285714285,0.0
ASPG,2,1,0.5,0.5,0.0,0.0,0.5,0.0
ASPM,4,2,0.5,1.0,0.5,0.25,0.25,0.0
ASPSCR1,1,1,1.0,3.0,1.0,1.0,1.0,0.0
ASS1,16,8,0.5,0.6875,0.3125,0.375,0.0,0.0
ASTL,1,0,0.0,0.0,0.0,0.0,0.0,0.0
ASTN1,1,1,1.0,1.0,1.0,0.0,0.0,0.0
ASTN2,2,1,0.5,1.0,0.5,0.0,0.5,0.0
ASXL2,2,1,0.5,0.5,0.5,0.0,0.0,0.0
ASXL3,1,0,0.0,0.0,0.0,0.0,0.0,0.0
ATAD3A,1,0,0.0,0.0,0.0,0.0,0.0,0.0
ATAD3B,1,0,0.0,0.0,0.0,0.0,0.0,0.0
ATAD5,1,0,0.0,0.0,0.0,0.0,0.0,0.0
ATCAY,1,1,1.0,1.0,0.0,0.0,0.0,1.0
ATF3,1,1,1.0,3.0,1.0,1.0,1.0,0.0
ATF5,1,0,0.0,0.0,0.0,0.0,0.0,0.0
ATF6,1,0,0.0,0.0,0.0,0.0,0.0,0.0
ATF7IP2,1,0,0.0,0.0,0.0,0.0,0.0,0.0
ATG16L2,1,1,1.0,2.0,1.0,0.0,1.0,0.0
ATG2A,3,2,0.6666666666666666,0.6666666666666666,0.3333333333333333,0.0,0.3333333333333333,0.0
ATG2B,2,1,0.5,0.5,0.0,0.0,0.5,0.0
ATL1,8,5,0.625,1.5,0.375,0.625,0.125,0.375
ATL2,2,1,0.5,0.5,0.0,0.0,0.5,0.0
ATL3,1,0,0.0,0.0,0.0,0.0,0.0,0.0
ATM,39,21,0.5384615384615384,1.435897435897436,0.358974358974359,0.38461538461538464,0.48717948717948717,0.20512820512820512
ATOH7,2,1,0.5,0.5,0.0,0.5,0.0,0.0
ATOH8,1,1,1.0,1.0,0.0,0.0,1.0,0.0
ATP10A,4,4,1.0,3.0,1.0,0.5,1.0,0.5
ATP10B,1,0,0.0,0.0,0.0,0.0,0.0,0.0
ATP10D,3,1,0.3333333333333333,0.3333333333333333,0.0,0.0,0.3333333333333333,0.0
ATP13A2,2,1,0.5,1.5,0.5,0.5,0.5,0.0
ATP13A5,2,0,0.0,0.0,0.0,0.0,0.0,0.0
ATP1A1,4,3,0.75,1.5,0.5,0.0,0.75,0.25
ATP1A2,3,0,0.0,0.0,0.0,0.0,0.0,0.0
ATP1A3,17,3,0.17647058823529413,0.17647058823529413,0.0,0.17647058823529413,0.0,0.0
ATP1A4,1,0,0.0,0.0,0.0,0.0,0.0,0.0
ATP2A2,2,0,0.0,0.0,0.0,0.0,0.0,0.0
ATP2B1,1,1,1.0,3.0,1.0,0.0,1.0,1.0
ATP2B3,2,1,0.5,2.0,0.5,0.5,0.5,0.5
ATP2C1,3,1,0.3333333333333333,0.3333333333333333,0.0,0.3333333333333333,0.0,0.0
ATP2C2,1,1,1.0,1.0,0.0,0.0,1.0,0.0
ATP5F1A,2,0,0.0,0.0,0.0,0.0,0.0,0.0
ATP5MC2,3,2,0.6666666666666666,1.0,0.6666666666666666,0.0,0.3333333333333333,0.0
ATP5PO,1,0,0.0,0.0,0.0,0.0,0.0,0.0
ATP6AP1,1,0,0.0,0.0,0.0,0.0,0.0,0.0
ATP6AP2,1,1,1.0,1.0,0.0,0.0,0.0,1.0
ATP6V0A4,2,0,0.0,0.0,0.0,0.0,0.0,0.0
ATP6V0C,2,2,1.0,1.0,0.0,0.0,0.5,0.5
ATP6V1A,2,0,0.0,0.0,0.0,0.0,0.0,0.0
ATP6V1B1,1,0,0.0,0.0,0.0,0.0,0.0,0.0
ATP6V1E1,1,0,0.0,0.0,0.0,0.0,0.0,0.0
ATP6V1F,1,1,1.0,4.0,1.0,1.0,1.0,1.0
ATP7A,2,0,0.0,0.0,0.0,0.0,0.0,0.0
ATP7B,57,13,0.22807017543859648,0.5789473684210527,0.17543859649122806,0.19298245614035087,0.14035087719298245,0.07017543859649122
ATP8A1,1,1,1.0,4.0,1.0,1.0,1.0,1.0
ATP8B4,1,0,0.0,0.0,0.0,0.0,0.0,0.0
ATP9B,1,0,0.0,0.0,0.0,0.0,0.0,0.0
ATPSCKMT,1,0,0.0,0.0,0.0,0.0,0.0,0.0
ATR,11,6,0.5454545454545454,1.6363636363636365,0.2727272727272727,0.45454545454545453,0.5454545454545454,0.36363636363636365
ATRAID,1,1,1.0,1.0,0.0,0.0,1.0,0.0
ATRN,1,0,0.0,0.0,0.0,0.0,0.0,0.0
ATRNL1,1,0,0.0,0.0,0.0,0.0,0.0,0.0
ATRX,10,3,0.3,0.8,0.2,0.1,0.3,0.2
ATXN2,2,0,0.0,0.0,0.0,0.0,0.0,0.0
ATXN7,1,0,0.0,0.0,0.0,0.0,0.0,0.0
ATXN7L2,1,0,0.0,0.0,0.0,0.0,0.0,0.0
AURKA,2,1,0.5,0.5,0.5,0.0,0.0,0.0
AVEN,1,0,0.0,0.0,0.0,0.0,0.0,0.0
AVIL,1,0,0.0,0.0,0.0,0.0,0.0,0.0
AVP,5,0,0.0,0.0,0.0,0.0,0.0,0.0
AVPR2,8,4,0.5,1.125,0.375,0.25,0.25,0.25
AXDND1,1,0,0.0,0.0,0.0,0.0,0.0,0.0
AXIN1,2,1,0.5,1.0,0.0,0.5,0.5,0.0
AXL,1,0,0.0,0.0,0.0,0.0,0.0,0.0
AZIN2,2,2,1.0,2.5,1.0,0.5,1.0,0.0
B3GALNT1,2,2,1.0,3.0,0.5,1.0,1.0,0.5
B3GALNT2,1,1,1.0,1.0,0.0,0.0,0.0,1.0
B3GALT6,2,0,0.0,0.0,0.0,0.0,0.0,0.0
B3GAT1,1,1,1.0,2.0,1.0,0.0,1.0,0.0
B3GLCT,1,1,1.0,2.0,0.0,1.0,1.0,0.0
B3GNT4,2,0,0.0,0.0,0.0,0.0,0.0,0.0
B4GALNT1,1,0,0.0,0.0,0.0,0.0,0.0,0.0
B4GALNT2,2,1,0.5,1.5,0.5,0.5,0.5,0.0
B4GALNT3,2,1,0.5,1.0,0.0,0.5,0.5,0.0
B4GALT1,1,1,1.0,1.0,1.0,0.0,0.0,0.0
B4GALT2,1,1,1.0,4.0,1.0,1.0,1.0,1.0
B4GALT5,1,1,1.0,1.0,0.0,0.0,1.0,0.0
B9D1,1,0,0.0,0.0,0.0,0.0,0.0,0.0
BAAT,1,0,0.0,0.0,0.0,0.0,0.0,0.0
BAG3,4,3,0.75,1.5,0.75,0.25,0.5,0.0
BAG6,1,0,0.0,0.0,0.0,0.0,0.0,0.0
BAHD1,1,0,0.0,0.0,0.0,0.0,0.0,0.0
BAIAP2L1,1,0,0.0,0.0,0.0,0.0,0.0,0.0
BANF1,1,1,1.0,2.0,0.0,1.0,0.0,1.0
BANF2,1,0,0.0,0.0,0.0,0.0,0.0,0.0
BANK1,4,0,0.0,0.0,0.0,0.0,0.0,0.0
BAP1,6,3,0.5,1.1666666666666667,0.3333333333333333,0.3333333333333333,0.5,0.0
BARD1,3,1,0.3333333333333333,0.3333333333333333,0.0,0.0,0.3333333333333333,0.0
BASP1,1,0,0.0,0.0,0.0,0.0,0.0,0.0
BAZ2B,1,1,1.0,3.0,1.0,1.0,1.0,0.0
BBOF1,3,2,0.6666666666666666,1.3333333333333333,0.3333333333333333,0.3333333333333333,0.6666666666666666,0.0
BBS1,4,3,0.75,2.25,0.75,0.75,0.25,0.5
BBS12,8,3,0.375,0.875,0.25,0.125,0.25,0.25
BBS2,5,0,0.0,0.0,0.0,0.0,0.0,0.0
BBS4,2,2,1.0,2.0,0.5,0.5,0.5,0.5
BBS5,1,1,1.0,1.0,0.0,0.0,1.0,0.0
BBS7,1,1,1.0,3.0,0.0,1.0,1.0,1.0
BBS9,3,2,0.6666666666666666,1.3333333333333333,0.3333333333333333,0.3333333333333333,0.6666666666666666,0.0
BCAM,4,1,0.25,0.25,0.25,0.0,0.0,0.0
BCAR1,1,1,1.0,1.0,1.0,0.0,0.0,0.0
BCAS1,1,0,0.0,0.0,0.0,0.0,0.0,0.0
BCAS3,1,1,1.0,2.0,1.0,0.0,0.0,1.0
BCAT1,1,0,0.0,0.0,0.0,0.0,0.0,0.0
BCAT2,1,0,0.0,0.0,0.0,0.0,0.0,0.0
BCHE,17,8,0.47058823529411764,1.0588235294117647,0.17647058823529413,0.47058823529411764,0.23529411764705882,0.17647058823529413
BCKDHA,3,1,0.3333333333333333,0.3333333333333333,0.3333333333333333,0.0,0.0,0.0
BCKDHB,3,1,0.3333333333333333,0.3333333333333333,0.3333333333333333,0.0,0.0,0.0
BCL11A,3,0,0.0,0.0,0.0,0.0,0.0,0.0
BCL11B,1,1,1.0,2.0,0.0,1.0,0.0,1.0
BCL2A1,1,0,0.0,0.0,0.0,0.0,0.0,0.0
BCL2L2,1,1,1.0,1.0,0.0,0.0,1.0,0.0
BCL6,1,0,0.0,0.0,0.0,0.0,0.0,0.0
BCL7A,1,0,0.0,0.0,0.0,0.0,0.0,0.0
BCLAF1,4,4,1.0,2.75,0.75,1.0,1.0,0.0
BCO2,3,1,0.3333333333333333,1.3333333333333333,0.3333333333333333,0.3333333333333333,0.3333333333333333,0.3333333333333333
BCR,5,5,1.0,2.4,0.6,0.6,1.0,0.2
BCS1L,9,6,0.6666666666666666,1.1111111111111112,0.4444444444444444,0.5555555555555556,0.0,0.1111111111111111
BDKRB2,1,0,0.0,0.0,0.0,0.0,0.0,0.0
BDNF,3,3,1.0,2.6666666666666665,1.0,0.6666666666666666,1.0,0.0
BDP1,3,0,0.0,0.0,0.0,0.0,0.0,0.0
BEND2,1,0,0.0,0.0,0.0,0.0,0.0,0.0
BEST1,50,8,0.16,0.3,0.1,0.1,0.04,0.06
BEX1,1,0,0.0,0.0,0.0,0.0,0.0,0.0
BGLAP,1,0,0.0,0.0,0.0,0.0,0.0,0.0
BHLHE22,2,1,0.5,1.0,0.5,0.0,0.5,0.0
BHLHE41,1,1,1.0,4.0,1.0,1.0,1.0,1.0
BHMT,3,3,1.0,2.0,0.3333333333333333,0.6666666666666666,1.0,0.0
BICC1,3,1,0.3333333333333333,0.6666666666666666,0.3333333333333333,0.0,0.3333333333333333,0.0
BICD2,3,2,0.6666666666666666,1.6666666666666667,0.6666666666666666,0.0,0.3333333333333333,0.6666666666666666
BICRA,2,0,0.0,0.0,0.0,0.0,0.0,0.0
BID,1,1,1.0,1.0,1.0,0.0,0.0,0.0
BIN1,2,2,1.0,1.5,0.5,0.5,0.0,0.5
BIN2,1,0,0.0,0.0,0.0,0.0,0.0,0.0
BIRC2,2,1,0.5,1.0,0.5,0.0,0.5,0.0
BIRC3,1,0,0.0,0.0,0.0,0.0,0.0,0.0
BLK,1,1,1.0,1.0,1.0,0.0,0.0,0.0
BLM,6,4,0.6666666666666666,1.1666666666666667,0.3333333333333333,0.16666666666666666,0.5,0.16666666666666666
BLTP1,1,0,0.0,0.0,0.0,0.0,0.0,0.0
BLTP2,1,0,0.0,0.0,0.0,0.0,0.0,0.0
BLTP3B,2,1,0.5,0.5,0.5,0.0,0.0,0.0
BLZF1,2,0,0.0,0.0,0.0,0.0,0.0,0.0
BMP1,1,0,0.0,0.0,0.0,0.0,0.0,0.0
BMP15,4,3,0.75,1.0,0.25,0.0,0.25,0.5
BMP2,1,0,0.0,0.0,0.0,0.0,0.0,0.0
BMP2K,1,1,1.0,2.0,0.0,0.0,1.0,1.0
BMP4,5,3,0.6,1.8,0.6,0.4,0.6,0.2
BMP5,1,0,0.0,0.0,0.0,0.0,0.0,0.0
BMP6,2,1,0.5,0.5,0.0,0.0,0.0,0.5
BMP7,1,0,0.0,0.0,0.0,0.0,0.0,0.0
BMP8A,1,0,0.0,0.0,0.0,0.0,0.0,0.0
BMPR1A,3,1,0.3333333333333333,0.3333333333333333,0.0,0.0,0.3333333333333333,0.0
BMPR1B,2,1,0.5,1.5,0.5,0.0,0.5,0.5
BMPR2,6,1,0.16666666666666666,0.16666666666666666,0.0,0.0,0.0,0.16666666666666666
BMS1,2,1,0.5,1.5,0.5,0.5,0.5,0.0
BNC2,1,1,1.0,1.0,0.0,0.0,1.0,0.0
BOD1L1,3,1,0.3333333333333333,0.3333333333333333,0.3333333333333333,0.0,0.0,0.0
BORA,1,1,1.0,2.0,1.0,0.0,1.0,0.0
BORCS5,1,1,1.0,3.0,1.0,1.0,1.0,0.0
BPGM,1,1,1.0,1.0,0.0,1.0,0.0,0.0
BPIFA3,1,0,0.0,0.0,0.0,0.0,0.0,0.0
BPIFB1,3,0,0.0,0.0,0.0,0.0,0.0,0.0
BPIFB4,2,2,1.0,2.0,1.0,0.0,1.0,0.0
BPIFB6,3,1,0.3333333333333333,0.3333333333333333,0.3333333333333333,0.0,0.0,0.0
BPIFC,1,0,0.0,0.0,0.0,0.0,0.0,0.0
BPTF,1,0,0.0,0.0,0.0,0.0,0.0,0.0
BRAF,3,0,0.0,0.0,0.0,0.0,0.0,0.0
BRAT1,1,0,0.0,0.0,0.0,0.0,0.0,0.0
BRCA1,40,28,0.7,1.45,0.525,0.325,0.225,0.375
BRCA2,50,31,0.62,1.52,0.56,0.36,0.28,0.32
BRD1,1,1,1.0,3.0,1.0,1.0,1.0,0.0
BRD2,3,3,1.0,1.6666666666666667,0.6666666666666666,0.0,1.0,0.0
BRD3,2,1,0.5,1.0,0.5,0.0,0.5,0.0
BRD8,2,1,0.5,1.0,0.5,0.0,0.5,0.0
BRDT,6,5,0.8333333333333334,2.0,0.8333333333333334,0.5,0.6666666666666666,0.0
BRINP1,3,3,1.0,1.6666666666666667,0.3333333333333333,0.6666666666666666,0.6666666666666666,0.0
BRIP1,9,4,0.4444444444444444,1.4444444444444444,0.4444444444444444,0.3333333333333333,0.3333333333333333,0.3333333333333333
BRME1,2,1,0.5,0.5,0.5,0.0,0.0,0.0
BRWD1,1,1,1.0,1.0,0.0,0.0,1.0,0.0
BSCL2,3,2,0.6666666666666666,0.6666666666666666,0.6666666666666666,0.0,0.0,0.0
BSPRY,3,1,0.3333333333333333,0.3333333333333333,0.0,0.3333333333333333,0.0,0.0
BTBD10,1,0,0.0,0.0,0.0,0.0,0.0,0.0
BTG2,2,0,0.0,0.0,0.0,0.0,0.0,0.0
BTG4,1,0,0.0,0.0,0.0,0.0,0.0,0.0
BTK,10,2,0.2,0.3,0.0,0.2,0.0,0.1
BTLA,1,0,0.0,0.0,0.0,0.0,0.0,0.0
BTN1A1,1,0,0.0,0.0,0.0,0.0,0.0,0.0
BTN2A1,2,2,1.0,3.5,1.0,1.0,1.0,0.5
BTN3A1,1,1,1.0,1.0,1.0,0.0,0.0,0.0
BTN3A2,1,0,0.0,0.0,0.0,0.0,0.0,0.0
BTNL2,1,1,1.0,1.0,1.0,0.0,0.0,0.0
BTNL8,1,1,1.0,1.0,0.0,1.0,0.0,0.0
BTRC,1,1,1.0,1.0,0.0,0.0,1.0,0.0
BUB1B,3,2,0.6666666666666666,1.3333333333333333,0.3333333333333333,0.3333333333333333,0.6666666666666666,0.0
BUD13,2,2,1.0,3.0,1.0,1.0,1.0,0.0
BYSL,2,2,1.0,1.5,0.0,0.5,1.0,0.0
C10orf90,1,1,1.0,1.0,1.0,0.0,0.0,0.0
C11orf16,1,1,1.0,1.0,0.0,1.0,0.0,0.0
C11orf42,2,0,0.0,0.0,0.0,0.0,0.0,0.0
C12orf42,1,1,1.0,2.0,1.0,1.0,0.0,0.0
C12orf54,1,0,0.0,0.0,0.0,0.0,0.0,0.0
C12orf57,1,0,0.0,0.0,0.0,0.0,0.0,0.0
C12orf60,1,0,0.0,0.0,0.0,0.0,0.0,0.0
C12orf71,1,0,0.0,0.0,0.0,0.0,0.0,0.0
C15orf39,4,0,0.0,0.0,0.0,0.0,0.0,0.0
C16orf46,1,0,0.0,0.0,0.0,0.0,0.0,0.0
C18orf32,1,1,1.0,2.0,0.0,1.0,1.0,0.0
C19orf12,5,2,0.4,0.8,0.2,0.4,0.0,0.2
C1GALT1C1,1,1,1.0,1.0,1.0,0.0,0.0,0.0
C1QA,2,0,0.0,0.0,0.0,0.0,0.0,0.0
C1QBP,2,0,0.0,0.0,0.0,0.0,0.0,0.0
C1QTNF12,2,2,1.0,1.0,0.0,1.0,0.0,0.0
C1QTNF9,2,1,0.5,2.0,0.5,0.5,0.5,0.5
C1R,3,1,0.3333333333333333,1.0,0.3333333333333333,0.3333333333333333,0.3333333333333333,0.0
C1S,1,0,0.0,0.0,0.0,0.0,0.0,0.0
C1orf141,1,1,1.0,1.0,1.0,0.0,0.0,0.0
C1orf162,1,0,0.0,0.0,0.0,0.0,0.0,0.0
C1orf174,1,0,0.0,0.0,0.0,0.0,0.0,0.0
C1orf198,1,0,0.0,0.0,0.0,0.0,0.0,0.0
C2,3,2,0.6666666666666666,1.0,0.0,0.3333333333333333,0.0,0.6666666666666666
C20orf144,2,0,0.0,0.0,0.0,0.0,0.0,0.0
C20orf96,2,0,0.0,0.0,0.0,0.0,0.0,0.0
C2CD2L,1,1,1.0,2.0,1.0,0.0,1.0,0.0
C2CD3,6,5,0.8333333333333334,2.1666666666666665,0.8333333333333334,0.6666666666666666,0.5,0.16666666666666666
C2orf80,3,3,1.0,2.0,0.3333333333333333,1.0,0.6666666666666666,0.0
C3,7,3,0.42857142857142855,0.5714285714285714,0.42857142857142855,0.0,0.14285714285714285,0.0
C3orf18,1,1,1.0,3.0,1.0,1.0,1.0,0.0
C3orf20,3,2,0.6666666666666666,2.0,0.6666666666666666,0.6666666666666666,0.6666666666666666,0.0
C3orf33,2,0,0.0,0.0,0.0,0.0,0.0,0.0
C4A,4,3,0.75,1.25,0.5,0.25,0.5,0.0
C4B,2,0,0.0,0.0,0.0,0.0,0.0,0.0
C4BPA,2,1,0.5,0.5,0.0,0.0,0.5,0.0
C4orf17,3,0,0.0,0.0,0.0,0.0,0.0,0.0
C4orf36,1,0,0.0,0.0,0.0,0.0,0.0,0.0
C5,3,1,0.3333333333333333,1.0,0.3333333333333333,0.3333333333333333,0.3333333333333333,0.0
C5AR1,1,1,1.0,1.0,1.0,0.0,0.0,0.0
C5orf22,1,0,0.0,0.0,0.0,0.0,0.0,0.0
C6,4,2,0.5,1.25,0.5,0.25,0.5,0.0
C6orf118,3,0,0.0,0.0,0.0,0.0,0.0,0.0
C6orf15,4,1,0.25,0.25,0.0,0.25,0.0,0.0
C7,4,1,0.25,0.25,0.0,0.25,0.0,0.0
C7orf57,1,1,1.0,3.0,1.0,1.0,1.0,0.0
C8A,2,1,0.5,2.0,0.5,0.5,0.5,0.5
C8B,1,0,0.0,0.0,0.0,0.0,0.0,0.0
C8G,2,1,0.5,0.5,0.0,0.0,0.5,0.0
C8orf74,1,0,0.0,0.0,0.0,0.0,0.0,0.0
C9,3,1,0.3333333333333333,0.3333333333333333,0.0,0.0,0.0,0.3333333333333333
C9orf50,2,2,1.0,1.5,1.0,0.5,0.0,0.0
C9orf72,1,0,0.0,0.0,0.0,0.0,0.0,0.0
CA1,3,2,0.6666666666666666,2.6666666666666665,0.6666666666666666,0.6666666666666666,0.6666666666666666,0.6666666666666666
CA12,1,0,0.0,0.0,0.0,0.0,0.0,0.0
CA13,1,0,0.0,0.0,0.0,0.0,0.0,0.0
CA2,1,0,0.0,0.0,0.0,0.0,0.0,0.0
CA4,2,2,1.0,3.0,0.5,0.5,1.0,1.0
CA6,4,2,0.5,1.0,0.25,0.5,0.25,0.0
CABIN1,1,1,1.0,1.0,0.0,0.0,1.0,0.0
CABP2,2,1,0.5,1.0,0.5,0.5,0.0,0.0
CABP4,1,1,1.0,1.0,0.0,0.0,0.0,1.0
CABP5,2,1,0.5,1.0,0.5,0.0,0.5,0.0
CABS1,1,0,0.0,0.0,0.0,0.0,0.0,0.0
CABYR,1,0,0.0,0.0,0.0,0.0,0.0,0.0
CACNA1A,1,0,0.0,0.0,0.0,0.0,0.0,0.0
CACNA1B,3,3,1.0,3.0,0.6666666666666666,0.6666666666666666,0.6666666666666666,1.0
CACNA1C,2,2,1.0,1.0,0.0,0.0,1.0,0.0
CACNA1D,2,0,0.0,0.0,0.0,0.0,0.0,0.0
CACNA1E,6,2,0.3333333333333333,0.5,0.16666666666666666,0.3333333333333333,0.0,0.0
CACNA1F,7,3,0.42857142857142855,1.4285714285714286,0.2857142857142857,0.2857142857142857,0.42857142857142855,0.42857142857142855
CACNA1G,1,0,0.0,0.0,0.0,0.0,0.0,0.0
CACNA1H,5,3,0.6,1.2,0.2,0.2,0.4,0.4
CACNA1I,2,0,0.0,0.0,0.0,0.0,0.0,0.0
CACNA1S,7,1,0.14285714285714285,0.5714285714285714,0.14285714285714285,0.14285714285714285,0.14285714285714285,0.14285714285714285
CACNA2D1,2,0,0.0,0.0,0.0,0.0,0.0,0.0
CACNA2D2,1,0,0.0,0.0,0.0,0.0,0.0,0.0
CACNA2D4,1,1,1.0,1.0,1.0,0.0,0.0,0.0
CACNB4,1,1,1.0,1.0,1.0,0.0,0.0,0.0
CADPS2,1,0,0.0,0.0,0.0,0.0,0.0,0.0
CALCA,3,1,0.3333333333333333,0.6666666666666666,0.3333333333333333,0.0,0.3333333333333333,0.0
CALCOCO1,1,1,1.0,1.0,0.0,0.0,1.0,0.0
CALCOCO2,3,1,0.3333333333333333,0.3333333333333333,0.0,0.0,0.3333333333333333,0.0
CALCRL,1,1,1.0,4.0,1.0,1.0,1.0,1.0
CALHM6,1,1,1.0,3.0,1.0,1.0,1.0,0.0
CALML5,1,1,1.0,2.0,1.0,1.0,0.0,0.0
CALR3,1,0,0.0,0.0,0.0,0.0,0.0,0.0
CAMK2A,1,0,0.0,0.0,0.0,0.0,0.0,0.0
CAMK2B,1,1,1.0,1.0,0.0,0.0,1.0,0.0
CAMK2D,1,1,1.0,1.0,0.0,0.0,1.0,0.0
CAMK2G,1,1,1.0,2.0,0.0,1.0,0.0,1.0
CAMKK1,1,1,1.0,2.0,1.0,0.0,1.0,0.0
CAMKK2,2,1,0.5,0.5,0.0,0.0,0.5,0.0
CAMKV,1,0,0.0,0.0,0.0,0.0,0.0,0.0
CAMSAP1,1,0,0.0,0.0,0.0,0.0,0.0,0.0
CAMSAP2,3,3,1.0,2.3333333333333335,0.6666666666666666,0.6666666666666666,1.0,0.0
CAMTA1,2,0,0.0,0.0,0.0,0.0,0.0,0.0
CAMTA2,3,0,0.0,0.0,0.0,0.0,0.0,0.0
CAND1,1,1,1.0,1.0,0.0,0.0,1.0,0.0
CAND2,4,2,0.5,1.0,0.5,0.25,0.25,0.0
CANT1,5,2,0.4,0.4,0.2,0.2,0.0,0.0
CAP1,5,2,0.4,0.6,0.2,0.0,0.4,0.0
CAPG,3,1,0.3333333333333333,0.3333333333333333,0.3333333333333333,0.0,0.0,0.0
CAPN1,2,2,1.0,2.5,0.5,0.5,1.0,0.5
CAPN10,4,1,0.25,0.5,0.0,0.25,0.25,0.0
CAPN11,1,0,0.0,0.0,0.0,0.0,0.0,0.0
CAPN12,1,1,1.0,1.0,1.0,0.0,0.0,0.0
CAPN13,1,0,0.0,0.0,0.0,0.0,0.0,0.0
CAPN2,1,0,0.0,0.0,0.0,0.0,0.0,0.0
CAPN3,19,6,0.3157894736842105,0.47368421052631576,0.15789473684210525,0.21052631578947367,0.05263157894736842,0.05263157894736842
CAPN6,2,1,0.5,2.0,0.5,0.5,0.5,0.5
CAPN9,4,4,1.0,2.25,0.5,0.75,0.75,0.25
CAPRIN1,1,1,1.0,2.0,0.0,1.0,1.0,0.0
CAPRIN2,3,0,0.0,0.0,0.0,0.0,0.0,0.0
CARD11,2,2,1.0,1.0,1.0,0.0,0.0,0.0
CARD14,10,7,0.7,1.2,0.4,0.2,0.3,0.3
CARD6,1,0,0.0,0.0,0.0,0.0,0.0,0.0
CARD8,2,1,0.5,1.5,0.0,0.5,0.5,0.5
CARD9,5,1,0.2,0.6,0.0,0.2,0.2,0.2
CARMIL1,1,1,1.0,2.0,0.0,1.0,1.0,0.0
CARMIL2,1,1,1.0,1.0,0.0,0.0,0.0,1.0
CARS2,1,1,1.0,1.0,0.0,0.0,1.0,0.0
CARTPT,1,0,0.0,0.0,0.0,0.0,0.0,0.0
CASKIN2,1,0,0.0,0.0,0.0,0.0,0.0,0.0
CASP10,5,3,0.6,2.0,0.4,0.4,0.6,0.6
CASP2,3,3,1.0,2.0,0.6666666666666666,0.3333333333333333,1.0,0.0
CASP3,1,0,0.0,0.0,0.0,0.0,0.0,0.0
CASP5,3,1,0.3333333333333333,0.6666666666666666,0.3333333333333333,0.3333333333333333,0.0,0.0
CASP8,3,2,0.6666666666666666,1.3333333333333333,0.0,0.3333333333333333,0.3333333333333333,0.6666666666666666
CASP9,1,1,1.0,1.0,1.0,0.0,0.0,0.0
CASQ2,1,0,0.0,0.0,0.0,0.0,0.0,0.0
CASR,15,5,0.3333333333333333,0.6,0.26666666666666666,0.13333333333333333,0.13333333333333333,0.06666666666666667
CASS4,3,0,0.0,0.0,0.0,0.0,0.0,0.0
CAST,1,1,1.0,2.0,1.0,0.0,1.0,0.0
CATSPER4,2,0,0.0,0.0,0.0,0.0,0.0,0.0
CATSPERD,1,1,1.0,1.0,1.0,0.0,0.0,0.0
CATSPERE,2,1,0.5,0.5,0.5,0.0,0.0,0.0
CATSPERG,1,0,0.0,0.0,0.0,0.0,0.0,0.0
CAV2,1,1,1.0,2.0,0.0,1.0,1.0,0.0
CAV3,7,1,0.14285714285714285,0.14285714285714285,0.0,0.0,0.14285714285714285,0.0
CAVIN2,1,0,0.0,0.0,0.0,0.0,0.0,0.0
CBL,4,3,0.75,2.0,0.75,0.75,0.5,0.0
CBLB,1,1,1.0,2.0,1.0,0.0,1.0,0.0
CBR3,1,0,0.0,0.0,0.0,0.0,0.0,0.0
CBS,32,8,0.25,0.4375,0.09375,0.25,0.0625,0.03125
CBX2,1,1,1.0,3.0,0.0,1.0,1.0,1.0
CBX8,1,1,1.0,1.0,1.0,0.0,0.0,0.0
CC2D1A,2,0,0.0,0.0,0.0,0.0,0.0,0.0
CC2D2A,11,4,0.36363636363636365,0.6363636363636364,0.09090909090909091,0.09090909090909091,0.18181818181818182,0.2727272727272727
CCAR1,2,2,1.0,1.5,0.5,0.0,1.0,0.0
CCBE1,2,1,0.5,0.5,0.0,0.5,0.0,0.0
CCDC102B,2,2,1.0,2.5,0.5,1.0,1.0,0.0
CCDC107,2,1,0.5,1.0,0.5,0.5,0.0,0.0
CCDC110,8,4,0.5,0.625,0.5,0.125,0.0,0.0
CCDC112,3,1,0.3333333333333333,0.3333333333333333,0.0,0.3333333333333333,0.0,0.0
CCDC122,1,1,1.0,1.0,1.0,0.0,0.0,0.0
CCDC125,1,1,1.0,1.0,0.0,1.0,0.0,0.0
CCDC127,1,0,0.0,0.0,0.0,0.0,0.0,0.0
CCDC136,2,1,0.5,1.5,0.5,0.5,0.5,0.0
CCDC137,1,0,0.0,0.0,0.0,0.0,0.0,0.0
CCDC146,1,0,0.0,0.0,0.0,0.0,0.0,0.0
CCDC148,2,1,0.5,1.0,0.5,0.0,0.5,0.0
CCDC15,2,0,0.0,0.0,0.0,0.0,0.0,0.0
CCDC152,3,3,1.0,2.0,1.0,0.3333333333333333,0.6666666666666666,0.0
CCDC157,2,2,1.0,1.5,1.0,0.0,0.5,0.0
CCDC169,1,0,0.0,0.0,0.0,0.0,0.0,0.0
CCDC17,1,0,0.0,0.0,0.0,0.0,0.0,0.0
CCDC170,2,1,0.5,1.0,0.5,0.5,0.0,0.0
CCDC171,2,1,0.5,1.0,0.5,0.0,0.5,0.0
CCDC174,1,0,0.0,0.0,0.0,0.0,0.0,0.0
CCDC178,2,1,0.5,1.0,0.5,0.5,0.0,0.0
CCDC183,5,1,0.2,0.4,0.0,0.2,0.2,0.0
CCDC186,2,1,0.5,0.5,0.5,0.0,0.0,0.0
CCDC191,1,1,1.0,3.0,1.0,1.0,1.0,0.0
CCDC33,2,0,0.0,0.0,0.0,0.0,0.0,0.0
CCDC34,1,1,1.0,2.0,0.0,1.0,1.0,0.0
CCDC42,1,1,1.0,3.0,1.0,1.0,1.0,0.0
CCDC57,2,0,0.0,0.0,0.0,0.0,0.0,0.0
CCDC66,3,1,0.3333333333333333,1.0,0.3333333333333333,0.3333333333333333,0.3333333333333333,0.0
CCDC69,1,1,1.0,1.0,0.0,0.0,1.0,0.0
CCDC77,1,0,0.0,0.0,0.0,0.0,0.0,0.0
CCDC8,3,1,0.3333333333333333,0.6666666666666666,0.3333333333333333,0.0,0.3333333333333333,0.0
CCDC81,1,1,1.0,2.0,1.0,0.0,1.0,0.0
CCDC82,2,1,0.5,0.5,0.5,0.0,0.0,0.0
CCDC87,1,0,0.0,0.0,0.0,0.0,0.0,0.0
CCDC88B,1,0,0.0,0.0,0.0,0.0,0.0,0.0
CCDC88C,1,0,0.0,0.0,0.0,0.0,0.0,0.0
CCDC91,2,0,0.0,0.0,0.0,0.0,0.0,0.0
CCDC92,1,1,1.0,1.0,0.0,0.0,1.0,0.0
CCDC93,2,2,1.0,1.0,0.0,0.0,1.0,0.0
CCER1,1,0,0.0,0.0,0.0,0.0,0.0,0.0
CCHCR1,6,5,0.8333333333333334,1.5,0.5,0.3333333333333333,0.6666666666666666,0.0
CCKBR,3,2,0.6666666666666666,0.6666666666666666,0.0,0.0,0.6666666666666666,0.0
CCL17,1,1,1.0,3.0,1.0,1.0,1.0,0.0
CCL24,1,0,0.0,0.0,0.0,0.0,0.0,0.0
CCL26,1,1,1.0,1.0,1.0,0.0,0.0,0.0
CCM2,3,2,0.6666666666666666,1.6666666666666667,0.6666666666666666,0.3333333333333333,0.6666666666666666,0.0
CCN1,1,1,1.0,2.0,1.0,0.0,1.0,0.0
CCN2,1,1,1.0,2.0,1.0,0.0,1.0,0.0
CCN3,2,0,0.0,0.0,0.0,0.0,0.0,0.0
CCN4,2,0,0.0,0.0,0.0,0.0,0.0,0.0
CCN6,2,1,0.5,0.5,0.5,0.0,0.0,0.0
CCNB2,1,1,1.0,2.0,1.0,0.0,1.0,0.0
CCND2,2,0,0.0,0.0,0.0,0.0,0.0,0.0
CCND3,4,1,0.25,0.25,0.0,0.0,0.25,0.0
CCNH,2,1,0.5,2.0,0.5,0.5,0.5,0.5
CCNK,1,0,0.0,0.0,0.0,0.0,0.0,0.0
CCP110,1,0,0.0,0.0,0.0,0.0,0.0,0.0
CCPG1,5,2,0.4,1.2,0.4,0.4,0.4,0.0
CCR2,3,3,1.0,1.6666666666666667,0.0,0.3333333333333333,0.3333333333333333,1.0
CCR3,1,1,1.0,2.0,1.0,1.0,0.0,0.0
CCR5,8,7,0.875,2.25,0.875,0.5,0.625,0.25
CCR9,1,0,0.0,0.0,0.0,0.0,0.0,0.0
CCRL2,2,1,0.5,0.5,0.5,0.0,0.0,0.0
CCSAP,1,0,0.0,0.0,0.0,0.0,0.0,0.0
CCSER2,1,1,1.0,2.0,1.0,1.0,0.0,0.0
CCT5,1,1,1.0,3.0,1.0,1.0,0.0,1.0
CCT6B,3,2,0.6666666666666666,1.6666666666666667,0.6666666666666666,0.3333333333333333,0.3333333333333333,0.3333333333333333
CCT8,1,1,1.0,1.0,0.0,0.0,1.0,0.0
CCT8L2,1,0,0.0,0.0,0.0,0.0,0.0,0.0
CD101,4,1,0.25,0.25,0.0,0.25,0.0,0.0
CD109,2,0,0.0,0.0,0.0,0.0,0.0,0.0
CD151,1,0,0.0,0.0,0.0,0.0,0.0,0.0
CD163L1,1,0,0.0,0.0,0.0,0.0,0.0,0.0
CD180,1,0,0.0,0.0,0.0,0.0,0.0,0.0
CD19,1,0,0.0,0.0,0.0,0.0,0.0,0.0
CD1A,1,1,1.0,1.0,1.0,0.0,0.0,0.0
CD1E,3,0,0.0,0.0,0.0,0.0,0.0,0.0
CD2,1,0,0.0,0.0,0.0,0.0,0.0,0.0
CD207,2,0,0.0,0.0,0.0,0.0,0.0,0.0
CD209,1,0,0.0,0.0,0.0,0.0,0.0,0.0
CD22,2,0,0.0,0.0,0.0,0.0,0.0,0.0
CD244,1,0,0.0,0.0,0.0,0.0,0.0,0.0
CD276,2,0,0.0,0.0,0.0,0.0,0.0,0.0
CD2AP,2,0,0.0,0.0,0.0,0.0,0.0,0.0
CD300E,1,0,0.0,0.0,0.0,0.0,0.0,0.0
CD300LD-AS1,1,0,0.0,0.0,0.0,0.0,0.0,0.0
CD33,3,1,0.3333333333333333,0.6666666666666666,0.3333333333333333,0.3333333333333333,0.0,0.0
CD36,4,2,0.5,2.0,0.5,0.5,0.5,0.5
CD3G,2,1,0.5,1.0,0.5,0.5,0.0,0.0
CD4,1,0,0.0,0.0,0.0,0.0,0.0,0.0
CD40LG,4,1,0.25,0.75,0.25,0.25,0.0,0.25
CD44,4,3,0.75,0.75,0.5,0.0,0.25,0.0
CD46,2,1,0.5,1.0,0.5,0.5,0.0,0.0
CD5,1,1,1.0,3.0,1.0,1.0,1.0,0.0
CD55,4,2,0.5,0.5,0.0,0.5,0.0,0.0
CD58,1,0,0.0,0.0,0.0,0.0,0.0,0.0
CD5L,1,0,0.0,0.0,0.0,0.0,0.0,0.0
CD6,2,1,0.5,1.5,0.5,0.5,0.5,0.0
CD7,1,1,1.0,1.0,0.0,1.0,0.0,0.0
CD96,2,1,0.5,2.0,0.5,0.5,0.5,0.5
CD99,1,1,1.0,1.0,1.0,0.0,0.0,0.0
CDAN1,5,3,0.6,1.0,0.4,0.4,0.0,0.2
CDC14A,3,2,0.6666666666666666,1.6666666666666667,0.6666666666666666,0.3333333333333333,0.6666666666666666,0.0
CDC20B,5,1,0.2,0.4,0.2,0.0,0.2,0.0
CDC25A,2,2,1.0,3.0,1.0,1.0,1.0,0.0
CDC34,1,1,1.0,1.0,0.0,0.0,1.0,0.0
CDC42,1,0,0.0,0.0,0.0,0.0,0.0,0.0
CDC42BPA,4,3,0.75,1.5,0.25,0.5,0.75,0.0
CDC42BPB,2,2,1.0,1.0,0.0,0.0,1.0,0.0
CDC42EP2,1,0,0.0,0.0,0.0,0.0,0.0,0.0
CDC6,2,2,1.0,3.0,0.5,1.0,0.5,1.0
CDC7,1,1,1.0,3.0,1.0,1.0,1.0,0.0
CDC73,2,1,0.5,2.0,0.5,0.5,0.5,0.5
CDCA2,1,0,0.0,0.0,0.0,0.0,0.0,0.0
CDCP1,1,0,0.0,0.0,0.0,0.0,0.0,0.0
CDCP2,1,1,1.0,2.0,0.0,1.0,1.0,0.0
CDH1,10,10,1.0,1.8,0.6,0.4,0.7,0.1
CDH11,3,2,0.6666666666666666,2.0,0.6666666666666666,0.6666666666666666,0.6666666666666666,0.0
CDH12,3,2,0.6666666666666666,1.3333333333333333,0.6666666666666666,0.0,0.6666666666666666,0.0
CDH13,3,1,0.3333333333333333,0.6666666666666666,0.0,0.3333333333333333,0.3333333333333333,0.0
CDH15,1,1,1.0,1.0,0.0,0.0,0.0,1.0
CDH16,1,0,0.0,0.0,0.0,0.0,0.0,0.0
CDH17,2,1,0.5,1.0,0.5,0.0,0.5,0.0
CDH2,8,5,0.625,1.125,0.25,0.25,0.625,0.0
CDH20,2,2,1.0,1.5,0.0,0.5,1.0,0.0
CDH23,7,3,0.42857142857142855,0.7142857142857143,0.14285714285714285,0.2857142857142857,0.14285714285714285,0.14285714285714285
CDH26,1,1,1.0,1.0,0.0,1.0,0.0,0.0
CDH3,2,0,0.0,0.0,0.0,0.0,0.0,0.0
CDH7,1,1,1.0,2.0,1.0,1.0,0.0,0.0
CDH9,1,0,0.0,0.0,0.0,0.0,0.0,0.0
CDHR1,1,0,0.0,0.0,0.0,0.0,0.0,0.0
CDHR2,3,0,0.0,0.0,0.0,0.0,0.0,0.0
CDHR5,1,1,1.0,1.0,1.0,0.0,0.0,0.0
CDIN1,2,2,1.0,1.5,0.0,0.5,1.0,0.0
CDK10,4,3,0.75,1.5,0.5,0.25,0.75,0.0
CDK13,3,3,1.0,2.3333333333333335,1.0,0.6666666666666666,0.6666666666666666,0.0
CDK17,1,1,1.0,4.0,1.0,1.0,1.0,1.0
CDK18,1,1,1.0,2.0,0.0,1.0,1.0,0.0
CDK19,2,0,0.0,0.0,0.0,0.0,0.0,0.0
CDK2,1,1,1.0,4.0,1.0,1.0,1.0,1.0
CDK20,3,3,1.0,1.3333333333333333,0.3333333333333333,0.0,1.0,0.0
CDK3,2,2,1.0,2.5,1.0,0.5,1.0,0.0
CDK4,1,1,1.0,1.0,0.0,0.0,0.0,1.0
CDK5RAP2,3,1,0.3333333333333333,0.6666666666666666,0.3333333333333333,0.0,0.3333333333333333,0.0
CDK8,2,0,0.0,0.0,0.0,0.0,0.0,0.0
CDKL2,2,2,1.0,4.0,1.0,1.0,1.0,1.0
CDKL3,1,0,0.0,0.0,0.0,0.0,0.0,0.0
CDKL5,2,1,0.5,0.5,0.5,0.0,0.0,0.0
CDKN1A,4,2,0.5,0.5,0.5,0.0,0.0,0.0
CDKN1B,2,1,0.5,2.0,0.5,0.5,0.5,0.5
CDKN1C,3,1,0.3333333333333333,0.3333333333333333,0.0,0.0,0.0,0.3333333333333333
CDKN2A,31,17,0.5483870967741935,1.6451612903225807,0.5161290322580645,0.3870967741935484,0.3870967741935484,0.3548387096774194
CDKN2C,1,1,1.0,3.0,1.0,1.0,1.0,0.0
CDON,2,2,1.0,3.5,1.0,1.0,1.0,0.5
CDRT15,1,1,1.0,1.0,1.0,0.0,0.0,0.0
CDSN,3,2,0.6666666666666666,1.3333333333333333,0.6666666666666666,0.3333333333333333,0.3333333333333333,0.0
CDT1,4,0,0.0,0.0,0.0,0.0,0.0,0.0
CDYL,1,0,0.0,0.0,0.0,0.0,0.0,0.0
CEACAM4,2,0,0.0,0.0,0.0,0.0,0.0,0.0
CEACAM5,1,1,1.0,1.0,1.0,0.0,0.0,0.0
CEACAM7,1,1,1.0,2.0,1.0,1.0,0.0,0.0
CEACAM8,2,1,0.5,1.0,0.5,0.5,0.0,0.0
CEBPZ,3,1,0.3333333333333333,0.6666666666666666,0.0,0.3333333333333333,0.3333333333333333,0.0
CECR2,1,1,1.0,3.0,1.0,1.0,1.0,0.0
CELA1,2,2,1.0,1.0,0.0,0.0,1.0,0.0
CELA2B,2,0,0.0,0.0,0.0,0.0,0.0,0.0
CELA3A,2,0,0.0,0.0,0.0,0.0,0.0,0.0
CELA3B,1,1,1.0,1.0,0.0,1.0,0.0,0.0
CELF5,1,1,1.0,2.0,0.0,1.0,1.0,0.0
CELSR1,8,2,0.25,0.75,0.125,0.25,0.25,0.125
CELSR2,1,1,1.0,1.0,0.0,0.0,1.0,0.0
CELSR3,2,2,1.0,1.0,0.0,0.0,1.0,0.0
CEMIP,3,2,0.6666666666666666,2.0,0.3333333333333333,0.6666666666666666,0.6666666666666666,0.3333333333333333
CEMIP2,6,3,0.5,0.6666666666666666,0.16666666666666666,0.0,0.5,0.0
CENPE,2,1,0.5,1.0,0.0,0.5,0.5,0.0
CENPF,4,1,0.25,0.5,0.0,0.25,0.25,0.0
CENPT,1,0,0.0,0.0,0.0,0.0,0.0,0.0
CEP112,1,1,1.0,1.0,0.0,0.0,1.0,0.0
CEP120,1,0,0.0,0.0,0.0,0.0,0.0,0.0
CEP126,3,3,1.0,1.6666666666666667,1.0,0.3333333333333333,0.3333333333333333,0.0
CEP128,2,2,1.0,1.5,0.5,1.0,0.0,0.0
CEP131,2,1,0.5,1.0,0.5,0.0,0.5,0.0
CEP135,1,0,0.0,0.0,0.0,0.0,0.0,0.0
CEP164,2,2,1.0,1.0,1.0,0.0,0.0,0.0
CEP250,1,1,1.0,1.0,1.0,0.0,0.0,0.0
CEP290,2,1,0.5,1.5,0.5,0.5,0.5,0.0
CEP295,2,2,1.0,2.0,0.5,0.0,1.0,0.5
CEP350,5,4,0.8,1.6,0.6,0.2,0.8,0.0
CEP41,2,0,0.0,0.0,0.0,0.0,0.0,0.0
CEP43,2,1,0.5,0.5,0.0,0.0,0.5,0.0
CEP68,1,1,1.0,2.0,1.0,0.0,1.0,0.0
CEP70,1,0,0.0,0.0,0.0,0.0,0.0,0.0
CEP72,1,1,1.0,3.0,1.0,1.0,1.0,0.0
CEP78,1,0,0.0,0.0,0.0,0.0,0.0,0.0
CEP85,1,0,0.0,0.0,0.0,0.0,0.0,0.0
CEP85L,2,1,0.5,0.5,0.5,0.0,0.0,0.0
CEP89,1,1,1.0,1.0,0.0,0.0,1.0,0.0
CEP95,1,1,1.0,3.0,1.0,1.0,1.0,0.0
CER1,1,0,0.0,0.0,0.0,0.0,0.0,0.0
CERK,1,1,1.0,2.0,1.0,1.0,0.0,0.0
CERKL,2,2,1.0,1.5,0.5,0.0,0.0,1.0
CERS1,1,1,1.0,1.0,0.0,0.0,1.0,0.0
CERS2,1,1,1.0,4.0,1.0,1.0,1.0,1.0
CERS3,2,0,0.0,0.0,0.0,0.0,0.0,0.0
CERS4,4,4,1.0,2.75,0.5,1.0,1.0,0.25
CERS5,1,0,0.0,0.0,0.0,0.0,0.0,0.0
CES1,1,0,0.0,0.0,0.0,0.0,0.0,0.0
CES3,4,2,0.5,0.75,0.5,0.25,0.0,0.0
CETN3,1,1,1.0,1.0,0.0,0.0,1.0,0.0
CETP,5,3,0.6,1.4,0.6,0.2,0.4,0.2
CFAP157,1,0,0.0,0.0,0.0,0.0,0.0,0.0
CFAP206,1,1,1.0,3.0,1.0,1.0,1.0,0.0
CFAP20DC,2,0,0.0,0.0,0.0,0.0,0.0,0.0
CFAP251,2,1,0.5,0.5,0.0,0.5,0.0,0.0
CFAP298,2,2,1.0,2.0,0.5,0.5,1.0,0.0
CFAP299,3,0,0.0,0.0,0.0,0.0,0.0,0.0
CFAP36,1,1,1.0,1.0,1.0,0.0,0.0,0.0
CFAP410,1,1,1.0,3.0,1.0,0.0,1.0,1.0
CFAP418,1,0,0.0,0.0,0.0,0.0,0.0,0.0
CFAP43,1,1,1.0,2.0,0.0,1.0,1.0,0.0
CFAP44,1,0,0.0,0.0,0.0,0.0,0.0,0.0
CFAP45,1,1,1.0,3.0,1.0,1.0,1.0,0.0
CFAP47,2,1,0.5,0.5,0.0,0.0,0.5,0.0
CFAP61,3,3,1.0,2.6666666666666665,0.6666666666666666,1.0,1.0,0.0
CFAP65,2,1,0.5,0.5,0.0,0.0,0.5,0.0
CFAP69,4,4,1.0,2.25,1.0,0.5,0.75,0.0
CFAP77,2,1,0.5,1.5,0.5,0.5,0.5,0.0
CFAP91,1,0,0.0,0.0,0.0,0.0,0.0,0.0
CFAP97,2,0,0.0,0.0,0.0,0.0,0.0,0.0
CFB,3,2,0.6666666666666666,1.3333333333333333,0.3333333333333333,0.3333333333333333,0.3333333333333333,0.3333333333333333
CFD,3,2,0.6666666666666666,1.3333333333333333,0.3333333333333333,0.3333333333333333,0.3333333333333333,0.3333333333333333
CFH,2,1,0.5,0.5,0.5,0.0,0.0,0.0
CFHR1,4,1,0.25,0.5,0.25,0.25,0.0,0.0
CFHR5,4,2,0.5,1.25,0.25,0.5,0.25,0.25
CFI,8,4,0.5,1.625,0.25,0.375,0.5,0.5
CFP,1,1,1.0,1.0,0.0,1.0,0.0,0.0
CFTR,67,26,0.3880597014925373,0.9552238805970149,0.2537313432835821,0.31343283582089554,0.208955223880597,0.1791044776119403
CGAS,2,2,1.0,3.0,1.0,1.0,1.0,0.0
CGREF1,2,0,0.0,0.0,0.0,0.0,0.0,0.0
CHAMP1,1,0,0.0,0.0,0.0,0.0,0.0,0.0
CHAT,7,2,0.2857142857142857,0.7142857142857143,0.2857142857142857,0.14285714285714285,0.14285714285714285,0.14285714285714285
CHCHD10,1,0,0.0,0.0,0.0,0.0,0.0,0.0
CHCHD2,4,3,0.75,1.25,0.0,0.5,0.75,0.0
CHD1L,4,1,0.25,0.75,0.25,0.25,0.25,0.0
CHD3,1,1,1.0,1.0,1.0,0.0,0.0,0.0
CHD4,4,2,0.5,0.5,0.0,0.25,0.25,0.0
CHD5,6,2,0.3333333333333333,0.8333333333333334,0.16666666666666666,0.16666666666666666,0.16666666666666666,0.3333333333333333
CHD7,14,7,0.5,0.6428571428571429,0.14285714285714285,0.14285714285714285,0.35714285714285715,0.0
CHDH,2,0,0.0,0.0,0.0,0.0,0.0,0.0
CHEK1,1,1,1.0,2.0,0.0,1.0,1.0,0.0
CHEK2,10,5,0.5,1.0,0.3,0.3,0.2,0.2
CHFR,1,0,0.0,0.0,0.0,0.0,0.0,0.0
CHGA,2,1,0.5,1.5,0.5,0.5,0.5,0.0
CHGB,6,1,0.16666666666666666,0.16666666666666666,0.16666666666666666,0.0,0.0,0.0
CHI3L1,1,1,1.0,2.0,1.0,0.0,1.0,0.0
CHIA,4,3,0.75,2.25,0.75,0.75,0.75,0.0
CHIT1,1,1,1.0,3.0,1.0,1.0,1.0,0.0
CHL1,3,0,0.0,0.0,0.0,0.0,0.0,0.0
CHMP2B,2,1,0.5,2.0,0.5,0.5,0.5,0.5
CHMP6,1,1,1.0,3.0,1.0,1.0,1.0,0.0
CHN1,2,2,1.0,2.0,0.5,0.0,0.5,1.0
CHN2,2,0,0.0,0.0,0.0,0.0,0.0,0.0
CHORDC1,2,0,0.0,0.0,0.0,0.0,0.0,0.0
CHP2,1,1,1.0,2.0,1.0,0.0,1.0,0.0
CHPF,1,0,0.0,0.0,0.0,0.0,0.0,0.0
CHRD,1,0,0.0,0.0,0.0,0.0,0.0,0.0
CHRDL2,1,1,1.0,2.0,0.0,1.0,1.0,0.0
CHRNA1,2,0,0.0,0.0,0.0,0.0,0.0,0.0
CHRNA2,1,0,0.0,0.0,0.0,0.0,0.0,0.0
CHRNA4,1,0,0.0,0.0,0.0,0.0,0.0,0.0
CHRNA5,2,2,1.0,3.5,1.0,1.0,1.0,0.5
CHRNB1,1,0,0.0,0.0,0.0,0.0,0.0,0.0
CHRNB2,1,0,0.0,0.0,0.0,0.0,0.0,0.0
CHRNB3,1,1,1.0,1.0,0.0,0.0,1.0,0.0
CHRNB4,3,3,1.0,1.6666666666666667,0.3333333333333333,0.3333333333333333,1.0,0.0
CHRND,2,2,1.0,2.0,0.5,0.5,0.5,0.5
CHST10,2,2,1.0,3.0,1.0,1.0,1.0,0.0
CHST12,1,0,0.0,0.0,0.0,0.0,0.0,0.0
CHST13,2,1,0.5,0.5,0.0,0.0,0.5,0.0
CHST14,1,0,0.0,0.0,0.0,0.0,0.0,0.0
CHST3,3,2,0.6666666666666666,1.0,0.3333333333333333,0.3333333333333333,0.3333333333333333,0.0
CHST6,7,3,0.42857142857142855,1.0,0.2857142857142857,0.42857142857142855,0.14285714285714285,0.14285714285714285
CHSY1,1,0,0.0,0.0,0.0,0.0,0.0,0.0
CHSY3,1,1,1.0,1.0,1.0,0.0,0.0,0.0
CHTF18,2,0,0.0,0.0,0.0,0.0,0.0,0.0
CIAO1,1,0,0.0,0.0,0.0,0.0,0.0,0.0
CIAO3,1,0,0.0,0.0,0.0,0.0,0.0,0.0
CIAPIN1,1,0,0.0,0.0,0.0,0.0,0.0,0.0
CIB1,1,1,1.0,2.0,1.0,0.0,1.0,0.0
CIB2,1,0,0.0,0.0,0.0,0.0,0.0,0.0
CIB3,1,1,1.0,1.0,0.0,0.0,1.0,0.0
CIB4,1,0,0.0,0.0,0.0,0.0,0.0,0.0
CIDEA,1,0,0.0,0.0,0.0,0.0,0.0,0.0
CILK1,4,1,0.25,0.25,0.25,0.0,0.0,0.0
CILP,4,3,0.75,2.5,0.75,0.75,0.75,0.25
CIMAP3,1,1,1.0,3.0,1.0,1.0,1.0,0.0
CIMIP1,1,1,1.0,2.0,0.0,1.0,1.0,0.0
CIMIP2C,1,1,1.0,1.0,1.0,0.0,0.0,0.0
CIP2A,4,3,0.75,1.25,0.5,0.25,0.5,0.0
CIPC,2,0,0.0,0.0,0.0,0.0,0.0,0.0
CIZ1,1,1,1.0,1.0,1.0,0.0,0.0,0.0
CKAP2,1,0,0.0,0.0,0.0,0.0,0.0,0.0
CKAP2L,3,1,0.3333333333333333,1.0,0.3333333333333333,0.3333333333333333,0.3333333333333333,0.0
CKAP4,1,0,0.0,0.0,0.0,0.0,0.0,0.0
CKB,1,1,1.0,3.0,1.0,1.0,1.0,0.0
CLCA1,1,1,1.0,2.0,1.0,0.0,1.0,0.0
CLCA2,2,1,0.5,0.5,0.0,0.0,0.5,0.0
CLCN1,16,3,0.1875,0.4375,0.125,0.125,0.0625,0.125
CLCN2,8,4,0.5,1.0,0.125,0.375,0.375,0.125
CLCN3,1,1,1.0,1.0,0.0,1.0,0.0,0.0
CLCN4,1,0,0.0,0.0,0.0,0.0,0.0,0.0
CLCN7,11,1,0.09090909090909091,0.09090909090909091,0.0,0.09090909090909091,0.0,0.0
CLCNKA,3,1,0.3333333333333333,1.0,0.3333333333333333,0.0,0.3333333333333333,0.3333333333333333
CLCNKB,8,3,0.375,0.875,0.375,0.125,0.125,0.25
CLDN17,1,1,1.0,4.0,1.0,1.0,1.0,1.0
CLDN19,3,0,0.0,0.0,0.0,0.0,0.0,0.0
CLDN6,1,1,1.0,1.0,1.0,0.0,0.0,0.0
CLEC10A,2,1,0.5,0.5,0.5,0.0,0.0,0.0
CLEC18A,1,0,0.0,0.0,0.0,0.0,0.0,0.0
CLEC1B,2,0,0.0,0.0,0.0,0.0,0.0,0.0
CLEC2A,2,1,0.5,0.5,0.5,0.0,0.0,0.0
CLEC2D,1,0,0.0,0.0,0.0,0.0,0.0,0.0
CLEC3B,1,0,0.0,0.0,0.0,0.0,0.0,0.0
CLEC4D,1,0,0.0,0.0,0.0,0.0,0.0,0.0
CLEC9A,1,0,0.0,0.0,0.0,0.0,0.0,0.0
CLHC1,3,1,0.3333333333333333,0.6666666666666666,0.0,0.3333333333333333,0.3333333333333333,0.0
CLIC3,1,1,1.0,2.0,0.0,1.0,1.0,0.0
CLIC5,2,1,0.5,1.5,0.5,0.5,0.5,0.0
CLIP4,2,0,0.0,0.0,0.0,0.0,0.0,0.0
CLK1,1,1,1.0,3.0,1.0,1.0,1.0,0.0
CLK4,2,2,1.0,2.0,0.5,0.5,1.0,0.0
CLN3,2,1,0.5,1.0,0.0,0.0,0.5,0.5
CLN5,1,1,1.0,1.0,1.0,0.0,0.0,0.0
CLN6,6,4,0.6666666666666666,1.3333333333333333,0.5,0.3333333333333333,0.3333333333333333,0.16666666666666666
CLN8,9,4,0.4444444444444444,1.2222222222222223,0.4444444444444444,0.3333333333333333,0.3333333333333333,0.1111111111111111
CLOCK,2,2,1.0,2.0,0.5,0.5,1.0,0.0
CLPB,6,0,0.0,0.0,0.0,0.0,0.0,0.0
CLPTM1,1,1,1.0,4.0,1.0,1.0,1.0,1.0
CLPTM1L,2,0,0.0,0.0,0.0,0.0,0.0,0.0
CLRN1,6,3,0.5,0.5,0.0,0.16666666666666666,0.16666666666666666,0.16666666666666666
CLSPN,4,3,0.75,2.25,0.75,0.75,0.75,0.0
CLSTN1,4,2,0.5,1.0,0.0,0.25,0.5,0.25
CLSTN2,1,0,0.0,0.0,0.0,0.0,0.0,0.0
CLSTN3,1,0,0.0,0.0,0.0,0.0,0.0,0.0
CLTCL1,3,2,0.6666666666666666,1.3333333333333333,0.3333333333333333,0.3333333333333333,0.6666666666666666,0.0
CLUAP1,1,1,1.0,2.0,0.0,1.0,1.0,0.0
CLUH,1,1,1.0,1.0,0.0,0.0,1.0,0.0
CLYBL,1,1,1.0,1.0,1.0,0.0,0.0,0.0
CMKLR2,2,0,0.0,0.0,0.0,0.0,0.0,0.0
CMYA5,10,6,0.6,1.1,0.6,0.2,0.2,0.1
CNBD1,1,0,0.0,0.0,0.0,0.0,0.0,0.0
CNBD2,1,1,1.0,2.0,0.0,0.0,1.0,1.0
CNDP1,1,1,1.0,1.0,1.0,0.0,0.0,0.0
CNGA2,1,0,0.0,0.0,0.0,0.0,0.0,0.0
CNGA3,16,2,0.125,0.125,0.0,0.125,0.0,0.0
CNGA4,1,1,1.0,1.0,0.0,0.0,1.0,0.0
CNGB1,4,3,0.75,1.0,0.25,0.25,0.25,0.25
CNGB3,5,1,0.2,0.2,0.2,0.0,0.0,0.0
CNIH4,2,2,1.0,1.5,0.0,0.5,1.0,0.0
CNMD,1,1,1.0,1.0,1.0,0.0,0.0,0.0
CNNM2,1,1,1.0,2.0,1.0,0.0,1.0,0.0
CNOT10,1,1,1.0,3.0,1.0,1.0,1.0,0.0
CNOT4,1,0,0.0,0.0,0.0,0.0,0.0,0.0
CNP,1,0,0.0,0.0,0.0,0.0,0.0,0.0
CNPPD1,1,0,0.0,0.0,0.0,0.0,0.0,0.0
CNPY3,1,0,0.0,0.0,0.0,0.0,0.0,0.0
CNPY4,2,2,1.0,3.0,1.0,1.0,1.0,0.0
CNTF,1,1,1.0,1.0,1.0,0.0,0.0,0.0
CNTLN,2,0,0.0,0.0,0.0,0.0,0.0,0.0
CNTN2,1,1,1.0,3.0,1.0,1.0,1.0,0.0
CNTN3,1,0,0.0,0.0,0.0,0.0,0.0,0.0
CNTN5,2,0,0.0,0.0,0.0,0.0,0.0,0.0
CNTN6,1,1,1.0,4.0,1.0,1.0,1.0,1.0
CNTNAP1,3,3,1.0,1.3333333333333333,0.3333333333333333,0.3333333333333333,0.3333333333333333,0.3333333333333333
CNTNAP2,7,5,0.7142857142857143,2.2857142857142856,0.5714285714285714,0.42857142857142855,0.7142857142857143,0.5714285714285714
CNTNAP3,1,0,0.0,0.0,0.0,0.0,0.0,0.0
CNTNAP4,2,1,0.5,0.5,0.0,0.0,0.0,0.5
CNTRL,2,1,0.5,1.0,0.0,0.5,0.5,0.0
CNTROB,2,2,1.0,2.5,0.5,1.0,1.0,0.0
COA5,1,1,1.0,2.0,1.0,0.0,1.0,0.0
COA7,1,1,1.0,2.0,0.0,1.0,0.0,1.0
COASY,2,1,0.5,0.5,0.0,0.0,0.5,0.0
COBL,1,0,0.0,0.0,0.0,0.0,0.0,0.0
COCH,4,3,0.75,1.0,0.0,0.5,0.25,0.25
COG1,2,1,0.5,1.0,0.5,0.0,0.5,0.0
COG7,1,1,1.0,2.0,0.0,1.0,1.0,0.0
COL10A1,5,3,0.6,0.6,0.4,0.2,0.0,0.0
COL11A1,2,1,0.5,2.0,0.5,0.5,0.5,0.5
COL12A1,4,4,1.0,2.25,0.25,0.75,1.0,0.25
COL14A1,1,1,1.0,3.0,1.0,1.0,1.0,0.0
COL15A1,5,3,0.6,1.2,0.2,0.6,0.4,0.0
COL16A1,1,0,0.0,0.0,0.0,0.0,0.0,0.0
COL17A1,1,1,1.0,1.0,1.0,0.0,0.0,0.0
COL18A1,2,1,0.5,2.0,0.5,0.5,0.5,0.5
COL1A1,57,8,0.14035087719298245,0.38596491228070173,0.08771929824561403,0.08771929824561403,0.10526315789473684,0.10526315789473684
COL1A2,25,5,0.2,0.44,0.08,0.12,0.16,0.08
COL21A1,2,1,0.5,2.0,0.5,0.5,0.5,0.5
COL22A1,2,1,0.5,1.0,0.5,0.0,0.5,0.0
COL23A1,1,0,0.0,0.0,0.0,0.0,0.0,0.0
COL24A1,2,1,0.5,1.0,0.5,0.0,0.5,0.0
COL27A1,5,2,0.4,0.6,0.0,0.2,0.4,0.0
COL28A1,2,0,0.0,0.0,0.0,0.0,0.0,0.0
COL2A1,21,6,0.2857142857142857,0.7142857142857143,0.14285714285714285,0.23809523809523808,0.19047619047619047,0.14285714285714285
COL3A1,35,1,0.02857142857142857,0.02857142857142857,0.0,0.02857142857142857,0.0,0.0
COL4A1,8,0,0.0,0.0,0.0,0.0,0.0,0.0
COL4A2,3,0,0.0,0.0,0.0,0.0,0.0,0.0
COL4A3,9,2,0.2222222222222222,0.2222222222222222,0.0,0.2222222222222222,0.0,0.0
COL4A4,10,3,0.3,1.2,0.3,0.3,0.3,0.3
COL4A5,49,4,0.08163265306122448,0.16326530612244897,0.061224489795918366,0.04081632653061224,0.04081632653061224,0.02040816326530612
COL4A6,1,1,1.0,1.0,0.0,1.0,0.0,0.0
COL5A1,7,7,1.0,2.142857142857143,0.42857142857142855,0.8571428571428571,0.42857142857142855,0.42857142857142855
COL5A2,3,2,0.6666666666666666,2.3333333333333335,0.6666666666666666,0.3333333333333333,0.6666666666666666,0.6666666666666666
COL5A3,3,1,0.3333333333333333,0.3333333333333333,0.3333333333333333,0.0,0.0,0.0
COL6A1,8,2,0.25,0.5,0.0,0.25,0.125,0.125
COL6A2,10,5,0.5,1.9,0.4,0.5,0.5,0.5
COL6A3,6,3,0.5,1.5,0.3333333333333333,0.3333333333333333,0.3333333333333333,0.5
COL6A5,1,0,0.0,0.0,0.0,0.0,0.0,0.0
COL6A6,1,1,1.0,1.0,0.0,0.0,1.0,0.0
COL7A1,17,4,0.23529411764705882,0.23529411764705882,0.058823529411764705,0.17647058823529413,0.0,0.0
COL8A2,2,2,1.0,1.0,0.5,0.0,0.5,0.0
COL9A1,3,1,0.3333333333333333,1.0,0.0,0.3333333333333333,0.3333333333333333,0.3333333333333333
COL9A2,2,1,0.5,0.5,0.0,0.5,0.0,0.0
COL9A3,1,0,0.0,0.0,0.0,0.0,0.0,0.0
COLEC11,2,1,0.5,2.0,0.5,0.5,0.5,0.5
COLEC12,2,1,0.5,1.0,0.0,0.5,0.5,0.0
COLQ,4,0,0.0,0.0,0.0,0.0,0.0,0.0
COMMD5,2,0,0.0,0.0,0.0,0.0,0.0,0.0
COMMD8,1,0,0.0,0.0,0.0,0.0,0.0,0.0
COMP,14,4,0.2857142857142857,0.42857142857142855,0.07142857142857142,0.14285714285714285,0.07142857142857142,0.14285714285714285
COMT,2,2,1.0,2.5,1.0,0.5,1.0,0.0
COPG1,1,1,1.0,1.0,0.0,0.0,1.0,0.0
COPRS,1,1,1.0,1.0,0.0,1.0,0.0,0.0
COQ10A,1,1,1.0,3.0,1.0,1.0,1.0,0.0
COQ2,5,4,0.8,2.2,0.6,0.6,0.4,0.6
COQ3,2,1,0.5,0.5,0.0,0.0,0.5,0.0
COQ4,4,1,0.25,0.25,0.0,0.0,0.0,0.25
COQ5,1,0,0.0,0.0,0.0,0.0,0.0,0.0
COQ6,3,1,0.3333333333333333,0.6666666666666666,0.3333333333333333,0.0,0.3333333333333333,0.0
COQ7,2,1,0.5,0.5,0.0,0.0,0.5,0.0
COQ8A,7,1,0.14285714285714285,0.14285714285714285,0.0,0.0,0.0,0.14285714285714285
COQ8B,2,1,0.5,1.0,0.0,0.5,0.5,0.0
CORIN,2,1,0.5,0.5,0.5,0.0,0.0,0.0
CORO2A,1,1,1.0,3.0,1.0,1.0,1.0,0.0
CORO7,1,0,0.0,0.0,0.0,0.0,0.0,0.0
COX10,7,3,0.42857142857142855,1.2857142857142858,0.2857142857142857,0.2857142857142857,0.42857142857142855,0.2857142857142857
COX11,1,0,0.0,0.0,0.0,0.0,0.0,0.0
COX15,1,0,0.0,0.0,0.0,0.0,0.0,0.0
COX20,1,0,0.0,0.0,0.0,0.0,0.0,0.0
COX4I2,1,1,1.0,1.0,1.0,0.0,0.0,0.0
CP,2,2,1.0,4.0,1.0,1.0,1.0,1.0
CPA4,2,2,1.0,3.0,1.0,1.0,1.0,0.0
CPA6,2,0,0.0,0.0,0.0,0.0,0.0,0.0
CPAP,3,0,0.0,0.0,0.0,0.0,0.0,0.0
CPD,1,1,1.0,1.0,0.0,0.0,1.0,0.0
CPE,1,1,1.0,4.0,1.0,1.0,1.0,1.0
CPEB3,1,1,1.0,3.0,1.0,1.0,1.0,0.0
CPN2,3,1,0.3333333333333333,0.3333333333333333,0.3333333333333333,0.0,0.0,0.0
CPNE1,1,1,1.0,1.0,1.0,0.0,0.0,0.0
CPPED1,1,0,0.0,0.0,0.0,0.0,0.0,0.0
CPS1,34,8,0.23529411764705882,0.38235294117647056,0.14705882352941177,0.11764705882352941,0.058823529411764705,0.058823529411764705
CPSF3,1,1,1.0,2.0,1.0,0.0,1.0,0.0
CPT1A,2,0,0.0,0.0,0.0,0.0,0.0,0.0
CPT1C,1,0,0.0,0.0,0.0,0.0,0.0,0.0
CPT2,7,2,0.2857142857142857,0.8571428571428571,0.2857142857142857,0.2857142857142857,0.14285714285714285,0.14285714285714285
CPZ,2,0,0.0,0.0,0.0,0.0,0.0,0.0
CR1L,1,1,1.0,2.0,0.0,1.0,1.0,0.0
CR2,3,2,0.6666666666666666,0.6666666666666666,0.6666666666666666,0.0,0.0,0.0
CRACD,1,0,0.0,0.0,0.0,0.0,0.0,0.0
CRACR2A,3,0,0.0,0.0,0.0,0.0,0.0,0.0
CRACR2B,1,1,1.0,1.0,0.0,0.0,1.0,0.0
CRAT,1,0,0.0,0.0,0.0,0.0,0.0,0.0
CRB1,26,10,0.38461538461538464,1.0384615384615385,0.2692307692307692,0.23076923076923078,0.23076923076923078,0.3076923076923077
CRB2,3,0,0.0,0.0,0.0,0.0,0.0,0.0
CRBN,2,2,1.0,1.0,0.0,1.0,0.0,0.0
CREB3L2,1,0,0.0,0.0,0.0,0.0,0.0,0.0
CREB3L3,1,0,0.0,0.0,0.0,0.0,0.0,0.0
CREB3L4,1,1,1.0,2.0,0.0,1.0,1.0,0.0
CREBBP,15,5,0.3333333333333333,0.5333333333333333,0.06666666666666667,0.13333333333333333,0.2,0.13333333333333333
CRELD1,1,1,1.0,2.0,1.0,1.0,0.0,0.0
CRELD2,2,1,0.5,1.5,0.5,0.5,0.5,0.0
CREM,1,1,1.0,4.0,1.0,1.0,1.0,1.0
CRIPTO,1,1,1.0,1.0,1.0,0.0,0.0,0.0
CRISP2,1,0,0.0,0.0,0.0,0.0,0.0,0.0
CRLF1,1,0,0.0,0.0,0.0,0.0,0.0,0.0
CRLF3,2,2,1.0,2.5,0.5,1.0,1.0,0.0
CRMP1,1,1,1.0,2.0,1.0,0.0,1.0,0.0
CRNKL1,4,0,0.0,0.0,0.0,0.0,0.0,0.0
CRNN,2,2,1.0,1.5,1.0,0.5,0.0,0.0
CROCC,1,0,0.0,0.0,0.0,0.0,0.0,0.0
CROT,1,1,1.0,4.0,1.0,1.0,1.0,1.0
CRPPA,2,1,0.5,0.5,0.5,0.0,0.0,0.0
CRTAC1,1,1,1.0,2.0,1.0,0.0,1.0,0.0
CRTAM,2,0,0.0,0.0,0.0,0.0,0.0,0.0
CRTAP,3,1,0.3333333333333333,0.6666666666666666,0.3333333333333333,0.0,0.0,0.3333333333333333
CRTC2,1,0,0.0,0.0,0.0,0.0,0.0,0.0
CRX,6,3,0.5,1.0,0.16666666666666666,0.16666666666666666,0.3333333333333333,0.3333333333333333
CRYAA,4,0,0.0,0.0,0.0,0.0,0.0,0.0
CRYAB,1,0,0.0,0.0,0.0,0.0,0.0,0.0
CRYBB3,1,1,1.0,4.0,1.0,1.0,1.0,1.0
CRYGC,2,0,0.0,0.0,0.0,0.0,0.0,0.0
CRYZ,1,1,1.0,1.0,0.0,0.0,1.0,0.0
CSF1,4,0,0.0,0.0,0.0,0.0,0.0,0.0
CSF1R,4,1,0.25,0.25,0.0,0.25,0.0,0.0
CSF2,3,0,0.0,0.0,0.0,0.0,0.0,0.0
CSF2RB,1,0,0.0,0.0,0.0,0.0,0.0,0.0
CSF3R,1,0,0.0,0.0,0.0,0.0,0.0,0.0
CSGALNACT1,1,0,0.0,0.0,0.0,0.0,0.0,0.0
CSGALNACT2,1,1,1.0,1.0,0.0,0.0,1.0,0.0
CSHL1,1,0,0.0,0.0,0.0,0.0,0.0,0.0
CSMD1,2,1,0.5,2.0,0.5,0.5,0.5,0.5
CSMD2,1,1,1.0,3.0,1.0,1.0,1.0,0.0
CSMD3,1,1,1.0,2.0,0.0,1.0,1.0,0.0
CSN3,3,2,0.6666666666666666,1.0,0.6666666666666666,0.3333333333333333,0.0,0.0
CSNK1G2,3,3,1.0,3.0,1.0,0.6666666666666666,1.0,0.3333333333333333
CSNK2A1,3,2,0.6666666666666666,0.6666666666666666,0.0,0.3333333333333333,0.0,0.3333333333333333
CSNK2A2,1,1,1.0,2.0,1.0,0.0,1.0,0.0
CSPP1,1,0,0.0,0.0,0.0,0.0,0.0,0.0
CSRNP2,1,1,1.0,1.0,1.0,0.0,0.0,0.0
CSRP3,1,0,0.0,0.0,0.0,0.0,0.0,0.0
CST1,1,0,0.0,0.0,0.0,0.0,0.0,0.0
CST8,1,1,1.0,1.0,1.0,0.0,0.0,0.0
CSTB,1,0,0.0,0.0,0.0,0.0,0.0,0.0
CTAGE1,1,1,1.0,1.0,1.0,0.0,0.0,0.0
CTBS,2,0,0.0,0.0,0.0,0.0,0.0,0.0
CTDP1,2,2,1.0,2.5,1.0,1.0,0.5,0.0
CTH,2,0,0.0,0.0,0.0,0.0,0.0,0.0
CTHRC1,1,0,0.0,0.0,0.0,0.0,0.0,0.0
CTIF,1,1,1.0,1.0,1.0,0.0,0.0,0.0
CTNNA1,1,1,1.0,3.0,1.0,1.0,0.0,1.0
CTNNA3,1,0,0.0,0.0,0.0,0.0,0.0,0.0
CTNNAL1,5,3,0.6,1.2,0.4,0.2,0.6,0.0
CTNNB1,13,8,0.6153846153846154,1.1538461538461537,0.07692307692307693,0.38461538461538464,0.07692307692307693,0.6153846153846154
CTNND1,3,3,1.0,2.0,0.3333333333333333,0.6666666666666666,1.0,0.0
CTNND2,3,3,1.0,2.0,0.6666666666666666,0.6666666666666666,0.3333333333333333,0.3333333333333333
CTNS,4,1,0.25,0.25,0.25,0.0,0.0,0.0
CTPS1,1,1,1.0,3.0,1.0,1.0,1.0,0.0
CTRB1,1,0,0.0,0.0,0.0,0.0,0.0,0.0
CTRB2,1,0,0.0,0.0,0.0,0.0,0.0,0.0
CTRC,4,2,0.5,1.0,0.25,0.5,0.0,0.25
CTSA,3,1,0.3333333333333333,0.3333333333333333,0.0,0.3333333333333333,0.0,0.0
CTSB,2,2,1.0,4.0,1.0,1.0,1.0,1.0
CTSC,8,0,0.0,0.0,0.0,0.0,0.0,0.0
CTSD,2,0,0.0,0.0,0.0,0.0,0.0,0.0
CTSF,1,0,0.0,0.0,0.0,0.0,0.0,0.0
CTSG,1,0,0.0,0.0,0.0,0.0,0.0,0.0
CTSK,3,2,0.6666666666666666,1.0,0.6666666666666666,0.0,0.0,0.3333333333333333
CTSS,1,1,1.0,2.0,1.0,0.0,1.0,0.0
CTSZ,1,1,1.0,1.0,1.0,0.0,0.0,0.0
CTTNBP2NL,1,0,0.0,0.0,0.0,0.0,0.0,0.0
CTU2,1,0,0.0,0.0,0.0,0.0,0.0,0.0
CTXN3,1,0,0.0,0.0,0.0,0.0,0.0,0.0
CUBN,7,4,0.5714285714285714,1.4285714285714286,0.5714285714285714,0.42857142857142855,0.2857142857142857,0.14285714285714285
CUL3,2,1,0.5,0.5,0.0,0.0,0.5,0.0
CUL4B,1,0,0.0,0.0,0.0,0.0,0.0,0.0
CUL7,3,3,1.0,1.6666666666666667,0.6666666666666666,0.6666666666666666,0.3333333333333333,0.0
CUX1,1,0,0.0,0.0,0.0,0.0,0.0,0.0
CUX2,1,0,0.0,0.0,0.0,0.0,0.0,0.0
CWC22,1,1,1.0,2.0,0.0,1.0,1.0,0.0
CWF19L1,2,2,1.0,2.0,0.5,0.5,1.0,0.0
CWF19L2,1,1,1.0,3.0,1.0,1.0,1.0,0.0
CX3CR1,2,1,0.5,0.5,0.5,0.0,0.0,0.0
CXCL3,1,0,0.0,0.0,0.0,0.0,0.0,0.0
CXCR1,1,0,0.0,0.0,0.0,0.0,0.0,0.0
CXCR2,1,0,0.0,0.0,0.0,0.0,0.0,0.0
CXorf38,1,0,0.0,0.0,0.0,0.0,0.0,0.0
CXorf66,1,0,0.0,0.0,0.0,0.0,0.0,0.0
CYB5D1,1,1,1.0,3.0,1.0,1.0,1.0,0.0
CYB5R3,2,0,0.0,0.0,0.0,0.0,0.0,0.0
CYBA,8,2,0.25,0.75,0.0,0.25,0.25,0.25
CYBB,16,0,0.0,0.0,0.0,0.0,0.0,0.0
CYBRD1,1,0,0.0,0.0,0.0,0.0,0.0,0.0
CYC1,1,0,0.0,0.0,0.0,0.0,0.0,0.0
CYCS,1,1,1.0,2.0,1.0,0.0,1.0,0.0
CYLC2,2,2,1.0,1.5,1.0,0.5,0.0,0.0
CYP11A1,1,0,0.0,0.0,0.0,0.0,0.0,0.0
CYP11B1,23,8,0.34782608695652173,0.8695652173913043,0.21739130434782608,0.21739130434782608,0.17391304347826086,0.2608695652173913
CYP11B2,3,3,1.0,2.0,0.3333333333333333,0.3333333333333333,0.3333333333333333,1.0
CYP17A1,9,1,0.1111111111111111,0.4444444444444444,0.1111111111111111,0.1111111111111111,0.1111111111111111,0.1111111111111111
CYP19A1,1,1,1.0,2.0,1.0,0.0,1.0,0.0
CYP1A1,11,9,0.8181818181818182,1.8181818181818181,0.6363636363636364,0.45454545454545453,0.5454545454545454,0.18181818181818182
CYP20A1,1,1,1.0,1.0,0.0,0.0,1.0,0.0
CYP24A1,2,0,0.0,0.0,0.0,0.0,0.0,0.0
CYP26B1,4,3,0.75,1.75,0.75,0.25,0.75,0.0
CYP27A1,4,0,0.0,0.0,0.0,0.0,0.0,0.0
CYP27B1,5,0,0.0,0.0,0.0,0.0,0.0,0.0
CYP2A6,12,6,0.5,1.0833333333333333,0.5,0.3333333333333333,0.25,0.0
CYP2A7,4,3,0.75,2.25,0.75,0.5,0.75,0.25
CYP2B6,11,6,0.5454545454545454,1.4545454545454546,0.5454545454545454,0.45454545454545453,0.36363636363636365,0.09090909090909091
CYP2C18,1,1,1.0,2.0,1.0,1.0,0.0,0.0
CYP2C19,6,5,0.8333333333333334,2.5,0.8333333333333334,0.6666666666666666,0.6666666666666666,0.3333333333333333
CYP2C8,4,1,0.25,0.5,0.25,0.25,0.0,0.0
CYP2C9,6,5,0.8333333333333334,2.0,0.6666666666666666,0.8333333333333334,0.5,0.0
CYP2E1,1,1,1.0,1.0,0.0,1.0,0.0,0.0
CYP2F1,1,1,1.0,3.0,1.0,1.0,1.0,0.0
CYP2J2,2,2,1.0,2.5,0.5,0.5,1.0,0.5
CYP2R1,1,0,0.0,0.0,0.0,0.0,0.0,0.0
CYP2U1,2,1,0.5,1.0,0.0,0.5,0.0,0.5
CYP2W1,1,0,0.0,0.0,0.0,0.0,0.0,0.0
CYP39A1,1,0,0.0,0.0,0.0,0.0,0.0,0.0
CYP3A4,8,4,0.5,1.375,0.375,0.5,0.375,0.125
CYP3A43,3,3,1.0,2.0,1.0,0.0,1.0,0.0
CYP3A5,4,2,0.5,1.5,0.5,0.5,0.5,0.0
CYP4A11,1,0,0.0,0.0,0.0,0.0,0.0,0.0
CYP4A22,4,2,0.5,1.25,0.5,0.25,0.5,0.0
CYP4B1,4,4,1.0,2.5,1.0,0.5,0.75,0.25
CYP4F11,3,1,0.3333333333333333,0.6666666666666666,0.3333333333333333,0.3333333333333333,0.0,0.0
CYP4F12,2,1,0.5,0.5,0.0,0.5,0.0,0.0
CYP4F2,3,3,1.0,2.3333333333333335,1.0,0.6666666666666666,0.6666666666666666,0.0
CYP4F22,3,2,0.6666666666666666,2.0,0.3333333333333333,0.6666666666666666,0.6666666666666666,0.3333333333333333
CYP4F3,2,0,0.0,0.0,0.0,0.0,0.0,0.0
CYP4V2,5,2,0.4,0.8,0.4,0.2,0.0,0.2
CYP7A1,1,0,0.0,0.0,0.0,0.0,0.0,0.0
CYP7B1,7,2,0.2857142857142857,0.2857142857142857,0.14285714285714285,0.0,0.0,0.14285714285714285
CYP8B1,4,0,0.0,0.0,0.0,0.0,0.0,0.0
CYSTM1,1,1,1.0,4.0,1.0,1.0,1.0,1.0
CYTH4,1,1,1.0,2.0,1.0,0.0,1.0,0.0
CYYR1,4,4,1.0,2.25,0.25,1.0,1.0,0.0
D2HGDH,2,2,1.0,2.5,0.5,1.0,0.5,0.5
DAAM2,1,1,1.0,4.0,1.0,1.0,1.0,1.0
DACT1,2,1,0.5,1.0,0.5,0.0,0.5,0.0
DACT2,1,0,0.0,0.0,0.0,0.0,0.0,0.0
DAG1,2,0,0.0,0.0,0.0,0.0,0.0,0.0
DALRD3,1,0,0.0,0.0,0.0,0.0,0.0,0.0
DAO,3,3,1.0,4.0,1.0,1.0,1.0,1.0
DAOA,1,1,1.0,1.0,1.0,0.0,0.0,0.0
DAP3,1,1,1.0,2.0,0.0,1.0,1.0,0.0
DAPK1,3,2,0.6666666666666666,0.6666666666666666,0.0,0.0,0.6666666666666666,0.0
DAPK2,1,1,1.0,3.0,1.0,1.0,1.0,0.0
DAPL1,1,0,0.0,0.0,0.0,0.0,0.0,0.0
DARS1,3,0,0.0,0.0,0.0,0.0,0.0,0.0
DAW1,3,2,0.6666666666666666,2.0,0.3333333333333333,0.6666666666666666,0.6666666666666666,0.3333333333333333
DAZL,1,0,0.0,0.0,0.0,0.0,0.0,0.0
DBH,3,1,0.3333333333333333,1.0,0.3333333333333333,0.3333333333333333,0.3333333333333333,0.0
DBI,4,4,1.0,2.25,0.75,0.5,1.0,0.0
DBT,1,0,0.0,0.0,0.0,0.0,0.0,0.0
DBX2,1,0,0.0,0.0,0.0,0.0,0.0,0.0
DCAF16,1,0,0.0,0.0,0.0,0.0,0.0,0.0
DCAF4,2,1,0.5,0.5,0.5,0.0,0.0,0.0
DCAF6,1,0,0.0,0.0,0.0,0.0,0.0,0.0
DCAF8,1,1,1.0,1.0,0.0,1.0,0.0,0.0
DCAF8L1,1,0,0.0,0.0,0.0,0.0,0.0,0.0
DCC,2,0,0.0,0.0,0.0,0.0,0.0,0.0
DCHS1,3,1,0.3333333333333333,0.3333333333333333,0.3333333333333333,0.0,0.0,0.0
DCLK2,2,2,1.0,2.5,0.5,0.5,1.0,0.5
DCLK3,1,1,1.0,1.0,1.0,0.0,0.0,0.0
DCLRE1A,3,2,0.6666666666666666,1.3333333333333333,0.3333333333333333,0.3333333333333333,0.6666666666666666,0.0
DCN,1,1,1.0,2.0,1.0,0.0,1.0,0.0
DCP1B,1,0,0.0,0.0,0.0,0.0,0.0,0.0
DCPS,1,1,1.0,1.0,0.0,0.0,1.0,0.0
DCTN1,3,1,0.3333333333333333,0.6666666666666666,0.3333333333333333,0.0,0.3333333333333333,0.0
DDB2,2,1,0.5,1.5,0.5,0.5,0.5,0.0
DDC,5,2,0.4,0.8,0.2,0.2,0.2,0.2
DDIAS,1,0,0.0,0.0,0.0,0.0,0.0,0.0
DDN,1,0,0.0,0.0,0.0,0.0,0.0,0.0
DDR1,1,1,1.0,4.0,1.0,1.0,1.0,1.0
DDR2,4,2,0.5,0.5,0.0,0.0,0.5,0.0
DDX11,2,0,0.0,0.0,0.0,0.0,0.0,0.0
DDX20,2,0,0.0,0.0,0.0,0.0,0.0,0.0
DDX3X,3,1,0.3333333333333333,0.6666666666666666,0.0,0.3333333333333333,0.0,0.3333333333333333
DDX43,1,0,0.0,0.0,0.0,0.0,0.0,0.0
DDX51,1,1,1.0,2.0,1.0,0.0,1.0,0.0
DDX53,1,1,1.0,3.0,1.0,1.0,1.0,0.0
DDX59,1,1,1.0,2.0,1.0,0.0,1.0,0.0
DDX60,1,0,0.0,0.0,0.0,0.0,0.0,0.0
DDX60L,2,0,0.0,0.0,0.0,0.0,0.0,0.0
DEF6,1,1,1.0,2.0,1.0,0.0,1.0,0.0
DEFA4,1,0,0.0,0.0,0.0,0.0,0.0,0.0
DEFB1,2,1,0.5,2.0,0.5,0.5,0.5,0.5
DEFB108B,1,1,1.0,1.0,1.0,0.0,0.0,0.0
DEFB125,1,0,0.0,0.0,0.0,0.0,0.0,0.0
DEFB129,1,0,0.0,0.0,0.0,0.0,0.0,0.0
DEGS1,2,1,0.5,0.5,0.0,0.0,0.0,0.5
DEGS2,2,1,0.5,0.5,0.0,0.0,0.5,0.0
DEK,1,0,0.0,0.0,0.0,0.0,0.0,0.0
DELE1,1,0,0.0,0.0,0.0,0.0,0.0,0.0
DENND1B,1,0,0.0,0.0,0.0,0.0,0.0,0.0
DENND2A,1,1,1.0,2.0,1.0,0.0,1.0,0.0
DENND2C,1,0,0.0,0.0,0.0,0.0,0.0,0.0
DENND5B,1,1,1.0,2.0,1.0,0.0,1.0,0.0
DEPDC5,5,3,0.6,1.2,0.2,0.4,0.0,0.6
DERL1,1,0,0.0,0.0,0.0,0.0,0.0,0.0
DES,14,6,0.42857142857142855,0.5714285714285714,0.21428571428571427,0.14285714285714285,0.07142857142857142,0.14285714285714285
DEUP1,2,1,0.5,1.5,0.5,0.5,0.5,0.0
DFFB,1,0,0.0,0.0,0.0,0.0,0.0,0.0
DGCR6L,1,0,0.0,0.0,0.0,0.0,0.0,0.0
DGKE,1,1,1.0,3.0,1.0,1.0,0.0,1.0
DGKG,1,0,0.0,0.0,0.0,0.0,0.0,0.0
DGLUCY,1,1,1.0,3.0,1.0,1.0,1.0,0.0
DGUOK,2,1,0.5,2.0,0.5,0.5,0.5,0.5
DHCR7,14,4,0.2857142857142857,0.8571428571428571,0.2857142857142857,0.2857142857142857,0.14285714285714285,0.14285714285714285
DHDDS,1,0,0.0,0.0,0.0,0.0,0.0,0.0
DHDH,2,1,0.5,1.0,0.5,0.0,0.5,0.0
DHFR2,1,0,0.0,0.0,0.0,0.0,0.0,0.0
DHODH,4,1,0.25,0.75,0.25,0.0,0.25,0.25
DHRS13,1,0,0.0,0.0,0.0,0.0,0.0,0.0
DHRS7C,1,1,1.0,3.0,1.0,1.0,1.0,0.0
DHTKD1,3,1,0.3333333333333333,0.3333333333333333,0.0,0.0,0.0,0.3333333333333333
DHX30,2,0,0.0,0.0,0.0,0.0,0.0,0.0
DHX34,1,0,0.0,0.0,0.0,0.0,0.0,0.0
DHX35,4,4,1.0,1.5,1.0,0.0,0.5,0.0
DHX36,3,3,1.0,1.6666666666666667,0.3333333333333333,0.3333333333333333,1.0,0.0
DHX37,5,2,0.4,0.4,0.0,0.0,0.2,0.2
DHX58,1,0,0.0,0.0,0.0,0.0,0.0,0.0
DHX9,1,1,1.0,1.0,0.0,0.0,1.0,0.0
DIDO1,5,0,0.0,0.0,0.0,0.0,0.0,0.0
DIPK1B,2,2,1.0,2.0,1.0,0.5,0.5,0.0
DIS3L,1,1,1.0,2.0,1.0,0.0,1.0,0.0
DIS3L2,3,2,0.6666666666666666,1.0,0.0,0.3333333333333333,0.0,0.6666666666666666
DISC1,3,2,0.6666666666666666,0.6666666666666666,0.3333333333333333,0.3333333333333333,0.0,0.0
DISP1,2,0,0.0,0.0,0.0,0.0,0.0,0.0
DISP2,2,2,1.0,2.0,1.0,0.0,1.0,0.0
DISP3,1,1,1.0,1.0,1.0,0.0,0.0,0.0
DKC1,8,3,0.375,0.875,0.25,0.375,0.125,0.125
DKK2,1,1,1.0,2.0,0.0,1.0,1.0,0.0
DKK3,1,1,1.0,1.0,0.0,0.0,1.0,0.0
DKKL1,5,4,0.8,1.0,0.8,0.0,0.2,0.0
DLAT,4,1,0.25,0.75,0.25,0.25,0.25,0.0
DLC1,3,0,0.0,0.0,0.0,0.0,0.0,0.0
DLD,5,0,0.0,0.0,0.0,0.0,0.0,0.0
DLEU7,1,0,0.0,0.0,0.0,0.0,0.0,0.0
DLG1,1,1,1.0,3.0,1.0,1.0,1.0,0.0
DLG5,3,0,0.0,0.0,0.0,0.0,0.0,0.0
DLGAP4,1,0,0.0,0.0,0.0,0.0,0.0,0.0
DLK1,1,0,0.0,0.0,0.0,0.0,0.0,0.0
DLL3,1,1,1.0,2.0,1.0,0.0,1.0,0.0
DLL4,1,0,0.0,0.0,0.0,0.0,0.0,0.0
DMAC1,1,0,0.0,0.0,0.0,0.0,0.0,0.0
DMAC2,2,1,0.5,0.5,0.5,0.0,0.0,0.0
DMBT1,8,2,0.25,0.625,0.25,0.125,0.25,0.0
DMD,12,3,0.25,0.4166666666666667,0.25,0.0,0.0,0.16666666666666666
DMGDH,2,1,0.5,1.0,0.5,0.0,0.5,0.0
DMKN,4,1,0.25,0.25,0.25,0.0,0.0,0.0
DMP1,1,0,0.0,0.0,0.0,0.0,0.0,0.0
DMRT2,1,1,1.0,3.0,1.0,1.0,1.0,0.0
DMRT3,1,0,0.0,0.0,0.0,0.0,0.0,0.0
DMTF1,1,1,1.0,1.0,0.0,0.0,1.0,0.0
DMXL1,2,1,0.5,1.5,0.5,0.0,0.5,0.5
DMXL2,3,1,0.3333333333333333,0.6666666666666666,0.0,0.3333333333333333,0.3333333333333333,0.0
DNA2,1,0,0.0,0.0,0.0,0.0,0.0,0.0
DNAAF1,5,2,0.4,0.4,0.2,0.2,0.0,0.0
DNAAF10,1,0,0.0,0.0,0.0,0.0,0.0,0.0
DNAAF3,4,3,0.75,1.25,0.5,0.25,0.25,0.25
DNAAF4,1,1,1.0,3.0,1.0,1.0,1.0,0.0
DNAAF8,1,0,0.0,0.0,0.0,0.0,0.0,0.0
DNAAF9,1,1,1.0,1.0,0.0,0.0,1.0,0.0
DNAH12,1,0,0.0,0.0,0.0,0.0,0.0,0.0
DNAH14,1,0,0.0,0.0,0.0,0.0,0.0,0.0
DNAH2,2,2,1.0,2.5,0.5,1.0,1.0,0.0
DNAH3,7,6,0.8571428571428571,2.4285714285714284,0.8571428571428571,0.7142857142857143,0.7142857142857143,0.14285714285714285
DNAH5,9,1,0.1111111111111111,0.1111111111111111,0.1111111111111111,0.0,0.0,0.0
DNAH7,8,4,0.5,0.75,0.125,0.125,0.5,0.0
DNAH8,4,0,0.0,0.0,0.0,0.0,0.0,0.0
DNAH9,5,4,0.8,1.8,0.6,0.4,0.8,0.0
DNAI1,1,1,1.0,2.0,1.0,0.0,1.0,0.0
DNAI4,1,1,1.0,1.0,1.0,0.0,0.0,0.0
DNAJA4,1,1,1.0,1.0,0.0,0.0,1.0,0.0
DNAJB11,1,0,0.0,0.0,0.0,0.0,0.0,0.0
DNAJB13,1,0,0.0,0.0,0.0,0.0,0.0,0.0
DNAJB8,1,0,0.0,0.0,0.0,0.0,0.0,0.0
DNAJC13,7,7,1.0,2.5714285714285716,0.42857142857142855,0.7142857142857143,1.0,0.42857142857142855
DNAJC30,1,0,0.0,0.0,0.0,0.0,0.0,0.0
DNAJC5G,1,0,0.0,0.0,0.0,0.0,0.0,0.0
DNAJC6,3,2,0.6666666666666666,1.6666666666666667,0.3333333333333333,0.3333333333333333,0.6666666666666666,0.3333333333333333
DNASE1,5,5,1.0,3.0,1.0,0.8,0.8,0.4
DNASE1L3,1,0,0.0,0.0,0.0,0.0,0.0,0.0
DNASE2,3,1,0.3333333333333333,1.0,0.3333333333333333,0.3333333333333333,0.3333333333333333,0.0
DNHD1,2,1,0.5,1.5,0.5,0.5,0.5,0.0
DNLZ,1,0,0.0,0.0,0.0,0.0,0.0,0.0
DNM1,2,1,0.5,1.5,0.5,0.5,0.5,0.0
DNM1L,4,0,0.0,0.0,0.0,0.0,0.0,0.0
DNM2,7,5,0.7142857142857143,1.5714285714285714,0.42857142857142855,0.5714285714285714,0.2857142857142857,0.2857142857142857
DNMBP,1,1,1.0,3.0,1.0,1.0,1.0,0.0
DNMT1,4,0,0.0,0.0,0.0,0.0,0.0,0.0
DNMT3A,3,0,0.0,0.0,0.0,0.0,0.0,0.0
DNMT3B,1,0,0.0,0.0,0.0,0.0,0.0,0.0
DNTTIP2,1,1,1.0,3.0,1.0,1.0,1.0,0.0
DOCK4,5,5,1.0,1.4,0.4,0.2,0.8,0.0
DOCK5,1,0,0.0,0.0,0.0,0.0,0.0,0.0
DOCK8,10,10,1.0,1.8,0.5,0.4,0.8,0.1
DOCK9,1,0,0.0,0.0,0.0,0.0,0.0,0.0
DOK7,13,6,0.46153846153846156,0.7692307692307693,0.23076923076923078,0.23076923076923078,0.23076923076923078,0.07692307692307693
DOP1B,1,1,1.0,1.0,1.0,0.0,0.0,0.0
DOT1L,3,2,0.6666666666666666,0.6666666666666666,0.3333333333333333,0.0,0.0,0.3333333333333333
DPAGT1,3,0,0.0,0.0,0.0,0.0,0.0,0.0
DPCD,1,1,1.0,2.0,1.0,1.0,0.0,0.0
DPEP1,2,0,0.0,0.0,0.0,0.0,0.0,0.0
DPF2,1,0,0.0,0.0,0.0,0.0,0.0,0.0
DPM1,1,1,1.0,1.0,1.0,0.0,0.0,0.0
DPM3,1,0,0.0,0.0,0.0,0.0,0.0,0.0
DPP10,3,1,0.3333333333333333,0.3333333333333333,0.0,0.0,0.3333333333333333,0.0
DPP3,1,1,1.0,2.0,0.0,1.0,1.0,0.0
DPPA3,1,0,0.0,0.0,0.0,0.0,0.0,0.0
DPY19L1,1,1,1.0,1.0,0.0,0.0,1.0,0.0
DPY19L2,3,0,0.0,0.0,0.0,0.0,0.0,0.0
DPYD,4,2,0.5,1.75,0.5,0.5,0.5,0.25
DPYS,1,0,0.0,0.0,0.0,0.0,0.0,0.0
DR1,1,0,0.0,0.0,0.0,0.0,0.0,0.0
DRAM2,2,0,0.0,0.0,0.0,0.0,0.0,0.0
DRC1,3,2,0.6666666666666666,1.3333333333333333,0.6666666666666666,0.3333333333333333,0.3333333333333333,0.0
DRC3,3,2,0.6666666666666666,2.0,0.6666666666666666,0.6666666666666666,0.6666666666666666,0.0
DRC7,7,5,0.7142857142857143,1.1428571428571428,0.2857142857142857,0.5714285714285714,0.2857142857142857,0.0
DRD1,2,2,1.0,3.5,1.0,1.0,1.0,0.5
DRD5,4,2,0.5,1.25,0.5,0.0,0.5,0.25
DRICH1,2,1,0.5,1.0,0.5,0.5,0.0,0.0
DSC2,2,2,1.0,1.0,0.5,0.0,0.0,0.5
DSC3,1,1,1.0,1.0,1.0,0.0,0.0,0.0
DSCC1,1,0,0.0,0.0,0.0,0.0,0.0,0.0
DSE,1,1,1.0,2.0,1.0,0.0,1.0,0.0
DSG1,4,0,0.0,0.0,0.0,0.0,0.0,0.0
DSG2,6,2,0.3333333333333333,0.6666666666666666,0.16666666666666666,0.16666666666666666,0.3333333333333333,0.0
DSG4,1,0,0.0,0.0,0.0,0.0,0.0,0.0
DSP,7,4,0.5714285714285714,1.2857142857142858,0.42857142857142855,0.2857142857142857,0.2857142857142857,0.2857142857142857
DST,1,1,1.0,2.0,1.0,1.0,0.0,0.0
DSTYK,1,0,0.0,0.0,0.0,0.0,0.0,0.0
DTD2,1,0,0.0,0.0,0.0,0.0,0.0,0.0
DTHD1,1,0,0.0,0.0,0.0,0.0,0.0,0.0
DTL,1,0,0.0,0.0,0.0,0.0,0.0,0.0
DTNA,1,1,1.0,4.0,1.0,1.0,1.0,1.0
DTWD1,1,0,0.0,0.0,0.0,0.0,0.0,0.0
DTX3L,2,1,0.5,0.5,0.5,0.0,0.0,0.0
DTYMK,1,0,0.0,0.0,0.0,0.0,0.0,0.0
DUOX1,1,0,0.0,0.0,0.0,0.0,0.0,0.0
DUOX2,3,1,0.3333333333333333,0.3333333333333333,0.0,0.0,0.0,0.3333333333333333
DUOXA1,1,1,1.0,3.0,1.0,1.0,1.0,0.0
DUS3L,1,0,0.0,0.0,0.0,0.0,0.0,0.0
DUSP1,1,1,1.0,1.0,0.0,0.0,1.0,0.0
DUSP12,1,1,1.0,3.0,1.0,1.0,1.0,0.0
DUSP19,1,1,1.0,1.0,1.0,0.0,0.0,0.0
DUSP5,3,0,0.0,0.0,0.0,0.0,0.0,0.0
DUSP6,5,5,1.0,2.2,0.8,0.4,0.6,0.4
DUSP7,1,1,1.0,1.0,0.0,0.0,1.0,0.0
DVL3,1,1,1.0,4.0,1.0,1.0,1.0,1.0
DXO,1,0,0.0,0.0,0.0,0.0,0.0,0.0
DYNAP,1,1,1.0,1.0,1.0,0.0,0.0,0.0
DYNC1H1,11,6,0.5454545454545454,1.1818181818181819,0.36363636363636365,0.2727272727272727,0.09090909090909091,0.45454545454545453
DYNC1LI1,1,1,1.0,1.0,1.0,0.0,0.0,0.0
DYNC2H1,11,7,0.6363636363636364,1.7272727272727273,0.45454545454545453,0.5454545454545454,0.2727272727272727,0.45454545454545453
DYNC2I1,2,1,0.5,0.5,0.0,0.0,0.0,0.5
DYNC2I2,5,4,0.8,2.2,0.4,0.8,0.4,0.6
DYNC2LI1,3,2,0.6666666666666666,1.3333333333333333,0.3333333333333333,0.3333333333333333,0.0,0.6666666666666666
DYNLT2,2,1,0.5,1.0,0.0,0.5,0.5,0.0
DYNLT5,2,0,0.0,0.0,0.0,0.0,0.0,0.0
DYRK1A,1,1,1.0,3.0,1.0,1.0,1.0,0.0
DYRK1B,1,1,1.0,1.0,0.0,0.0,1.0,0.0
DYRK2,2,2,1.0,2.5,0.5,0.5,1.0,0.5
DYRK4,2,1,0.5,0.5,0.5,0.0,0.0,0.0
DYSF,25,9,0.36,1.0,0.28,0.2,0.32,0.2
DYTN,2,2,1.0,2.5,1.0,0.5,0.5,0.5
DZIP1,1,0,0.0,0.0,0.0,0.0,0.0,0.0
DZIP1L,3,1,0.3333333333333333,0.3333333333333333,0.3333333333333333,0.0,0.0,0.0
E2F1,1,0,0.0,0.0,0.0,0.0,0.0,0.0
E2F2,1,1,1.0,2.0,0.0,1.0,1.0,0.0
E2F4,1,0,0.0,0.0,0.0,0.0,0.0,0.0
E4F1,3,0,0.0,0.0,0.0,0.0,0.0,0.0
EARS2,4,2,0.5,1.0,0.25,0.25,0.0,0.5
EBF3,4,3,0.75,1.0,0.0,0.25,0.0,0.75
EBNA1BP2,2,0,0.0,0.0,0.0,0.0,0.0,0.0
EBP,3,0,0.0,0.0,0.0,0.0,0.0,0.0
ECD,1,1,1.0,3.0,1.0,1.0,1.0,0.0
ECE1,1,1,1.0,3.0,1.0,1.0,0.0,1.0
ECEL1,1,1,1.0,3.0,1.0,1.0,1.0,0.0
ECHDC3,3,2,0.6666666666666666,1.0,0.3333333333333333,0.3333333333333333,0.3333333333333333,0.0
ECHS1,6,3,0.5,1.3333333333333333,0.16666666666666666,0.5,0.16666666666666666,0.5
ECM1,3,0,0.0,0.0,0.0,0.0,0.0,0.0
ECM2,3,1,0.3333333333333333,0.3333333333333333,0.0,0.3333333333333333,0.0,0.0
ECT2,1,1,1.0,2.0,1.0,0.0,1.0,0.0
ECT2L,1,0,0.0,0.0,0.0,0.0,0.0,0.0
EDA,5,0,0.0,0.0,0.0,0.0,0.0,0.0
EDAR,3,1,0.3333333333333333,1.3333333333333333,0.3333333333333333,0.3333333333333333,0.3333333333333333,0.3333333333333333
EDC3,1,0,0.0,0.0,0.0,0.0,0.0,0.0
EDN1,3,0,0.0,0.0,0.0,0.0,0.0,0.0
EDN3,1,0,0.0,0.0,0.0,0.0,0.0,0.0
EDNRB,2,2,1.0,1.5,1.0,0.5,0.0,0.0
EED,1,1,1.0,1.0,0.0,0.0,0.0,1.0
EEF1A2,1,0,0.0,0.0,0.0,0.0,0.0,0.0
EEF2K,1,0,0.0,0.0,0.0,0.0,0.0,0.0
EEF2KMT,1,0,0.0,0.0,0.0,0.0,0.0,0.0
EEFSEC,1,0,0.0,0.0,0.0,0.0,0.0,0.0
EEPD1,2,0,0.0,0.0,0.0,0.0,0.0,0.0
EFCAB11,2,2,1.0,4.0,1.0,1.0,1.0,1.0
EFCAB12,1,0,0.0,0.0,0.0,0.0,0.0,0.0
EFCAB13,1,1,1.0,1.0,0.0,0.0,1.0,0.0
EFCAB5,1,1,1.0,1.0,1.0,0.0,0.0,0.0
EFCAB6,3,1,0.3333333333333333,0.3333333333333333,0.3333333333333333,0.0,0.0,0.0
EFCAB7,2,0,0.0,0.0,0.0,0.0,0.0,0.0
EFEMP1,1,0,0.0,0.0,0.0,0.0,0.0,0.0
EFHB,2,1,0.5,0.5,0.5,0.0,0.0,0.0
EFHC1,6,4,0.6666666666666666,1.8333333333333333,0.3333333333333333,0.6666666666666666,0.16666666666666666,0.6666666666666666
EFL1,2,2,1.0,3.5,1.0,1.0,1.0,0.5
EFNB1,6,1,0.16666666666666666,0.3333333333333333,0.0,0.0,0.16666666666666666,0.16666666666666666
EFR3A,9,7,0.7777777777777778,2.6666666666666665,0.6666666666666666,0.7777777777777778,0.7777777777777778,0.4444444444444444
EFS,1,1,1.0,2.0,1.0,0.0,1.0,0.0
EFTUD2,1,0,0.0,0.0,0.0,0.0,0.0,0.0
EGF,2,2,1.0,1.5,0.5,0.5,0.5,0.0
EGFLAM,2,2,1.0,2.0,0.5,1.0,0.5,0.0
EGFR,10,8,0.8,2.7,0.7,0.8,0.7,0.5
EGLN1,1,0,0.0,0.0,0.0,0.0,0.0,0.0
EGLN3,3,2,0.6666666666666666,1.6666666666666667,0.6666666666666666,0.3333333333333333,0.6666666666666666,0.0
EGR1,4,3,0.75,1.25,0.75,0.0,0.5,0.0
EGR2,1,1,1.0,1.0,0.0,0.0,0.0,1.0
EHBP1L1,3,1,0.3333333333333333,0.3333333333333333,0.3333333333333333,0.0,0.0,0.0
EHHADH,4,1,0.25,0.25,0.25,0.0,0.0,0.0
EID2,1,0,0.0,0.0,0.0,0.0,0.0,0.0
EIF1,2,2,1.0,2.5,1.0,0.0,1.0,0.5
EIF1AD,1,1,1.0,1.0,0.0,0.0,1.0,0.0
EIF2A,1,1,1.0,1.0,0.0,0.0,1.0,0.0
EIF2AK1,1,0,0.0,0.0,0.0,0.0,0.0,0.0
EIF2AK3,2,2,1.0,2.5,1.0,0.5,1.0,0.0
EIF2AK4,4,2,0.5,0.75,0.25,0.0,0.5,0.0
EIF2B1,1,0,0.0,0.0,0.0,0.0,0.0,0.0
EIF2B2,2,0,0.0,0.0,0.0,0.0,0.0,0.0
EIF2B3,2,2,1.0,1.5,0.5,1.0,0.0,0.0
EIF2B4,1,1,1.0,2.0,1.0,0.0,1.0,0.0
EIF2B5,3,2,0.6666666666666666,0.6666666666666666,0.3333333333333333,0.3333333333333333,0.0,0.0
EIF2S3,2,2,1.0,2.5,0.5,0.5,1.0,0.5
EIF3A,1,1,1.0,3.0,1.0,1.0,1.0,0.0
EIF3D,1,1,1.0,3.0,1.0,1.0,1.0,0.0
EIF3F,2,0,0.0,0.0,0.0,0.0,0.0,0.0
EIF4G1,4,2,0.5,1.25,0.25,0.25,0.5,0.25
EIF4G3,1,0,0.0,0.0,0.0,0.0,0.0,0.0
EIF5B,1,1,1.0,3.0,1.0,1.0,1.0,0.0
ELAC2,4,3,0.75,0.75,0.5,0.0,0.0,0.25
ELANE,13,5,0.38461538461538464,0.6923076923076923,0.15384615384615385,0.0,0.3076923076923077,0.23076923076923078
ELAPOR1,2,1,0.5,1.0,0.5,0.0,0.5,0.0
ELAPOR2,2,1,0.5,0.5,0.5,0.0,0.0,0.0
ELF1,2,1,0.5,0.5,0.5,0.0,0.0,0.0
ELF4,2,1,0.5,0.5,0.5,0.0,0.0,0.0
ELK1,1,0,0.0,0.0,0.0,0.0,0.0,0.0
ELL,1,1,1.0,1.0,0.0,1.0,0.0,0.0
ELMOD3,1,0,0.0,0.0,0.0,0.0,0.0,0.0
ELOA2,2,1,0.5,0.5,0.0,0.5,0.0,0.0
ELOVL2,1,1,1.0,2.0,0.0,1.0,1.0,0.0
ELOVL4,1,1,1.0,2.0,1.0,1.0,0.0,0.0
ELP1,4,1,0.25,0.5,0.25,0.0,0.0,0.25
ELP2,1,1,1.0,1.0,0.0,0.0,1.0,0.0
ELSPBP1,1,1,1.0,3.0,1.0,1.0,0.0,1.0
EMC1,3,1,0.3333333333333333,0.6666666666666666,0.0,0.3333333333333333,0.3333333333333333,0.0
EMC9,1,1,1.0,3.0,1.0,1.0,1.0,0.0
EMD,1,1,1.0,1.0,0.0,0.0,0.0,1.0
EME1,2,1,0.5,1.0,0.0,0.5,0.5,0.0
EMILIN1,1,0,0.0,0.0,0.0,0.0,0.0,0.0
EMILIN2,2,0,0.0,0.0,0.0,0.0,0.0,0.0
EML4,1,1,1.0,1.0,1.0,0.0,0.0,0.0
ENAM,2,1,0.5,0.5,0.0,0.0,0.0,0.5
ENDOG,1,0,0.0,0.0,0.0,0.0,0.0,0.0
ENDOV,4,1,0.25,0.75,0.25,0.25,0.25,0.0
ENG,2,2,1.0,1.5,0.5,0.0,0.0,1.0
ENOSF1,1,1,1.0,3.0,1.0,1.0,1.0,0.0
ENPEP,3,1,0.3333333333333333,0.6666666666666666,0.0,0.3333333333333333,0.3333333333333333,0.0
ENPP2,1,1,1.0,3.0,1.0,1.0,1.0,0.0
ENPP3,3,2,0.6666666666666666,2.3333333333333335,0.6666666666666666,0.6666666666666666,0.6666666666666666,0.3333333333333333
ENPP4,2,0,0.0,0.0,0.0,0.0,0.0,0.0
ENPP5,1,0,0.0,0.0,0.0,0.0,0.0,0.0
ENPP6,1,0,0.0,0.0,0.0,0.0,0.0,0.0
ENTHD1,1,1,1.0,2.0,1.0,0.0,1.0,0.0
ENTPD3,3,1,0.3333333333333333,1.0,0.3333333333333333,0.3333333333333333,0.3333333333333333,0.0
ENTPD5,1,0,0.0,0.0,0.0,0.0,0.0,0.0
ENTPD8,3,1,0.3333333333333333,0.6666666666666666,0.3333333333333333,0.0,0.3333333333333333,0.0
ENTR1,1,0,0.0,0.0,0.0,0.0,0.0,0.0
ENTREP1,1,0,0.0,0.0,0.0,0.0,0.0,0.0
ENTREP2,1,0,0.0,0.0,0.0,0.0,0.0,0.0
ENTREP3,1,1,1.0,3.0,1.0,1.0,1.0,0.0
EP300,1,0,0.0,0.0,0.0,0.0,0.0,0.0
EPAS1,1,0,0.0,0.0,0.0,0.0,0.0,0.0
EPB41,2,2,1.0,2.0,0.5,0.0,1.0,0.5
EPB41L3,1,0,0.0,0.0,0.0,0.0,0.0,0.0
EPB41L5,1,0,0.0,0.0,0.0,0.0,0.0,0.0
EPG5,1,0,0.0,0.0,0.0,0.0,0.0,0.0
EPHA1,1,0,0.0,0.0,0.0,0.0,0.0,0.0
EPHA10,3,2,0.6666666666666666,1.6666666666666667,0.6666666666666666,0.3333333333333333,0.6666666666666666,0.0
EPHA2,2,2,1.0,2.0,1.0,0.5,0.5,0.0
EPHA3,2,1,0.5,1.5,0.5,0.5,0.5,0.0
EPHA5,4,3,0.75,1.75,0.25,0.5,0.75,0.25
EPHA8,1,1,1.0,1.0,0.0,0.0,1.0,0.0
EPHB1,1,0,0.0,0.0,0.0,0.0,0.0,0.0
EPHB2,5,2,0.4,0.8,0.0,0.4,0.0,0.4
EPHB3,2,0,0.0,0.0,0.0,0.0,0.0,0.0
EPHB4,2,2,1.0,2.5,0.5,0.5,1.0,0.5
EPHX1,6,2,0.3333333333333333,0.3333333333333333,0.3333333333333333,0.0,0.0,0.0
EPHX2,6,3,0.5,1.5,0.5,0.3333333333333333,0.5,0.16666666666666666
EPM2A,2,2,1.0,1.0,0.0,1.0,0.0,0.0
EPM2AIP1,1,0,0.0,0.0,0.0,0.0,0.0,0.0
EPN2,2,0,0.0,0.0,0.0,0.0,0.0,0.0
EPO,1,1,1.0,1.0,0.0,0.0,0.0,1.0
EPOR,2,2,1.0,2.5,0.0,1.0,0.5,1.0
EPRS1,2,2,1.0,1.0,1.0,0.0,0.0,0.0
EPS8,1,0,0.0,0.0,0.0,0.0,0.0,0.0
EPS8L1,1,1,1.0,3.0,1.0,1.0,1.0,0.0
EPS8L3,2,1,0.5,0.5,0.0,0.0,0.5,0.0
EPX,7,3,0.42857142857142855,0.7142857142857143,0.0,0.2857142857142857,0.42857142857142855,0.0
ERAP1,3,0,0.0,0.0,0.0,0.0,0.0,0.0
ERBB2,4,3,0.75,0.75,0.25,0.0,0.5,0.0
ERBB3,4,3,0.75,2.0,0.75,0.5,0.75,0.0
ERBB4,1,1,1.0,1.0,0.0,0.0,0.0,1.0
ERBIN,1,1,1.0,1.0,0.0,0.0,1.0,0.0
ERC1,1,0,0.0,0.0,0.0,0.0,0.0,0.0
ERCC1,2,2,1.0,3.0,1.0,1.0,0.5,0.5
ERCC2,12,3,0.25,0.5833333333333334,0.16666666666666666,0.16666666666666666,0.08333333333333333,0.16666666666666666
ERCC3,2,1,0.5,1.5,0.5,0.5,0.5,0.0
ERCC4,9,5,0.5555555555555556,0.5555555555555556,0.0,0.0,0.4444444444444444,0.1111111111111111
ERCC6,3,1,0.3333333333333333,1.0,0.3333333333333333,0.3333333333333333,0.3333333333333333,0.0
ERCC8,1,0,0.0,0.0,0.0,0.0,0.0,0.0
ERICH3,4,2,0.5,0.75,0.5,0.25,0.0,0.0
ERICH6,2,1,0.5,1.5,0.5,0.5,0.5,0.0
ERICH6B,4,3,0.75,0.75,0.5,0.25,0.0,0.0
ERMAP,3,0,0.0,0.0,0.0,0.0,0.0,0.0
ERV3-1,1,1,1.0,2.0,1.0,1.0,0.0,0.0
ESCO1,1,1,1.0,1.0,1.0,0.0,0.0,0.0
ESD,1,1,1.0,2.0,1.0,0.0,1.0,0.0
ESF1,1,1,1.0,3.0,1.0,0.0,1.0,1.0
ESPL1,2,0,0.0,0.0,0.0,0.0,0.0,0.0
ESPNL,3,1,0.3333333333333333,0.3333333333333333,0.3333333333333333,0.0,0.0,0.0
ESR1,2,0,0.0,0.0,0.0,0.0,0.0,0.0
ESR2,1,0,0.0,0.0,0.0,0.0,0.0,0.0
ESRP1,1,1,1.0,1.0,0.0,0.0,1.0,0.0
ESRP2,1,1,1.0,3.0,1.0,1.0,1.0,0.0
ESRRB,2,1,0.5,1.0,0.5,0.5,0.0,0.0
ESS2,5,2,0.4,0.4,0.0,0.0,0.4,0.0
ESYT3,1,1,1.0,3.0,1.0,0.0,1.0,1.0
ETAA1,2,1,0.5,0.5,0.5,0.0,0.0,0.0
ETFA,1,0,0.0,0.0,0.0,0.0,0.0,0.0
ETFB,1,1,1.0,2.0,0.0,1.0,1.0,0.0
ETFDH,3,0,0.0,0.0,0.0,0.0,0.0,0.0
ETNPPL,1,0,0.0,0.0,0.0,0.0,0.0,0.0
ETV3L,1,1,1.0,1.0,1.0,0.0,0.0,0.0
ETV6,1,1,1.0,1.0,0.0,1.0,0.0,0.0
EVC,7,4,0.5714285714285714,1.1428571428571428,0.2857142857142857,0.14285714285714285,0.2857142857142857,0.42857142857142855
EVC2,4,0,0.0,0.0,0.0,0.0,0.0,0.0
EVI5,1,1,1.0,3.0,1.0,1.0,1.0,0.0
EVPL,1,1,1.0,1.0,1.0,0.0,0.0,0.0
EXO1,10,5,0.5,1.1,0.4,0.3,0.4,0.0
EXOC2,1,0,0.0,0.0,0.0,0.0,0.0,0.0
EXOC3L1,1,0,0.0,0.0,0.0,0.0,0.0,0.0
EXOC3L4,1,1,1.0,2.0,1.0,1.0,0.0,0.0
EXOSC3,2,1,0.5,1.0,0.0,0.5,0.5,0.0
EXOSC5,2,1,0.5,1.5,0.5,0.5,0.0,0.5
EXOSC8,1,1,1.0,2.0,1.0,0.0,0.0,1.0
EXOSC9,3,1,0.3333333333333333,0.3333333333333333,0.3333333333333333,0.0,0.0,0.0
EXPH5,9,4,0.4444444444444444,1.0,0.3333333333333333,0.3333333333333333,0.3333333333333333,0.0
EXT1,6,2,0.3333333333333333,0.6666666666666666,0.16666666666666666,0.3333333333333333,0.0,0.16666666666666666
EXT2,2,1,0.5,0.5,0.0,0.0,0.5,0.0
EXTL1,1,1,1.0,1.0,0.0,0.0,1.0,0.0
EXTL3,1,0,0.0,0.0,0.0,0.0,0.0,0.0
EYA1,5,3,0.6,1.2,0.4,0.2,0.6,0.0
EYA2,1,0,0.0,0.0,0.0,0.0,0.0,0.0
EYA4,1,1,1.0,2.0,0.0,1.0,1.0,0.0
EYS,14,7,0.5,1.2857142857142858,0.2857142857142857,0.2857142857142857,0.35714285714285715,0.35714285714285715
EZH2,6,5,0.8333333333333334,3.3333333333333335,0.8333333333333334,0.8333333333333334,0.8333333333333334,0.8333333333333334
EZR,1,0,0.0,0.0,0.0,0.0,0.0,0.0
F10,10,4,0.4,0.6,0.2,0.2,0.1,0.1
F11,16,9,0.5625,1.1875,0.375,0.3125,0.375,0.125
F12,6,2,0.3333333333333333,0.8333333333333334,0.3333333333333333,0.16666666666666666,0.16666666666666666,0.16666666666666666
F13A1,5,3,0.6,0.8,0.4,0.0,0.2,0.2
F13B,3,0,0.0,0.0,0.0,0.0,0.0,0.0
F2,1,1,1.0,1.0,1.0,0.0,0.0,0.0
F2RL2,1,0,0.0,0.0,0.0,0.0,0.0,0.0
F2RL3,4,2,0.5,1.0,0.25,0.5,0.25,0.0
F5,13,5,0.38461538461538464,0.6153846153846154,0.15384615384615385,0.23076923076923078,0.15384615384615385,0.07692307692307693
F7,21,7,0.3333333333333333,0.8571428571428571,0.23809523809523808,0.2857142857142857,0.19047619047619047,0.14285714285714285
F8,75,15,0.2,0.3466666666666667,0.14666666666666667,0.08,0.06666666666666667,0.05333333333333334
F9,33,11,0.3333333333333333,0.5757575757575758,0.18181818181818182,0.2727272727272727,0.09090909090909091,0.030303030303030304
FA2H,1,0,0.0,0.0,0.0,0.0,0.0,0.0
FABP7,2,2,1.0,3.0,1.0,1.0,1.0,0.0
FADS3,1,1,1.0,2.0,0.0,1.0,1.0,0.0
FAH,1,0,0.0,0.0,0.0,0.0,0.0,0.0
FAHD2A,1,0,0.0,0.0,0.0,0.0,0.0,0.0
FAIM,1,1,1.0,2.0,1.0,0.0,1.0,0.0
FAM107A,1,1,1.0,3.0,1.0,1.0,1.0,0.0
FAM110A,1,0,0.0,0.0,0.0,0.0,0.0,0.0
FAM111A,1,1,1.0,4.0,1.0,1.0,1.0,1.0
FAM114A1,2,0,0.0,0.0,0.0,0.0,0.0,0.0
FAM118A,3,1,0.3333333333333333,0.6666666666666666,0.0,0.3333333333333333,0.3333333333333333,0.0
FAM120B,3,0,0.0,0.0,0.0,0.0,0.0,0.0
FAM124A,1,0,0.0,0.0,0.0,0.0,0.0,0.0
FAM131B,1,1,1.0,1.0,0.0,0.0,1.0,0.0
FAM131C,3,2,0.6666666666666666,0.6666666666666666,0.3333333333333333,0.3333333333333333,0.0,0.0
FAM135A,1,1,1.0,1.0,0.0,0.0,1.0,0.0
FAM135B,4,0,0.0,0.0,0.0,0.0,0.0,0.0
FAM13C,1,1,1.0,2.0,1.0,0.0,1.0,0.0
FAM149A,2,2,1.0,1.0,0.5,0.5,0.0,0.0
FAM151A,2,2,1.0,1.5,0.5,1.0,0.0,0.0
FAM161A,1,0,0.0,0.0,0.0,0.0,0.0,0.0
FAM162B,1,1,1.0,1.0,0.0,1.0,0.0,0.0
FAM167A,2,0,0.0,0.0,0.0,0.0,0.0,0.0
FAM174B,1,0,0.0,0.0,0.0,0.0,0.0,0.0
FAM177B,2,1,0.5,0.5,0.5,0.0,0.0,0.0
FAM181A,1,0,0.0,0.0,0.0,0.0,0.0,0.0
FAM181B,2,0,0.0,0.0,0.0,0.0,0.0,0.0
FAM184A,1,0,0.0,0.0,0.0,0.0,0.0,0.0
FAM184B,1,0,0.0,0.0,0.0,0.0,0.0,0.0
FAM186A,1,1,1.0,2.0,1.0,1.0,0.0,0.0
FAM187B,2,0,0.0,0.0,0.0,0.0,0.0,0.0
FAM209A,2,1,0.5,0.5,0.5,0.0,0.0,0.0
FAM210B,1,0,0.0,0.0,0.0,0.0,0.0,0.0
FAM216A,1,1,1.0,3.0,1.0,1.0,1.0,0.0
FAM217A,2,0,0.0,0.0,0.0,0.0,0.0,0.0
FAM220A,2,1,0.5,1.0,0.5,0.5,0.0,0.0
FAM221A,3,2,0.6666666666666666,2.3333333333333335,0.6666666666666666,0.6666666666666666,0.6666666666666666,0.3333333333333333
FAM222B,1,0,0.0,0.0,0.0,0.0,0.0,0.0
FAM47A,2,0,0.0,0.0,0.0,0.0,0.0,0.0
FAM50A,3,0,0.0,0.0,0.0,0.0,0.0,0.0
FAM83A,2,1,0.5,1.0,0.5,0.0,0.5,0.0
FAM83B,1,1,1.0,1.0,1.0,0.0,0.0,0.0
FAM83C,1,0,0.0,0.0,0.0,0.0,0.0,0.0
FAM83E,1,1,1.0,3.0,1.0,1.0,1.0,0.0
FAM83H,1,1,1.0,2.0,0.0,0.0,1.0,1.0
FAM90A1,3,0,0.0,0.0,0.0,0.0,0.0,0.0
FAM91A1,1,0,0.0,0.0,0.0,0.0,0.0,0.0
FANCA,16,5,0.3125,0.875,0.1875,0.25,0.25,0.1875
FANCC,3,3,1.0,2.0,0.6666666666666666,0.3333333333333333,0.6666666666666666,0.3333333333333333
FANCD2,3,3,1.0,2.3333333333333335,0.3333333333333333,1.0,1.0,0.0
FANCE,1,0,0.0,0.0,0.0,0.0,0.0,0.0
FANCG,3,2,0.6666666666666666,1.3333333333333333,0.6666666666666666,0.3333333333333333,0.3333333333333333,0.0
FANCI,1,1,1.0,3.0,1.0,1.0,1.0,0.0
FANCL,1,1,1.0,1.0,0.0,0.0,1.0,0.0
FANK1,2,0,0.0,0.0,0.0,0.0,0.0,0.0
FARP2,1,1,1.0,3.0,0.0,1.0,1.0,1.0
FARS2,1,0,0.0,0.0,0.0,0.0,0.0,0.0
FARSB,1,0,0.0,0.0,0.0,0.0,0.0,0.0
FAS,8,4,0.5,0.75,0.25,0.25,0.125,0.125
FASLG,1,1,1.0,4.0,1.0,1.0,1.0,1.0
FASN,2,1,0.5,1.0,0.5,0.0,0.5,0.0
FASTK,1,1,1.0,1.0,1.0,0.0,0.0,0.0
FASTKD1,2,1,0.5,0.5,0.5,0.0,0.0,0.0
FASTKD3,1,0,0.0,0.0,0.0,0.0,0.0,0.0
FAT2,6,2,0.3333333333333333,0.6666666666666666,0.16666666666666666,0.16666666666666666,0.3333333333333333,0.0
FAU,1,0,0.0,0.0,0.0,0.0,0.0,0.0
FAXDC2,1,0,0.0,0.0,0.0,0.0,0.0,0.0
FBLIM1,1,1,1.0,1.0,1.0,0.0,0.0,0.0
FBLN1,3,3,1.0,2.6666666666666665,0.3333333333333333,0.6666666666666666,1.0,0.6666666666666666
FBLN2,4,1,0.25,0.75,0.25,0.25,0.25,0.0
FBLN5,2,1,0.5,1.0,0.0,0.5,0.0,0.5
FBN1,98,15,0.15306122448979592,0.29591836734693877,0.08163265306122448,0.11224489795918367,0.05102040816326531,0.05102040816326531
FBN2,6,3,0.5,0.6666666666666666,0.16666666666666666,0.16666666666666666,0.3333333333333333,0.0
FBN3,10,8,0.8,1.0,0.3,0.3,0.4,0.0
FBP1,3,1,0.3333333333333333,0.3333333333333333,0.0,0.0,0.3333333333333333,0.0
FBP2,3,2,0.6666666666666666,1.0,0.3333333333333333,0.0,0.6666666666666666,0.0
FBXL13,1,1,1.0,1.0,0.0,0.0,1.0,0.0
FBXL4,2,1,0.5,1.0,0.0,0.5,0.0,0.5
FBXO10,1,1,1.0,4.0,1.0,1.0,1.0,1.0
FBXO11,1,0,0.0,0.0,0.0,0.0,0.0,0.0
FBXO16,3,0,0.0,0.0,0.0,0.0,0.0,0.0
FBXO28,2,2,1.0,2.0,0.0,1.0,0.0,1.0
FBXO30,2,1,0.5,1.5,0.5,0.5,0.5,0.0
FBXO34,1,0,0.0,0.0,0.0,0.0,0.0,0.0
FBXO38,1,1,1.0,1.0,0.0,0.0,1.0,0.0
FBXO39,1,0,0.0,0.0,0.0,0.0,0.0,0.0
FBXO40,1,0,0.0,0.0,0.0,0.0,0.0,0.0
FBXO5,1,1,1.0,1.0,0.0,1.0,0.0,0.0
FBXO6,1,1,1.0,2.0,1.0,1.0,0.0,0.0
FBXO8,1,0,0.0,0.0,0.0,0.0,0.0,0.0
FBXW10,2,1,0.5,0.5,0.5,0.0,0.0,0.0
FBXW11,3,2,0.6666666666666666,1.0,0.0,0.3333333333333333,0.0,0.6666666666666666
FBXW12,2,0,0.0,0.0,0.0,0.0,0.0,0.0
FBXW7,3,1,0.3333333333333333,1.0,0.3333333333333333,0.3333333333333333,0.3333333333333333,0.0
FBXW8,2,2,1.0,2.0,1.0,0.5,0.5,0.0
FCER1A,1,0,0.0,0.0,0.0,0.0,0.0,0.0
FCGR2A,2,0,0.0,0.0,0.0,0.0,0.0,0.0
FCGR2B,2,1,0.5,1.0,0.5,0.5,0.0,0.0
FCGR3A,3,2,0.6666666666666666,1.6666666666666667,0.6666666666666666,0.3333333333333333,0.3333333333333333,0.3333333333333333
FCGR3B,2,0,0.0,0.0,0.0,0.0,0.0,0.0
FCHO2,1,0,0.0,0.0,0.0,0.0,0.0,0.0
FCN1,1,0,0.0,0.0,0.0,0.0,0.0,0.0
FCRL2,1,1,1.0,1.0,1.0,0.0,0.0,0.0
FCRL3,4,2,0.5,0.75,0.5,0.25,0.0,0.0
FCRL4,2,2,1.0,2.0,1.0,0.5,0.5,0.0
FCRL5,1,1,1.0,1.0,1.0,0.0,0.0,0.0
FCSK,2,0,0.0,0.0,0.0,0.0,0.0,0.0
FDPS,1,1,1.0,1.0,0.0,0.0,1.0,0.0
FDXACB1,1,0,0.0,0.0,0.0,0.0,0.0,0.0
FECH,2,2,1.0,1.5,0.5,1.0,0.0,0.0
FER,2,1,0.5,1.5,0.5,0.5,0.5,0.0
FERMT1,4,3,0.75,1.5,0.25,0.75,0.5,0.0
FES,3,1,0.3333333333333333,1.0,0.3333333333333333,0.3333333333333333,0.3333333333333333,0.0
FETUB,1,0,0.0,0.0,0.0,0.0,0.0,0.0
FEZ1,1,0,0.0,0.0,0.0,0.0,0.0,0.0
FEZ2,1,0,0.0,0.0,0.0,0.0,0.0,0.0
FFAR3,2,1,0.5,1.0,0.0,0.5,0.5,0.0
FFAR4,1,1,1.0,2.0,0.0,1.0,1.0,0.0
FGA,6,6,1.0,3.0,0.8333333333333334,0.6666666666666666,0.8333333333333334,0.6666666666666666
FGB,1,1,1.0,4.0,1.0,1.0,1.0,1.0
FGD1,1,0,0.0,0.0,0.0,0.0,0.0,0.0
FGD3,1,0,0.0,0.0,0.0,0.0,0.0,0.0
FGD4,1,0,0.0,0.0,0.0,0.0,0.0,0.0
FGD6,1,1,1.0,1.0,1.0,0.0,0.0,0.0
FGF1,1,0,0.0,0.0,0.0,0.0,0.0,0.0
FGF10,1,0,0.0,0.0,0.0,0.0,0.0,0.0
FGF13,2,2,1.0,2.0,0.5,0.5,1.0,0.0
FGF20,2,2,1.0,3.0,1.0,0.5,1.0,0.5
FGF21,1,0,0.0,0.0,0.0,0.0,0.0,0.0
FGF23,2,0,0.0,0.0,0.0,0.0,0.0,0.0
FGF3,1,1,1.0,2.0,0.0,1.0,0.0,1.0
FGF5,1,0,0.0,0.0,0.0,0.0,0.0,0.0
FGF6,1,1,1.0,1.0,1.0,0.0,0.0,0.0
FGFR1,31,8,0.25806451612903225,0.6129032258064516,0.1935483870967742,0.1935483870967742,0.0967741935483871,0.12903225806451613
FGFR2,36,5,0.1388888888888889,0.2222222222222222,0.05555555555555555,0.08333333333333333,0.05555555555555555,0.027777777777777776
FGFR3,24,10,0.4166666666666667,0.7083333333333334,0.125,0.2916666666666667,0.16666666666666666,0.125
FGFR4,3,3,1.0,2.6666666666666665,1.0,0.3333333333333333,1.0,0.3333333333333333
FGFRL1,2,0,0.0,0.0,0.0,0.0,0.0,0.0
FGG,6,4,0.6666666666666666,2.5,0.5,0.6666666666666666,0.6666666666666666,0.6666666666666666
FGL1,2,2,1.0,3.5,1.0,1.0,1.0,0.5
FGR,1,1,1.0,2.0,1.0,0.0,1.0,0.0
FH,8,1,0.125,0.125,0.0,0.125,0.0,0.0
FHDC1,1,0,0.0,0.0,0.0,0.0,0.0,0.0
FHIP1B,3,2,0.6666666666666666,1.3333333333333333,0.3333333333333333,0.3333333333333333,0.6666666666666666,0.0
FHIP2A,1,1,1.0,1.0,0.0,0.0,1.0,0.0
FHL1,4,1,0.25,0.25,0.0,0.0,0.0,0.25
FHL5,2,1,0.5,0.5,0.5,0.0,0.0,0.0
FIBP,2,2,1.0,2.0,0.5,0.5,1.0,0.0
FIG4,4,1,0.25,0.75,0.25,0.25,0.25,0.0
FIGLA,2,1,0.5,1.0,0.5,0.5,0.0,0.0
FIGN,1,1,1.0,1.0,0.0,0.0,1.0,0.0
FILIP1L,1,0,0.0,0.0,0.0,0.0,0.0,0.0
FIZ1,3,0,0.0,0.0,0.0,0.0,0.0,0.0
FJX1,1,0,0.0,0.0,0.0,0.0,0.0,0.0
FKBP10,1,0,0.0,0.0,0.0,0.0,0.0,0.0
FKBP15,3,2,0.6666666666666666,1.3333333333333333,0.3333333333333333,0.3333333333333333,0.6666666666666666,0.0
FKBP6,1,1,1.0,1.0,0.0,0.0,1.0,0.0
FKBP8,1,1,1.0,2.0,1.0,0.0,1.0,0.0
FKRP,12,3,0.25,0.4166666666666667,0.16666666666666666,0.16666666666666666,0.0,0.08333333333333333
FKTN,1,1,1.0,4.0,1.0,1.0,1.0,1.0
FLACC1,1,0,0.0,0.0,0.0,0.0,0.0,0.0
FLCN,1,0,0.0,0.0,0.0,0.0,0.0,0.0
FLG,22,13,0.5909090909090909,0.9545454545454546,0.45454545454545453,0.5,0.0,0.0
FLG2,3,2,0.6666666666666666,1.0,0.3333333333333333,0.6666666666666666,0.0,0.0
FLI1,1,0,0.0,0.0,0.0,0.0,0.0,0.0
FLII,1,1,1.0,2.0,0.0,1.0,1.0,0.0
FLNA,5,3,0.6,1.2,0.6,0.2,0.2,0.2
FLNB,6,1,0.16666666666666666,0.16666666666666666,0.16666666666666666,0.0,0.0,0.0
FLNC,1,1,1.0,4.0,1.0,1.0,1.0,1.0
FLOT2,1,0,0.0,0.0,0.0,0.0,0.0,0.0
FLRT3,3,2,0.6666666666666666,0.6666666666666666,0.0,0.0,0.0,0.6666666666666666
FLT1,1,1,1.0,1.0,0.0,0.0,1.0,0.0
FLT3,1,1,1.0,3.0,1.0,1.0,1.0,0.0
FLT4,5,1,0.2,0.4,0.2,0.0,0.2,0.0
FLVCR1,2,0,0.0,0.0,0.0,0.0,0.0,0.0
FLVCR2,4,1,0.25,0.25,0.0,0.0,0.0,0.25
FMN2,2,1,0.5,0.5,0.5,0.0,0.0,0.0
FMNL2,1,1,1.0,4.0,1.0,1.0,1.0,1.0
FMO1,4,3,0.75,1.75,0.75,0.25,0.5,0.25
FMO2,4,3,0.75,1.75,0.75,0.25,0.75,0.0
FMO3,4,1,0.25,0.25,0.25,0.0,0.0,0.0
FMO5,3,2,0.6666666666666666,2.3333333333333335,0.6666666666666666,0.6666666666666666,0.6666666666666666,0.3333333333333333
FMR1,3,1,0.3333333333333333,0.6666666666666666,0.0,0.3333333333333333,0.3333333333333333,0.0
FN1,8,3,0.375,0.375,0.0,0.125,0.25,0.0
FNDC1,2,0,0.0,0.0,0.0,0.0,0.0,0.0
FNDC3B,2,2,1.0,1.5,0.5,0.0,1.0,0.0
FNDC9,1,0,0.0,0.0,0.0,0.0,0.0,0.0
FNIP1,5,1,0.2,0.4,0.2,0.0,0.2,0.0
FNIP2,1,1,1.0,1.0,1.0,0.0,0.0,0.0
FOCAD,2,0,0.0,0.0,0.0,0.0,0.0,0.0
FOLH1,2,1,0.5,0.5,0.5,0.0,0.0,0.0
FOXA1,2,1,0.5,0.5,0.0,0.0,0.5,0.0
FOXD4,1,1,1.0,4.0,1.0,1.0,1.0,1.0
FOXD4L1,1,0,0.0,0.0,0.0,0.0,0.0,0.0
FOXE3,5,2,0.4,0.6,0.4,0.0,0.0,0.2
FOXF1,3,0,0.0,0.0,0.0,0.0,0.0,0.0
FOXG1,1,0,0.0,0.0,0.0,0.0,0.0,0.0
FOXH1,1,1,1.0,2.0,0.0,1.0,0.0,1.0
FOXN1,2,0,0.0,0.0,0.0,0.0,0.0,0.0
FOXP1,1,1,1.0,2.0,1.0,0.0,1.0,0.0
FOXQ1,1,0,0.0,0.0,0.0,0.0,0.0,0.0
FOXRED1,1,0,0.0,0.0,0.0,0.0,0.0,0.0
FOXRED2,1,1,1.0,1.0,0.0,0.0,1.0,0.0
FPGS,1,1,1.0,3.0,1.0,1.0,1.0,0.0
FPR1,3,0,0.0,0.0,0.0,0.0,0.0,0.0
FRA10AC1,1,0,0.0,0.0,0.0,0.0,0.0,0.0
FREM1,4,3,0.75,1.75,0.75,0.5,0.25,0.25
FREM2,4,4,1.0,2.0,0.75,0.5,0.5,0.25
FRG2C,1,0,0.0,0.0,0.0,0.0,0.0,0.0
FRMD7,2,2,1.0,1.0,0.5,0.5,0.0,0.0
FRMPD2,3,3,1.0,2.0,0.3333333333333333,0.3333333333333333,1.0,0.3333333333333333
FRS3,1,1,1.0,1.0,1.0,0.0,0.0,0.0
FSCB,2,0,0.0,0.0,0.0,0.0,0.0,0.0
FSD1,1,1,1.0,3.0,1.0,1.0,1.0,0.0
FSD2,1,0,0.0,0.0,0.0,0.0,0.0,0.0
FSHB,2,1,0.5,0.5,0.0,0.0,0.5,0.0
FSHR,9,3,0.3333333333333333,0.3333333333333333,0.3333333333333333,0.0,0.0,0.0
FSIP1,1,1,1.0,3.0,1.0,1.0,1.0,0.0
FSIP2,1,1,1.0,1.0,1.0,0.0,0.0,0.0
FSTL5,1,0,0.0,0.0,0.0,0.0,0.0,0.0
FTO,2,0,0.0,0.0,0.0,0.0,0.0,0.0
FUCA1,5,2,0.4,0.4,0.2,0.0,0.2,0.0
FUCA2,1,0,0.0,0.0,0.0,0.0,0.0,0.0
FURIN,1,0,0.0,0.0,0.0,0.0,0.0,0.0
FUS,10,9,0.9,1.3,0.4,0.6,0.1,0.2
FUT10,3,3,1.0,2.6666666666666665,1.0,1.0,0.6666666666666666,0.0
FUT2,4,2,0.5,1.25,0.25,0.25,0.5,0.25
FUT3,4,3,0.75,1.75,0.75,0.75,0.25,0.0
FUT5,1,0,0.0,0.0,0.0,0.0,0.0,0.0
FUT6,1,1,1.0,1.0,1.0,0.0,0.0,0.0
FUT9,1,1,1.0,3.0,1.0,1.0,1.0,0.0
FUZ,1,0,0.0,0.0,0.0,0.0,0.0,0.0
FXN,4,1,0.25,0.25,0.0,0.25,0.0,0.0
FXR2,2,2,1.0,2.0,1.0,0.0,1.0,0.0
FXYD3,1,1,1.0,4.0,1.0,1.0,1.0,1.0
FYCO1,2,1,0.5,1.0,0.5,0.0,0.5,0.0
FYTTD1,1,1,1.0,1.0,0.0,0.0,1.0,0.0
FZD1,1,1,1.0,2.0,0.0,0.0,1.0,1.0
FZD2,1,0,0.0,0.0,0.0,0.0,0.0,0.0
FZD3,3,2,0.6666666666666666,1.0,0.0,0.3333333333333333,0.6666666666666666,0.0
FZD4,5,2,0.4,1.2,0.2,0.4,0.2,0.4
FZD6,3,2,0.6666666666666666,2.0,0.6666666666666666,0.3333333333333333,0.6666666666666666,0.3333333333333333
FZD7,2,2,1.0,1.0,0.0,0.0,1.0,0.0
G6PC1,24,8,0.3333333333333333,0.4166666666666667,0.08333333333333333,0.25,0.041666666666666664,0.041666666666666664
G6PC3,4,1,0.25,0.75,0.0,0.25,0.25,0.25
G6PD,17,13,0.7647058823529411,1.588235294117647,0.5294117647058824,0.5882352941176471,0.29411764705882354,0.17647058823529413
GAA,28,4,0.14285714285714285,0.2857142857142857,0.10714285714285714,0.03571428571428571,0.07142857142857142,0.07142857142857142
GAB2,1,1,1.0,4.0,1.0,1.0,1.0,1.0
GABBR2,3,1,0.3333333333333333,0.3333333333333333,0.3333333333333333,0.0,0.0,0.0
GABPA,1,1,1.0,1.0,0.0,0.0,1.0,0.0
GABRA1,2,1,0.5,1.0,0.5,0.5,0.0,0.0
GABRB1,1,1,1.0,3.0,1.0,1.0,1.0,0.0
GABRB3,6,2,0.3333333333333333,0.8333333333333334,0.16666666666666666,0.3333333333333333,0.16666666666666666,0.16666666666666666
GABRD,1,1,1.0,1.0,0.0,0.0,0.0,1.0
GABRE,2,2,1.0,2.0,1.0,0.5,0.5,0.0
GABRG2,2,0,0.0,0.0,0.0,0.0,0.0,0.0
GAD1,2,2,1.0,2.0,0.5,0.5,1.0,0.0
GAD2,1,1,1.0,2.0,1.0,0.0,1.0,0.0
GAGE12J,3,1,0.3333333333333333,0.3333333333333333,0.3333333333333333,0.0,0.0,0.0
GAK,2,1,0.5,1.0,0.0,0.5,0.5,0.0
GAL,1,0,0.0,0.0,0.0,0.0,0.0,0.0
GAL3ST1,2,0,0.0,0.0,0.0,0.0,0.0,0.0
GAL3ST2,1,0,0.0,0.0,0.0,0.0,0.0,0.0
GALC,12,1,0.08333333333333333,0.25,0.08333333333333333,0.08333333333333333,0.0,0.08333333333333333
GALE,1,0,0.0,0.0,0.0,0.0,0.0,0.0
GALK1,2,0,0.0,0.0,0.0,0.0,0.0,0.0
GALNS,30,11,0.36666666666666664,0.5666666666666667,0.3333333333333333,0.1,0.1,0.03333333333333333
GALNT12,5,3,0.6,1.0,0.4,0.2,0.2,0.2
GALNT15,1,1,1.0,3.0,1.0,1.0,1.0,0.0
GALNT16,1,1,1.0,1.0,0.0,0.0,1.0,0.0
GALNT2,1,1,1.0,1.0,0.0,0.0,1.0,0.0
GALNT8,4,1,0.25,0.25,0.25,0.0,0.0,0.0
GALR1,1,0,0.0,0.0,0.0,0.0,0.0,0.0
GALT,44,18,0.4090909090909091,0.5909090909090909,0.1590909090909091,0.36363636363636365,0.06818181818181818,0.0
GAMT,10,3,0.3,0.9,0.2,0.2,0.3,0.2
GANAB,2,0,0.0,0.0,0.0,0.0,0.0,0.0
GANC,3,0,0.0,0.0,0.0,0.0,0.0,0.0
GAP43,2,2,1.0,1.5,1.0,0.0,0.5,0.0
GAPDH,1,1,1.0,1.0,1.0,0.0,0.0,0.0
GAREM1,1,1,1.0,1.0,0.0,0.0,1.0,0.0
GARIN1B,1,1,1.0,3.0,1.0,1.0,1.0,0.0
GARIN4,2,0,0.0,0.0,0.0,0.0,0.0,0.0
GARIN6,1,1,1.0,2.0,1.0,1.0,0.0,0.0
GARNL3,2,2,1.0,2.5,0.5,0.5,1.0,0.5
GARS1,7,3,0.42857142857142855,1.1428571428571428,0.2857142857142857,0.42857142857142855,0.0,0.42857142857142855
GART,2,1,0.5,1.0,0.5,0.0,0.5,0.0
GAS2L3,1,1,1.0,2.0,1.0,1.0,0.0,0.0
GAS8,1,1,1.0,1.0,0.0,0.0,1.0,0.0
GASK1B,1,1,1.0,3.0,1.0,1.0,1.0,0.0
GAST,1,0,0.0,0.0,0.0,0.0,0.0,0.0
GATA1,2,0,0.0,0.0,0.0,0.0,0.0,0.0
GATA2,1,0,0.0,0.0,0.0,0.0,0.0,0.0
GATA4,9,3,0.3333333333333333,0.4444444444444444,0.2222222222222222,0.2222222222222222,0.0,0.0
GATA5,1,1,1.0,4.0,1.0,1.0,1.0,1.0
GATA6,5,4,0.8,2.2,0.6,0.6,0.2,0.8
GATAD1,1,1,1.0,2.0,1.0,0.0,1.0,0.0
GATC,1,0,0.0,0.0,0.0,0.0,0.0,0.0
GATM,6,4,0.6666666666666666,1.3333333333333333,0.3333333333333333,0.3333333333333333,0.3333333333333333,0.3333333333333333
GBA1,42,17,0.40476190476190477,0.8571428571428571,0.30952380952380953,0.38095238095238093,0.11904761904761904,0.047619047619047616
GBE1,5,3,0.6,1.4,0.4,0.0,0.6,0.4
GBGT1,1,1,1.0,3.0,1.0,1.0,1.0,0.0
GBP2,2,1,0.5,0.5,0.5,0.0,0.0,0.0
GBP3,3,2,0.6666666666666666,1.0,0.3333333333333333,0.3333333333333333,0.3333333333333333,0.0
GBP4,4,1,0.25,0.25,0.25,0.0,0.0,0.0
GBP5,1,0,0.0,0.0,0.0,0.0,0.0,0.0
GBP6,3,1,0.3333333333333333,0.3333333333333333,0.3333333333333333,0.0,0.0,0.0
GC,1,1,1.0,1.0,1.0,0.0,0.0,0.0
GCA,1,0,0.0,0.0,0.0,0.0,0.0,0.0
GCC1,2,1,0.5,1.5,0.5,0.5,0.5,0.0
GCC2,1,1,1.0,2.0,1.0,0.0,1.0,0.0
GCDH,12,3,0.25,0.25,0.08333333333333333,0.16666666666666666,0.0,0.0
GCFC2,1,0,0.0,0.0,0.0,0.0,0.0,0.0
GCH1,3,2,0.6666666666666666,1.6666666666666667,0.6666666666666666,0.6666666666666666,0.3333333333333333,0.0
GCK,21,7,0.3333333333333333,0.38095238095238093,0.09523809523809523,0.2857142857142857,0.0,0.0
GCM2,4,1,0.25,0.5,0.0,0.0,0.25,0.25
GCNA,1,1,1.0,1.0,0.0,1.0,0.0,0.0
GDAP1,1,0,0.0,0.0,0.0,0.0,0.0,0.0
GDAP2,1,0,0.0,0.0,0.0,0.0,0.0,0.0
GDE1,1,0,0.0,0.0,0.0,0.0,0.0,0.0
GDF11,1,0,0.0,0.0,0.0,0.0,0.0,0.0
GDF15,2,0,0.0,0.0,0.0,0.0,0.0,0.0
GDF3,4,2,0.5,1.0,0.25,0.5,0.25,0.0
GDF5,4,2,0.5,1.0,0.5,0.25,0.0,0.25
GDNF,1,1,1.0,1.0,1.0,0.0,0.0,0.0
GDPD5,3,2,0.6666666666666666,0.6666666666666666,0.6666666666666666,0.0,0.0,0.0
GDPGP1,2,1,0.5,0.5,0.5,0.0,0.0,0.0
GEM,1,0,0.0,0.0,0.0,0.0,0.0,0.0
GEMIN4,8,6,0.75,1.875,0.75,0.375,0.625,0.125
GEMIN5,1,0,0.0,0.0,0.0,0.0,0.0,0.0
GEN1,6,1,0.16666666666666666,0.3333333333333333,0.16666666666666666,0.0,0.16666666666666666,0.0
GFAP,18,8,0.4444444444444444,0.8888888888888888,0.1111111111111111,0.3888888888888889,0.16666666666666666,0.2222222222222222
GFER,2,1,0.5,1.5,0.5,0.5,0.5,0.0
GFI1,1,1,1.0,1.0,0.0,0.0,0.0,1.0
GFM1,2,0,0.0,0.0,0.0,0.0,0.0,0.0
GFM2,1,1,1.0,3.0,1.0,0.0,1.0,1.0
GFPT1,3,0,0.0,0.0,0.0,0.0,0.0,0.0
GFRA1,1,0,0.0,0.0,0.0,0.0,0.0,0.0
GGCX,6,3,0.5,0.8333333333333334,0.3333333333333333,0.5,0.0,0.0
GGH,2,1,0.5,1.0,0.5,0.0,0.5,0.0
GGT1,2,1,0.5,1.5,0.5,0.5,0.5,0.0
GGT6,1,1,1.0,3.0,1.0,1.0,1.0,0.0
GH1,7,5,0.7142857142857143,1.8571428571428572,0.42857142857142855,0.7142857142857143,0.42857142857142855,0.2857142857142857
GHR,8,5,0.625,1.5,0.5,0.375,0.375,0.25
GHRHR,4,2,0.5,0.5,0.25,0.0,0.0,0.25
GHRL,1,1,1.0,2.0,0.0,1.0,1.0,0.0
GHSR,3,0,0.0,0.0,0.0,0.0,0.0,0.0
GIGYF2,1,1,1.0,3.0,1.0,1.0,0.0,1.0
GIN1,3,2,0.6666666666666666,2.0,0.6666666666666666,0.6666666666666666,0.6666666666666666,0.0
GIP,3,0,0.0,0.0,0.0,0.0,0.0,0.0
GIPC2,1,0,0.0,0.0,0.0,0.0,0.0,0.0
GIPR,4,1,0.25,0.75,0.25,0.25,0.25,0.0
GJA1,7,2,0.2857142857142857,0.5714285714285714,0.2857142857142857,0.2857142857142857,0.0,0.0
GJA3,4,0,0.0,0.0,0.0,0.0,0.0,0.0
GJA4,1,0,0.0,0.0,0.0,0.0,0.0,0.0
GJA5,3,1,0.3333333333333333,0.3333333333333333,0.3333333333333333,0.0,0.0,0.0
GJA8,1,0,0.0,0.0,0.0,0.0,0.0,0.0
GJA9,1,0,0.0,0.0,0.0,0.0,0.0,0.0
GJB1,21,8,0.38095238095238093,0.5714285714285714,0.23809523809523808,0.23809523809523808,0.0,0.09523809523809523
GJB2,22,6,0.2727272727272727,0.6363636363636364,0.18181818181818182,0.13636363636363635,0.18181818181818182,0.13636363636363635
GJB3,2,1,0.5,2.0,0.5,0.5,0.5,0.5
GJB4,7,5,0.7142857142857143,2.4285714285714284,0.5714285714285714,0.7142857142857143,0.7142857142857143,0.42857142857142855
GJB6,2,0,0.0,0.0,0.0,0.0,0.0,0.0
GJC2,3,2,0.6666666666666666,1.6666666666666667,0.3333333333333333,0.3333333333333333,0.6666666666666666,0.3333333333333333
GK,2,0,0.0,0.0,0.0,0.0,0.0,0.0
GKN2,1,0,0.0,0.0,0.0,0.0,0.0,0.0
GLA,48,16,0.3333333333333333,0.5833333333333334,0.2708333333333333,0.125,0.14583333333333334,0.041666666666666664
GLB1,14,3,0.21428571428571427,0.5714285714285714,0.14285714285714285,0.14285714285714285,0.14285714285714285,0.14285714285714285
GLDC,1,0,0.0,0.0,0.0,0.0,0.0,0.0
GLDN,4,2,0.5,1.5,0.25,0.5,0.25,0.5
GLE1,3,2,0.6666666666666666,1.0,0.3333333333333333,0.3333333333333333,0.3333333333333333,0.0
GLI1,1,0,0.0,0.0,0.0,0.0,0.0,0.0
GLI2,3,2,0.6666666666666666,2.6666666666666665,0.6666666666666666,0.6666666666666666,0.6666666666666666,0.6666666666666666
GLI3,1,0,0.0,0.0,0.0,0.0,0.0,0.0
GLIS1,1,0,0.0,0.0,0.0,0.0,0.0,0.0
GLIS3,1,0,0.0,0.0,0.0,0.0,0.0,0.0
GLMN,1,1,1.0,2.0,1.0,0.0,1.0,0.0
GLO1,1,1,1.0,1.0,0.0,0.0,1.0,0.0
GLP1R,3,1,0.3333333333333333,0.3333333333333333,0.0,0.0,0.3333333333333333,0.0
GLP2R,1,0,0.0,0.0,0.0,0.0,0.0,0.0
GLRA1,3,1,0.3333333333333333,0.3333333333333333,0.0,0.3333333333333333,0.0,0.0
GLRB,2,1,0.5,0.5,0.0,0.5,0.0,0.0
GLRX3,1,0,0.0,0.0,0.0,0.0,0.0,0.0
GLRX5,2,1,0.5,1.0,0.5,0.0,0.5,0.0
GLS,1,0,0.0,0.0,0.0,0.0,0.0,0.0
GLS2,1,0,0.0,0.0,0.0,0.0,0.0,0.0
GLT8D2,1,0,0.0,0.0,0.0,0.0,0.0,0.0
GLUD1,5,3,0.6,0.8,0.2,0.6,0.0,0.0
GLYAT,1,0,0.0,0.0,0.0,0.0,0.0,0.0
GLYATL2,1,1,1.0,2.0,1.0,1.0,0.0,0.0
GM2A,2,0,0.0,0.0,0.0,0.0,0.0,0.0
GMIP,1,1,1.0,3.0,1.0,1.0,1.0,0.0
GMNN,2,1,0.5,1.5,0.5,0.5,0.5,0.0
GMPPA,1,1,1.0,4.0,1.0,1.0,1.0,1.0
GMPPB,6,5,0.8333333333333334,1.6666666666666667,0.6666666666666666,0.5,0.16666666666666666,0.3333333333333333
GMPR,3,2,0.6666666666666666,1.6666666666666667,0.3333333333333333,0.3333333333333333,0.6666666666666666,0.3333333333333333
GNA11,5,0,0.0,0.0,0.0,0.0,0.0,0.0
GNAI3,2,0,0.0,0.0,0.0,0.0,0.0,0.0
GNAL,1,0,0.0,0.0,0.0,0.0,0.0,0.0
GNAO1,2,0,0.0,0.0,0.0,0.0,0.0,0.0
GNAS,5,1,0.2,0.8,0.2,0.2,0.2,0.2
GNAT2,1,1,1.0,1.0,0.0,0.0,1.0,0.0
GNB1,2,1,0.5,0.5,0.0,0.5,0.0,0.0
GNB1L,1,0,0.0,0.0,0.0,0.0,0.0,0.0
GNB3,4,4,1.0,2.5,0.75,0.5,1.0,0.25
GNB4,1,0,0.0,0.0,0.0,0.0,0.0,0.0
GNB5,1,1,1.0,3.0,1.0,1.0,1.0,0.0
GNE,9,2,0.2222222222222222,0.6666666666666666,0.2222222222222222,0.2222222222222222,0.1111111111111111,0.1111111111111111
GNPAT,2,2,1.0,1.5,1.0,0.0,0.5,0.0
GNPTAB,11,2,0.18181818181818182,0.2727272727272727,0.09090909090909091,0.0,0.09090909090909091,0.09090909090909091
GNRH1,1,0,0.0,0.0,0.0,0.0,0.0,0.0
GNRHR,3,1,0.3333333333333333,1.3333333333333333,0.3333333333333333,0.3333333333333333,0.3333333333333333,0.3333333333333333
GOLGA1,1,1,1.0,2.0,1.0,1.0,0.0,0.0
GOLGA3,2,1,0.5,1.0,0.5,0.5,0.0,0.0
GOLGA4,1,1,1.0,2.0,1.0,0.0,1.0,0.0
GOLGA8A,1,0,0.0,0.0,0.0,0.0,0.0,0.0
GOLGB1,4,2,0.5,1.0,0.25,0.25,0.5,0.0
GOLM1,1,0,0.0,0.0,0.0,0.0,0.0,0.0
GON4L,1,1,1.0,1.0,1.0,0.0,0.0,0.0
GOSR2,3,1,0.3333333333333333,0.6666666666666666,0.3333333333333333,0.0,0.3333333333333333,0.0
GOT2,2,1,0.5,1.0,0.0,0.5,0.5,0.0
GP6,6,2,0.3333333333333333,0.6666666666666666,0.16666666666666666,0.3333333333333333,0.0,0.16666666666666666
GP9,3,0,0.0,0.0,0.0,0.0,0.0,0.0
GPA33,1,0,0.0,0.0,0.0,0.0,0.0,0.0
GPAA1,2,2,1.0,1.5,0.5,0.5,0.0,0.5
GPAM,2,1,0.5,1.0,0.5,0.0,0.5,0.0
GPANK1,3,3,1.0,2.3333333333333335,0.6666666666666666,0.6666666666666666,1.0,0.0
GPATCH1,2,0,0.0,0.0,0.0,0.0,0.0,0.0
GPBP1L1,1,0,0.0,0.0,0.0,0.0,0.0,0.0
GPC5,1,1,1.0,1.0,1.0,0.0,0.0,0.0
GPD1,2,2,1.0,2.5,1.0,1.0,0.5,0.0
GPD1L,1,1,1.0,3.0,1.0,1.0,1.0,0.0
GPHN,1,0,0.0,0.0,0.0,0.0,0.0,0.0
GPI,6,2,0.3333333333333333,0.8333333333333334,0.16666666666666666,0.16666666666666666,0.3333333333333333,0.16666666666666666
GPLD1,2,0,0.0,0.0,0.0,0.0,0.0,0.0
GPNMB,2,2,1.0,3.0,1.0,1.0,1.0,0.0
GPR107,1,0,0.0,0.0,0.0,0.0,0.0,0.0
GPR135,1,1,1.0,1.0,1.0,0.0,0.0,0.0
GPR142,2,1,0.5,0.5,0.5,0.0,0.0,0.0
GPR143,7,0,0.0,0.0,0.0,0.0,0.0,0.0
GPR148,1,1,1.0,1.0,1.0,0.0,0.0,0.0
GPR15,1,0,0.0,0.0,0.0,0.0,0.0,0.0
GPR151,2,2,1.0,2.5,0.5,1.0,1.0,0.0
GPR158,1,0,0.0,0.0,0.0,0.0,0.0,0.0
GPR162,1,1,1.0,1.0,1.0,0.0,0.0,0.0
GPR171,1,1,1.0,1.0,1.0,0.0,0.0,0.0
GPR20,2,1,0.5,1.5,0.5,0.5,0.5,0.0
GPR3,1,1,1.0,2.0,1.0,0.0,1.0,0.0
GPR35,1,1,1.0,1.0,0.0,1.0,0.0,0.0
GPR4,1,0,0.0,0.0,0.0,0.0,0.0,0.0
GPR55,1,0,0.0,0.0,0.0,0.0,0.0,0.0
GPR62,1,1,1.0,2.0,1.0,0.0,1.0,0.0
GPR68,1,1,1.0,3.0,1.0,1.0,1.0,0.0
GPR75,2,0,0.0,0.0,0.0,0.0,0.0,0.0
GPR83,1,0,0.0,0.0,0.0,0.0,0.0,0.0
GPR88,1,0,0.0,0.0,0.0,0.0,0.0,0.0
GPRASP1,1,0,0.0,0.0,0.0,0.0,0.0,0.0
GPRASP3,1,1,1.0,2.0,0.0,1.0,1.0,0.0
GPRC5A,1,0,0.0,0.0,0.0,0.0,0.0,0.0
GPRC6A,1,1,1.0,2.0,0.0,0.0,1.0,1.0
GPRIN1,4,0,0.0,0.0,0.0,0.0,0.0,0.0
GPRIN3,1,0,0.0,0.0,0.0,0.0,0.0,0.0
GPS2,1,1,1.0,3.0,1.0,1.0,1.0,0.0
GPX1,2,1,0.5,0.5,0.5,0.0,0.0,0.0
GPX2,1,1,1.0,3.0,1.0,1.0,1.0,0.0
GPX5,2,2,1.0,3.0,1.0,1.0,1.0,0.0
GPX6,3,2,0.6666666666666666,1.6666666666666667,0.6666666666666666,0.3333333333333333,0.6666666666666666,0.0
GPX8,1,0,0.0,0.0,0.0,0.0,0.0,0.0
GREB1,3,1,0.3333333333333333,1.0,0.3333333333333333,0.3333333333333333,0.3333333333333333,0.0
GREB1L,1,1,1.0,1.0,0.0,0.0,0.0,1.0
GREM2,3,2,0.6666666666666666,1.6666666666666667,0.3333333333333333,0.3333333333333333,0.6666666666666666,0.3333333333333333
GRHL2,2,1,0.5,1.0,0.0,0.5,0.0,0.5
GRHL3,2,0,0.0,0.0,0.0,0.0,0.0,0.0
GRHPR,1,1,1.0,1.0,0.0,0.0,1.0,0.0
GRIA2,3,3,1.0,1.3333333333333333,0.3333333333333333,0.3333333333333333,0.0,0.6666666666666666
GRID2IP,1,0,0.0,0.0,0.0,0.0,0.0,0.0
GRIK1,2,1,0.5,1.0,0.5,0.0,0.5,0.0
GRIK4,1,1,1.0,2.0,0.0,1.0,1.0,0.0
GRIN1,10,5,0.5,0.6,0.1,0.0,0.1,0.4
GRIN2A,17,9,0.5294117647058824,1.2941176470588236,0.29411764705882354,0.47058823529411764,0.4117647058823529,0.11764705882352941
GRIN2C,6,5,0.8333333333333334,1.0,0.6666666666666666,0.16666666666666666,0.16666666666666666,0.0
GRIN3A,5,3,0.6,1.4,0.2,0.4,0.6,0.2
GRIN3B,3,2,0.6666666666666666,1.6666666666666667,0.3333333333333333,0.3333333333333333,0.6666666666666666,0.3333333333333333
GRINA,1,1,1.0,1.0,0.0,0.0,1.0,0.0
GRIP1,1,1,1.0,2.0,1.0,0.0,1.0,0.0
GRK3,2,0,0.0,0.0,0.0,0.0,0.0,0.0
GRK4,4,3,0.75,1.25,0.5,0.25,0.5,0.0
GRK6,1,1,1.0,3.0,1.0,1.0,1.0,0.0
GRK7,6,3,0.5,1.1666666666666667,0.3333333333333333,0.3333333333333333,0.5,0.0
GRM1,4,3,0.75,1.75,0.5,0.25,0.5,0.5
GRM6,5,2,0.4,1.0,0.2,0.2,0.4,0.2
GRM8,5,5,1.0,2.8,0.6,0.4,1.0,0.8
GRN,2,1,0.5,2.0,0.5,0.5,0.5,0.5
GRWD1,1,0,0.0,0.0,0.0,0.0,0.0,0.0
GRXCR1,1,1,1.0,2.0,1.0,0.0,1.0,0.0
GSAP,2,1,0.5,0.5,0.5,0.0,0.0,0.0
GSDMA,3,0,0.0,0.0,0.0,0.0,0.0,0.0
GSDMB,2,0,0.0,0.0,0.0,0.0,0.0,0.0
GSDME,1,0,0.0,0.0,0.0,0.0,0.0,0.0
GSE1,2,2,1.0,2.0,1.0,0.5,0.5,0.0
GSG1,2,1,0.5,1.0,0.0,0.5,0.5,0.0
GSN,4,2,0.5,1.5,0.5,0.5,0.5,0.0
GSR,1,0,0.0,0.0,0.0,0.0,0.0,0.0
GSS,2,1,0.5,2.0,0.5,0.5,0.5,0.5
GSTA1,1,0,0.0,0.0,0.0,0.0,0.0,0.0
GSTA2,2,1,0.5,0.5,0.5,0.0,0.0,0.0
GSTA3,3,0,0.0,0.0,0.0,0.0,0.0,0.0
GSTA4,1,1,1.0,1.0,0.0,0.0,1.0,0.0
GSTM1,1,0,0.0,0.0,0.0,0.0,0.0,0.0
GSTM3,1,0,0.0,0.0,0.0,0.0,0.0,0.0
GSTM4,1,0,0.0,0.0,0.0,0.0,0.0,0.0
GSTM5,1,0,0.0,0.0,0.0,0.0,0.0,0.0
GSTO1,1,1,1.0,2.0,0.0,1.0,1.0,0.0
GSTO2,1,1,1.0,1.0,0.0,0.0,1.0,0.0
GSTP1,1,0,0.0,0.0,0.0,0.0,0.0,0.0
GTF2E2,3,3,1.0,2.6666666666666665,0.6666666666666666,1.0,0.3333333333333333,0.6666666666666666
GTF2H1,1,1,1.0,4.0,1.0,1.0,1.0,1.0
GTF2IRD1,1,0,0.0,0.0,0.0,0.0,0.0,0.0
GTPBP1,1,1,1.0,4.0,1.0,1.0,1.0,1.0
GTPBP10,2,2,1.0,1.0,0.0,0.0,1.0,0.0
GTPBP3,3,2,0.6666666666666666,1.0,0.3333333333333333,0.3333333333333333,0.3333333333333333,0.0
GUCA1A,7,3,0.42857142857142855,0.8571428571428571,0.14285714285714285,0.2857142857142857,0.14285714285714285,0.2857142857142857
GUCA1B,1,1,1.0,1.0,1.0,0.0,0.0,0.0
GUCA1C,1,0,0.0,0.0,0.0,0.0,0.0,0.0
GUCA2A,1,1,1.0,1.0,0.0,1.0,0.0,0.0
GUCY2C,1,0,0.0,0.0,0.0,0.0,0.0,0.0
GUCY2D,13,3,0.23076923076923078,0.8461538461538461,0.23076923076923078,0.23076923076923078,0.23076923076923078,0.15384615384615385
GUCY2F,4,0,0.0,0.0,0.0,0.0,0.0,0.0
GUSB,10,3,0.3,0.6,0.3,0.1,0.1,0.1
GYG2,2,0,0.0,0.0,0.0,0.0,0.0,0.0
GYPA,7,1,0.14285714285714285,0.2857142857142857,0.14285714285714285,0.14285714285714285,0.0,0.0
GYPC,1,1,1.0,3.0,1.0,1.0,1.0,0.0
GYS1,2,2,1.0,2.0,1.0,0.0,1.0,0.0
GYS2,2,1,0.5,1.0,0.5,0.0,0.5,0.0
GZF1,4,0,0.0,0.0,0.0,0.0,0.0,0.0
GZMM,1,0,0.0,0.0,0.0,0.0,0.0,0.0
H1-1,2,2,1.0,2.0,1.0,0.5,0.5,0.0
H1-2,2,0,0.0,0.0,0.0,0.0,0.0,0.0
H1-5,2,2,1.0,1.0,0.0,1.0,0.0,0.0
H1-6,2,0,0.0,0.0,0.0,0.0,0.0,0.0
H1-7,2,0,0.0,0.0,0.0,0.0,0.0,0.0
H1-8,1,1,1.0,1.0,1.0,0.0,0.0,0.0
H3-3A,3,3,1.0,1.6666666666666667,0.0,0.6666666666666666,0.0,1.0
H6PD,3,2,0.6666666666666666,2.3333333333333335,0.6666666666666666,0.3333333333333333,0.6666666666666666,0.6666666666666666
HABP2,2,1,0.5,2.0,0.5,0.5,0.5,0.5
HACD1,1,0,0.0,0.0,0.0,0.0,0.0,0.0
HADHA,1,0,0.0,0.0,0.0,0.0,0.0,0.0
HADHB,5,1,0.2,0.2,0.0,0.0,0.2,0.0
HAL,1,0,0.0,0.0,0.0,0.0,0.0,0.0
HAMP,2,1,0.5,1.5,0.5,0.5,0.5,0.0
HAO2,1,0,0.0,0.0,0.0,0.0,0.0,0.0
HAP1,9,3,0.3333333333333333,0.5555555555555556,0.2222222222222222,0.2222222222222222,0.1111111111111111,0.0
HARS1,2,2,1.0,1.0,0.0,0.0,1.0,0.0
HAS3,1,0,0.0,0.0,0.0,0.0,0.0,0.0
HASPIN,5,2,0.4,0.4,0.4,0.0,0.0,0.0
HAUS8,1,1,1.0,1.0,1.0,0.0,0.0,0.0
HAX1,1,0,0.0,0.0,0.0,0.0,0.0,0.0
HBB,115,112,0.9739130434782609,2.965217391304348,0.8956521739130435,0.4782608695652174,0.6782608695652174,0.9130434782608695
HBD,9,9,1.0,2.4444444444444446,1.0,0.4444444444444444,0.3333333333333333,0.6666666666666666
HBG1,1,1,1.0,4.0,1.0,1.0,1.0,1.0
HBG2,16,13,0.8125,2.25,0.8125,0.3125,0.6875,0.4375
HBS1L,1,1,1.0,1.0,0.0,0.0,1.0,0.0
HCAR1,1,0,0.0,0.0,0.0,0.0,0.0,0.0
HCAR2,1,0,0.0,0.0,0.0,0.0,0.0,0.0
HCFC1,2,0,0.0,0.0,0.0,0.0,0.0,0.0
HCFC1R1,1,1,1.0,1.0,1.0,0.0,0.0,0.0
HCK,2,2,1.0,3.0,1.0,0.5,1.0,0.5
HCLS1,2,1,0.5,0.5,0.0,0.0,0.5,0.0
HCN1,3,1,0.3333333333333333,0.3333333333333333,0.0,0.3333333333333333,0.0,0.0
HCN2,4,3,0.75,1.0,0.25,0.25,0.25,0.25
HCRTR1,1,1,1.0,1.0,0.0,0.0,1.0,0.0
HCRTR2,1,1,1.0,2.0,1.0,0.0,1.0,0.0
HDAC4,1,1,1.0,1.0,0.0,0.0,0.0,1.0
HDAC6,1,1,1.0,2.0,1.0,0.0,1.0,0.0
HDAC9,1,1,1.0,1.0,0.0,0.0,1.0,0.0
HDC,1,1,1.0,3.0,1.0,1.0,1.0,0.0
HDLBP,2,1,0.5,0.5,0.0,0.0,0.5,0.0
HEATR1,4,0,0.0,0.0,0.0,0.0,0.0,0.0
HEATR3,1,1,1.0,1.0,0.0,0.0,0.0,1.0
HECW2,1,0,0.0,0.0,0.0,0.0,0.0,0.0
HELB,3,1,0.3333333333333333,1.0,0.3333333333333333,0.3333333333333333,0.3333333333333333,0.0
HELQ,1,0,0.0,0.0,0.0,0.0,0.0,0.0
HEPACAM,2,2,1.0,1.5,1.0,0.0,0.0,0.5
HEPHL1,1,1,1.0,2.0,1.0,1.0,0.0,0.0
HERC1,4,2,0.5,1.25,0.5,0.5,0.25,0.0
HERC3,1,1,1.0,3.0,1.0,1.0,1.0,0.0
HERC6,3,1,0.3333333333333333,0.6666666666666666,0.3333333333333333,0.0,0.3333333333333333,0.0
HERPUD2,1,1,1.0,1.0,0.0,1.0,0.0,0.0
HES2,1,0,0.0,0.0,0.0,0.0,0.0,0.0
HES6,1,0,0.0,0.0,0.0,0.0,0.0,0.0
HES7,1,1,1.0,3.0,1.0,1.0,0.0,1.0
HESX1,2,0,0.0,0.0,0.0,0.0,0.0,0.0
HEXA,14,4,0.2857142857142857,0.9285714285714286,0.21428571428571427,0.2857142857142857,0.21428571428571427,0.21428571428571427
HEXB,1,1,1.0,1.0,0.0,0.0,1.0,0.0
HEXD,2,1,0.5,1.5,0.5,0.5,0.0,0.5
HFE,4,3,0.75,1.75,0.5,0.25,0.25,0.75
HGD,19,3,0.15789473684210525,0.21052631578947367,0.10526315789473684,0.10526315789473684,0.0,0.0
HGFAC,3,2,0.6666666666666666,1.0,0.0,0.0,0.6666666666666666,0.3333333333333333
HGS,1,1,1.0,1.0,0.0,0.0,1.0,0.0
HHAT,1,1,1.0,3.0,1.0,1.0,1.0,0.0
HHIP,1,1,1.0,1.0,0.0,0.0,1.0,0.0
HHLA2,2,1,0.5,0.5,0.5,0.0,0.0,0.0
HIC1,1,1,1.0,3.0,1.0,1.0,1.0,0.0
HIF1A,1,1,1.0,4.0,1.0,1.0,1.0,1.0
HIF1AN,1,0,0.0,0.0,0.0,0.0,0.0,0.0
HIF3A,1,0,0.0,0.0,0.0,0.0,0.0,0.0
HINFP,3,1,0.3333333333333333,0.3333333333333333,0.0,0.0,0.3333333333333333,0.0
HINT1,2,0,0.0,0.0,0.0,0.0,0.0,0.0
HIP1R,4,2,0.5,0.75,0.25,0.0,0.5,0.0
HIPK3,2,1,0.5,0.5,0.0,0.0,0.5,0.0
HIPK4,2,2,1.0,1.5,1.0,0.5,0.0,0.0
HIVEP1,4,3,0.75,1.0,0.25,0.5,0.25,0.0
HIVEP2,2,0,0.0,0.0,0.0,0.0,0.0,0.0
HIVEP3,3,2,0.6666666666666666,0.6666666666666666,0.6666666666666666,0.0,0.0,0.0
HJURP,4,3,0.75,1.0,0.5,0.5,0.0,0.0
HK1,1,1,1.0,1.0,0.0,1.0,0.0,0.0
HK2,1,1,1.0,1.0,1.0,0.0,0.0,0.0
HKDC1,3,2,0.6666666666666666,1.0,0.3333333333333333,0.0,0.3333333333333333,0.3333333333333333
HLA-A,10,4,0.4,0.7,0.4,0.1,0.2,0.0
HLA-B,49,24,0.4897959183673469,0.6938775510204082,0.4897959183673469,0.12244897959183673,0.08163265306122448,0.0
HLA-C,35,19,0.5428571428571428,0.6857142857142857,0.4857142857142857,0.02857142857142857,0.17142857142857143,0.0
HLA-DMB,1,1,1.0,3.0,1.0,1.0,1.0,0.0
HLA-DOA,1,1,1.0,2.0,0.0,1.0,1.0,0.0
HLA-DOB,6,3,0.5,0.6666666666666666,0.5,0.16666666666666666,0.0,0.0
HLA-DPA1,7,3,0.42857142857142855,1.0,0.42857142857142855,0.2857142857142857,0.2857142857142857,0.0
HLA-DPB1,11,5,0.45454545454545453,0.8181818181818182,0.45454545454545453,0.18181818181818182,0.18181818181818182,0.0
HLA-DQA2,1,1,1.0,1.0,1.0,0.0,0.0,0.0
HLA-DQB1,34,14,0.4117647058823529,0.6470588235294118,0.4117647058823529,0.08823529411764706,0.14705882352941177,0.0
HLA-DQB2,2,1,0.5,0.5,0.5,0.0,0.0,0.0
HLA-DRB1,23,11,0.4782608695652174,0.7391304347826086,0.43478260869565216,0.17391304347826086,0.13043478260869565,0.0
HLA-DRB3,14,5,0.35714285714285715,0.5714285714285714,0.35714285714285715,0.07142857142857142,0.14285714285714285,0.0
HLA-DRB5,10,5,0.5,0.5,0.4,0.1,0.0,0.0
HLA-F,1,1,1.0,1.0,1.0,0.0,0.0,0.0
HLCS,6,1,0.16666666666666666,0.16666666666666666,0.0,0.0,0.16666666666666666,0.0
HLTF,2,1,0.5,0.5,0.0,0.0,0.5,0.0
HLX,3,3,1.0,1.0,0.6666666666666666,0.0,0.3333333333333333,0.0
HMBS,14,5,0.35714285714285715,0.5,0.2857142857142857,0.21428571428571427,0.0,0.0
HMCN1,3,3,1.0,2.6666666666666665,0.3333333333333333,1.0,1.0,0.3333333333333333
HMGCL,1,0,0.0,0.0,0.0,0.0,0.0,0.0
HMGCS2,4,1,0.25,0.5,0.25,0.25,0.0,0.0
HMMR,1,1,1.0,3.0,1.0,1.0,1.0,0.0
HNF1A,20,7,0.35,1.05,0.3,0.2,0.25,0.3
HNF4A,1,1,1.0,2.0,0.0,0.0,1.0,1.0
HNF4G,1,0,0.0,0.0,0.0,0.0,0.0,0.0
HNRNPA1,3,3,1.0,2.6666666666666665,1.0,1.0,0.0,0.6666666666666666
HNRNPA1L2,1,1,1.0,1.0,1.0,0.0,0.0,0.0
HNRNPA2B1,1,0,0.0,0.0,0.0,0.0,0.0,0.0
HNRNPDL,1,0,0.0,0.0,0.0,0.0,0.0,0.0
HNRNPH2,1,1,1.0,2.0,0.0,1.0,0.0,1.0
HNRNPU,1,1,1.0,1.0,0.0,0.0,1.0,0.0
HOMER3,1,0,0.0,0.0,0.0,0.0,0.0,0.0
HOMEZ,2,1,0.5,0.5,0.5,0.0,0.0,0.0
HOOK2,1,1,1.0,2.0,0.0,1.0,1.0,0.0
HORMAD2,1,1,1.0,1.0,1.0,0.0,0.0,0.0
HOXA2,1,0,0.0,0.0,0.0,0.0,0.0,0.0
HOXA4,1,1,1.0,4.0,1.0,1.0,1.0,1.0
HOXA7,1,1,1.0,3.0,1.0,1.0,1.0,0.0
HOXB1,3,2,0.6666666666666666,0.6666666666666666,0.0,0.0,0.6666666666666666,0.0
HOXB13,1,1,1.0,2.0,1.0,0.0,1.0,0.0
HOXC11,1,1,1.0,1.0,0.0,0.0,1.0,0.0
HOXC4,1,1,1.0,4.0,1.0,1.0,1.0,1.0
HOXD12,2,2,1.0,2.5,0.5,0.5,1.0,0.5
HOXD13,3,1,0.3333333333333333,0.3333333333333333,0.0,0.0,0.3333333333333333,0.0
HOXD3,1,1,1.0,3.0,1.0,1.0,1.0,0.0
HOXD4,1,1,1.0,1.0,0.0,0.0,1.0,0.0
HP,1,1,1.0,3.0,1.0,0.0,1.0,1.0
HPDL,1,1,1.0,2.0,0.0,1.0,0.0,1.0
HPGD,1,1,1.0,1.0,0.0,1.0,0.0,0.0
HPR,2,0,0.0,0.0,0.0,0.0,0.0,0.0
HPRT1,8,4,0.5,0.75,0.25,0.5,0.0,0.0
HPS1,2,1,0.5,1.5,0.5,0.5,0.5,0.0
HPS4,2,2,1.0,1.0,0.5,0.0,0.5,0.0
HPSE,1,0,0.0,0.0,0.0,0.0,0.0,0.0
HR,5,1,0.2,0.2,0.0,0.0,0.2,0.0
HRAS,8,6,0.75,0.75,0.0,0.75,0.0,0.0
HRG,2,2,1.0,1.0,1.0,0.0,0.0,0.0
HRNR,6,2,0.3333333333333333,0.3333333333333333,0.16666666666666666,0.16666666666666666,0.0,0.0
HS2ST1,1,0,0.0,0.0,0.0,0.0,0.0,0.0
HS3ST2,1,1,1.0,1.0,0.0,0.0,1.0,0.0
HS6ST1,1,0,0.0,0.0,0.0,0.0,0.0,0.0
HSCB,1,0,0.0,0.0,0.0,0.0,0.0,0.0
HSD11B2,3,2,0.6666666666666666,1.6666666666666667,0.3333333333333333,0.6666666666666666,0.3333333333333333,0.3333333333333333
HSD17B10,2,1,0.5,1.0,0.5,0.5,0.0,0.0
HSD17B14,1,1,1.0,3.0,1.0,1.0,1.0,0.0
HSD17B2,1,1,1.0,3.0,1.0,1.0,1.0,0.0
HSD17B3,7,2,0.2857142857142857,0.2857142857142857,0.0,0.14285714285714285,0.14285714285714285,0.0
HSD17B4,4,1,0.25,1.0,0.25,0.25,0.25,0.25
HSD3B1,2,1,0.5,1.0,0.5,0.5,0.0,0.0
HSD3B2,8,4,0.5,1.625,0.5,0.25,0.5,0.375
HSF4,2,0,0.0,0.0,0.0,0.0,0.0,0.0
HSPA12B,3,1,0.3333333333333333,0.6666666666666666,0.3333333333333333,0.0,0.3333333333333333,0.0
HSPA1L,3,3,1.0,2.3333333333333335,1.0,0.3333333333333333,1.0,0.0
HSPA2,1,1,1.0,3.0,1.0,1.0,1.0,0.0
HSPA4L,1,1,1.0,3.0,1.0,1.0,1.0,0.0
HSPA5,1,1,1.0,1.0,0.0,0.0,1.0,0.0
HSPA6,5,4,0.8,1.6,0.8,0.2,0.6,0.0
HSPA8,1,1,1.0,2.0,1.0,0.0,1.0,0.0
HSPA9,2,2,1.0,2.0,0.5,0.5,1.0,0.0
HSPB1,16,10,0.625,0.9375,0.25,0.375,0.0625,0.25
HSPB8,2,0,0.0,0.0,0.0,0.0,0.0,0.0
HSPG2,6,3,0.5,1.5,0.3333333333333333,0.5,0.5,0.16666666666666666
HTR1A,1,1,1.0,1.0,0.0,0.0,1.0,0.0
HTR1B,1,1,1.0,2.0,1.0,0.0,1.0,0.0
HTR1D,1,0,0.0,0.0,0.0,0.0,0.0,0.0
HTR2B,1,0,0.0,0.0,0.0,0.0,0.0,0.0
HTR3B,1,1,1.0,2.0,1.0,1.0,0.0,0.0
HTR3D,1,0,0.0,0.0,0.0,0.0,0.0,0.0
HTR7,1,0,0.0,0.0,0.0,0.0,0.0,0.0
HTRA1,6,0,0.0,0.0,0.0,0.0,0.0,0.0
HTRA2,2,1,0.5,1.5,0.5,0.5,0.0,0.5
HTT,7,6,0.8571428571428571,1.4285714285714286,0.14285714285714285,0.42857142857142855,0.8571428571428571,0.0
HUS1B,1,1,1.0,2.0,1.0,1.0,0.0,0.0
HUWE1,3,1,0.3333333333333333,0.3333333333333333,0.0,0.0,0.0,0.3333333333333333
HYDIN,1,1,1.0,2.0,1.0,0.0,1.0,0.0
IARS1,1,0,0.0,0.0,0.0,0.0,0.0,0.0
IBA57,1,1,1.0,4.0,1.0,1.0,1.0,1.0
IBSP,1,0,0.0,0.0,0.0,0.0,0.0,0.0
IBTK,1,0,0.0,0.0,0.0,0.0,0.0,0.0
ICAM1,3,1,0.3333333333333333,0.3333333333333333,0.0,0.3333333333333333,0.0,0.0
ICAM4,1,0,0.0,0.0,0.0,0.0,0.0,0.0
ICAM5,1,0,0.0,0.0,0.0,0.0,0.0,0.0
ICE1,1,0,0.0,0.0,0.0,0.0,0.0,0.0
IDH2,9,3,0.3333333333333333,1.1111111111111112,0.2222222222222222,0.3333333333333333,0.2222222222222222,0.3333333333333333
IDH3B,1,1,1.0,3.0,1.0,1.0,1.0,0.0
IDS,13,1,0.07692307692307693,0.3076923076923077,0.07692307692307693,0.07692307692307693,0.07692307692307693,0.07692307692307693
IDUA,23,8,0.34782608695652173,0.7391304347826086,0.30434782608695654,0.21739130434782608,0.13043478260869565,0.08695652173913043
IER3,1,0,0.0,0.0,0.0,0.0,0.0,0.0
IER5,3,1,0.3333333333333333,0.3333333333333333,0.3333333333333333,0.0,0.0,0.0
IFI16,1,1,1.0,1.0,0.0,1.0,0.0,0.0
IFI44L,2,0,0.0,0.0,0.0,0.0,0.0,0.0
IFIT1,1,1,1.0,2.0,1.0,1.0,0.0,0.0
IFITM1,2,0,0.0,0.0,0.0,0.0,0.0,0.0
IFITM2,4,0,0.0,0.0,0.0,0.0,0.0,0.0
IFNA1,1,0,0.0,0.0,0.0,0.0,0.0,0.0
IFNA10,1,0,0.0,0.0,0.0,0.0,0.0,0.0
IFNA4,1,1,1.0,1.0,1.0,0.0,0.0,0.0
IFNAR1,5,2,0.4,1.2,0.2,0.4,0.4,0.2
IFNAR2,4,2,0.5,1.0,0.5,0.25,0.25,0.0
IFNGR1,2,2,1.0,1.5,0.5,0.0,0.5,0.5
IFNGR2,2,1,0.5,0.5,0.5,0.0,0.0,0.0
IFNK,1,0,0.0,0.0,0.0,0.0,0.0,0.0
IFNL3,1,0,0.0,0.0,0.0,0.0,0.0,0.0
IFNW1,1,1,1.0,1.0,0.0,1.0,0.0,0.0
IFT122,2,1,0.5,0.5,0.0,0.0,0.0,0.5
IFT140,9,6,0.6666666666666666,1.8888888888888888,0.4444444444444444,0.5555555555555556,0.5555555555555556,0.3333333333333333
IFT172,1,0,0.0,0.0,0.0,0.0,0.0,0.0
IFT43,1,0,0.0,0.0,0.0,0.0,0.0,0.0
IFT70B,1,1,1.0,2.0,1.0,0.0,1.0,0.0
IFT74,1,0,0.0,0.0,0.0,0.0,0.0,0.0
IGBP1,1,0,0.0,0.0,0.0,0.0,0.0,0.0
IGDCC4,3,0,0.0,0.0,0.0,0.0,0.0,0.0
IGF2,1,0,0.0,0.0,0.0,0.0,0.0,0.0
IGF2R,8,6,0.75,1.75,0.5,0.625,0.625,0.0
IGFALS,1,0,0.0,0.0,0.0,0.0,0.0,0.0
IGFBP1,1,0,0.0,0.0,0.0,0.0,0.0,0.0
IGFBP3,4,1,0.25,0.25,0.0,0.25,0.0,0.0
IGHMBP2,13,3,0.23076923076923078,0.38461538461538464,0.15384615384615385,0.0,0.07692307692307693,0.15384615384615385
IGSF10,3,3,1.0,1.0,0.3333333333333333,0.0,0.0,0.6666666666666666
IGSF11,3,1,0.3333333333333333,1.0,0.3333333333333333,0.3333333333333333,0.3333333333333333,0.0
IGSF5,2,2,1.0,1.0,0.5,0.5,0.0,0.0
IGSF9,2,2,1.0,3.0,1.0,1.0,1.0,0.0
IHH,3,1,0.3333333333333333,0.3333333333333333,0.0,0.3333333333333333,0.0,0.0
IKBKG,2,0,0.0,0.0,0.0,0.0,0.0,0.0
IKZF1,2,0,0.0,0.0,0.0,0.0,0.0,0.0
IL10RA,6,2,0.3333333333333333,1.0,0.3333333333333333,0.3333333333333333,0.3333333333333333,0.0
IL11RA,2,1,0.5,0.5,0.0,0.0,0.0,0.5
IL12RB1,1,1,1.0,1.0,1.0,0.0,0.0,0.0
IL12RB2,1,0,0.0,0.0,0.0,0.0,0.0,0.0
IL16,2,1,0.5,0.5,0.5,0.0,0.0,0.0
IL17RA,2,2,1.0,2.5,1.0,1.0,0.5,0.0
IL17RB,2,1,0.5,0.5,0.0,0.5,0.0,0.0
IL17RD,1,1,1.0,2.0,1.0,0.0,0.0,1.0
IL17RE,3,0,0.0,0.0,0.0,0.0,0.0,0.0
IL18BP,1,1,1.0,2.0,1.0,1.0,0.0,0.0
IL18R1,1,0,0.0,0.0,0.0,0.0,0.0,0.0
IL18RAP,1,1,1.0,1.0,1.0,0.0,0.0,0.0
IL1A,2,2,1.0,2.0,0.0,1.0,1.0,0.0
IL1F10,1,0,0.0,0.0,0.0,0.0,0.0,0.0
IL1R1,1,0,0.0,0.0,0.0,0.0,0.0,0.0
IL1RL1,2,0,0.0,0.0,0.0,0.0,0.0,0.0
IL20,1,1,1.0,3.0,1.0,1.0,1.0,0.0
IL20RA,1,1,1.0,1.0,0.0,1.0,0.0,0.0
IL22RA1,3,1,0.3333333333333333,0.3333333333333333,0.0,0.3333333333333333,0.0,0.0
IL22RA2,1,0,0.0,0.0,0.0,0.0,0.0,0.0
IL27,1,0,0.0,0.0,0.0,0.0,0.0,0.0
IL2RG,3,1,0.3333333333333333,0.3333333333333333,0.3333333333333333,0.0,0.0,0.0
IL3,3,2,0.6666666666666666,0.6666666666666666,0.6666666666666666,0.0,0.0,0.0
IL36G,1,0,0.0,0.0,0.0,0.0,0.0,0.0
IL3RA,1,0,0.0,0.0,0.0,0.0,0.0,0.0
IL4I1,1,1,1.0,3.0,0.0,1.0,1.0,1.0
IL4R,7,3,0.42857142857142855,0.42857142857142855,0.42857142857142855,0.0,0.0,0.0
IL5RA,1,1,1.0,1.0,1.0,0.0,0.0,0.0
IL6,1,0,0.0,0.0,0.0,0.0,0.0,0.0
IL6R,3,1,0.3333333333333333,0.3333333333333333,0.0,0.0,0.0,0.3333333333333333
IL6ST,1,0,0.0,0.0,0.0,0.0,0.0,0.0
IL7R,1,0,0.0,0.0,0.0,0.0,0.0,0.0
ILDR1,1,1,1.0,2.0,1.0,1.0,0.0,0.0
IMPA1,1,1,1.0,1.0,0.0,0.0,1.0,0.0
IMPACT,1,0,0.0,0.0,0.0,0.0,0.0,0.0
IMPG1,1,0,0.0,0.0,0.0,0.0,0.0,0.0
IMPG2,3,1,0.3333333333333333,1.0,0.3333333333333333,0.3333333333333333,0.3333333333333333,0.0
INCENP,1,0,0.0,0.0,0.0,0.0,0.0,0.0
INF2,8,2,0.25,0.625,0.125,0.25,0.125,0.125
INHA,1,0,0.0,0.0,0.0,0.0,0.0,0.0
INHBA,1,1,1.0,1.0,0.0,0.0,1.0,0.0
INMT,7,2,0.2857142857142857,0.5714285714285714,0.2857142857142857,0.2857142857142857,0.0,0.0
INPP1,2,2,1.0,1.5,0.0,0.5,1.0,0.0
INPP4A,1,0,0.0,0.0,0.0,0.0,0.0,0.0
INPP4B,1,1,1.0,3.0,1.0,1.0,1.0,0.0
INPP5D,1,0,0.0,0.0,0.0,0.0,0.0,0.0
INPP5E,2,0,0.0,0.0,0.0,0.0,0.0,0.0
INPP5J,1,1,1.0,2.0,1.0,0.0,1.0,0.0
INPPL1,5,2,0.4,1.2,0.2,0.4,0.4,0.2
INS,6,3,0.5,1.3333333333333333,0.3333333333333333,0.3333333333333333,0.3333333333333333,0.3333333333333333
INSC,1,1,1.0,3.0,1.0,1.0,1.0,0.0
INSL3,2,0,0.0,0.0,0.0,0.0,0.0,0.0
INSM2,1,0,0.0,0.0,0.0,0.0,0.0,0.0
INSR,16,7,0.4375,0.5625,0.1875,0.125,0.25,0.0
INSRR,2,1,0.5,2.0,0.5,0.5,0.5,0.5
INTS1,2,2,1.0,3.5,1.0,1.0,0.5,1.0
INTS15,1,1,1.0,3.0,1.0,1.0,1.0,0.0
IP6K3,2,2,1.0,1.5,0.5,0.0,1.0,0.0
IPMK,1,0,0.0,0.0,0.0,0.0,0.0,0.0
IPO11,1,1,1.0,1.0,0.0,0.0,1.0,0.0
IPO4,2,2,1.0,3.0,1.0,1.0,1.0,0.0
IPO5,3,3,1.0,1.6666666666666667,0.3333333333333333,0.3333333333333333,1.0,0.0
IPO8,2,2,1.0,2.5,0.5,0.5,1.0,0.5
IPP,1,1,1.0,2.0,1.0,0.0,1.0,0.0
IPPK,1,1,1.0,3.0,1.0,1.0,1.0,0.0
IQCB1,2,2,1.0,2.0,0.5,0.5,1.0,0.0
IQCC,1,0,0.0,0.0,0.0,0.0,0.0,0.0
IQCD,1,0,0.0,0.0,0.0,0.0,0.0,0.0
IQCE,4,1,0.25,0.5,0.25,0.0,0.25,0.0
IQCF1,1,1,1.0,4.0,1.0,1.0,1.0,1.0
IQCK,1,1,1.0,3.0,1.0,1.0,1.0,0.0
IQCN,6,1,0.16666666666666666,0.16666666666666666,0.0,0.16666666666666666,0.0,0.0
IQGAP1,1,0,0.0,0.0,0.0,0.0,0.0,0.0
IQGAP2,7,4,0.5714285714285714,1.4285714285714286,0.42857142857142855,0.2857142857142857,0.5714285714285714,0.14285714285714285
IQGAP3,2,2,1.0,3.0,1.0,0.5,1.0,0.5
IQSEC1,2,2,1.0,1.0,0.0,0.0,0.0,1.0
IQSEC2,1,0,0.0,0.0,0.0,0.0,0.0,0.0
IQUB,2,0,0.0,0.0,0.0,0.0,0.0,0.0
IRAG1,1,1,1.0,1.0,1.0,0.0,0.0,0.0
IRAK1,3,1,0.3333333333333333,0.3333333333333333,0.3333333333333333,0.0,0.0,0.0
IRAK2,5,0,0.0,0.0,0.0,0.0,0.0,0.0
IRAK3,10,7,0.7,1.8,0.5,0.7,0.6,0.0
IRAK4,4,1,0.25,1.0,0.25,0.25,0.25,0.25
IRF2BP1,1,1,1.0,1.0,0.0,0.0,1.0,0.0
IRF2BP2,1,1,1.0,1.0,0.0,0.0,0.0,1.0
IRF2BPL,1,1,1.0,1.0,0.0,0.0,0.0,1.0
IRF3,2,2,1.0,1.0,1.0,0.0,0.0,0.0
IRF6,6,2,0.3333333333333333,0.5,0.3333333333333333,0.16666666666666666,0.0,0.0
IRF7,1,0,0.0,0.0,0.0,0.0,0.0,0.0
IRF8,1,0,0.0,0.0,0.0,0.0,0.0,0.0
IRS1,4,2,0.5,1.5,0.5,0.5,0.5,0.0
IRS2,2,1,0.5,1.0,0.5,0.5,0.0,0.0
IRS4,1,1,1.0,1.0,1.0,0.0,0.0,0.0
IRX4,1,1,1.0,2.0,0.0,1.0,1.0,0.0
IRX5,1,0,0.0,0.0,0.0,0.0,0.0,0.0
ISCU,2,2,1.0,2.5,0.5,1.0,1.0,0.0
ISM1,2,1,0.5,0.5,0.0,0.0,0.5,0.0
ISM2,4,3,0.75,0.75,0.75,0.0,0.0,0.0
ISX,2,2,1.0,3.0,1.0,0.5,1.0,0.5
ITGA1,2,2,1.0,2.5,0.5,1.0,1.0,0.0
ITGA2,1,0,0.0,0.0,0.0,0.0,0.0,0.0
ITGA2B,12,3,0.25,0.3333333333333333,0.08333333333333333,0.08333333333333333,0.08333333333333333,0.08333333333333333
ITGA3,3,1,0.3333333333333333,0.3333333333333333,0.0,0.0,0.0,0.3333333333333333
ITGA4,1,1,1.0,1.0,1.0,0.0,0.0,0.0
ITGA5,1,1,1.0,2.0,1.0,0.0,1.0,0.0
ITGA7,1,1,1.0,1.0,0.0,0.0,1.0,0.0
ITGA8,2,0,0.0,0.0,0.0,0.0,0.0,0.0
ITGA9,1,1,1.0,2.0,1.0,0.0,1.0,0.0
ITGAL,1,1,1.0,1.0,1.0,0.0,0.0,0.0
ITGAM,1,0,0.0,0.0,0.0,0.0,0.0,0.0
ITGAV,1,0,0.0,0.0,0.0,0.0,0.0,0.0
ITGAX,3,2,0.6666666666666666,0.6666666666666666,0.6666666666666666,0.0,0.0,0.0
ITGB2,3,0,0.0,0.0,0.0,0.0,0.0,0.0
ITGB4,3,0,0.0,0.0,0.0,0.0,0.0,0.0
ITGB5,1,1,1.0,2.0,0.0,1.0,1.0,0.0
ITGB6,1,1,1.0,1.0,0.0,1.0,0.0,0.0
ITGB7,1,0,0.0,0.0,0.0,0.0,0.0,0.0
ITIH1,2,2,1.0,3.0,1.0,1.0,1.0,0.0
ITIH3,3,0,0.0,0.0,0.0,0.0,0.0,0.0
ITIH4,4,3,0.75,1.0,0.5,0.25,0.25,0.0
ITIH5,3,0,0.0,0.0,0.0,0.0,0.0,0.0
ITK,2,2,1.0,2.0,0.5,0.5,0.5,0.5
ITLN2,1,0,0.0,0.0,0.0,0.0,0.0,0.0
ITPA,2,2,1.0,3.0,1.0,1.0,0.0,1.0
ITPR1,4,1,0.25,0.5,0.25,0.0,0.0,0.25
ITPR2,3,1,0.3333333333333333,0.6666666666666666,0.0,0.3333333333333333,0.3333333333333333,0.0
ITPR3,3,2,0.6666666666666666,2.3333333333333335,0.3333333333333333,0.6666666666666666,0.6666666666666666,0.6666666666666666
ITPRID1,2,2,1.0,1.5,0.5,1.0,0.0,0.0
ITPRID2,1,0,0.0,0.0,0.0,0.0,0.0,0.0
ITPRIPL1,3,3,1.0,1.6666666666666667,0.3333333333333333,0.6666666666666666,0.6666666666666666,0.0
ITPRIPL2,1,1,1.0,1.0,0.0,1.0,0.0,0.0
IVL,4,1,0.25,0.25,0.0,0.25,0.0,0.0
IZUMO2,2,1,0.5,1.5,0.5,0.5,0.5,0.0
IZUMO4,3,2,0.6666666666666666,1.3333333333333333,0.6666666666666666,0.0,0.6666666666666666,0.0
JADE1,1,0,0.0,0.0,0.0,0.0,0.0,0.0
JADE2,1,1,1.0,3.0,1.0,1.0,1.0,0.0
JAG1,3,1,0.3333333333333333,0.3333333333333333,0.0,0.3333333333333333,0.0,0.0
JAG2,2,2,1.0,1.0,1.0,0.0,0.0,0.0
JAK2,6,2,0.3333333333333333,1.0,0.3333333333333333,0.16666666666666666,0.3333333333333333,0.16666666666666666
JAK3,2,1,0.5,0.5,0.5,0.0,0.0,0.0
JAKMIP1,1,1,1.0,1.0,0.0,0.0,1.0,0.0
JAM2,1,1,1.0,1.0,0.0,0.0,1.0,0.0
JAM3,2,0,0.0,0.0,0.0,0.0,0.0,0.0
JAML,2,1,0.5,0.5,0.5,0.0,0.0,0.0
JCAD,3,1,0.3333333333333333,1.0,0.3333333333333333,0.3333333333333333,0.3333333333333333,0.0
JMJD1C,1,0,0.0,0.0,0.0,0.0,0.0,0.0
JMY,1,0,0.0,0.0,0.0,0.0,0.0,0.0
JPH2,4,1,0.25,0.25,0.0,0.0,0.0,0.25
JPH3,3,3,1.0,1.3333333333333333,1.0,0.0,0.3333333333333333,0.0
JSRP1,1,1,1.0,2.0,1.0,1.0,0.0,0.0
JTB,1,1,1.0,3.0,1.0,1.0,1.0,0.0
JUN,1,1,1.0,4.0,1.0,1.0,1.0,1.0
JUND,2,0,0.0,0.0,0.0,0.0,0.0,0.0
KANK1,3,0,0.0,0.0,0.0,0.0,0.0,0.0
KANK4,2,1,0.5,1.0,0.5,0.0,0.5,0.0
KANSL1,2,1,0.5,1.5,0.5,0.5,0.5,0.0
KARS1,2,0,0.0,0.0,0.0,0.0,0.0,0.0
KAT14,2,2,1.0,1.5,0.5,0.0,1.0,0.0
KAT6B,1,0,0.0,0.0,0.0,0.0,0.0,0.0
KATNB1,4,2,0.5,0.5,0.0,0.25,0.25,0.0
KATNIP,2,2,1.0,1.5,0.5,0.5,0.5,0.0
KAZALD1,5,4,0.8,2.2,0.8,0.4,0.8,0.2
KBTBD2,1,1,1.0,2.0,1.0,0.0,1.0,0.0
KBTBD8,1,0,0.0,0.0,0.0,0.0,0.0,0.0
KCNA1,7,2,0.2857142857142857,0.5714285714285714,0.14285714285714285,0.2857142857142857,0.0,0.14285714285714285
KCNA10,1,1,1.0,1.0,1.0,0.0,0.0,0.0
KCNA2,3,0,0.0,0.0,0.0,0.0,0.0,0.0
KCNA5,1,1,1.0,1.0,1.0,0.0,0.0,0.0
KCNA7,2,0,0.0,0.0,0.0,0.0,0.0,0.0
KCNB1,4,0,0.0,0.0,0.0,0.0,0.0,0.0
KCNB2,1,0,0.0,0.0,0.0,0.0,0.0,0.0
KCNC2,1,0,0.0,0.0,0.0,0.0,0.0,0.0
KCNC3,1,0,0.0,0.0,0.0,0.0,0.0,0.0
KCNC4,1,1,1.0,2.0,0.0,1.0,1.0,0.0
KCND2,1,0,0.0,0.0,0.0,0.0,0.0,0.0
KCND3,1,1,1.0,2.0,1.0,1.0,0.0,0.0
KCNE1,3,1,0.3333333333333333,0.6666666666666666,0.3333333333333333,0.0,0.3333333333333333,0.0
KCNE2,3,2,0.6666666666666666,2.6666666666666665,0.6666666666666666,0.6666666666666666,0.6666666666666666,0.6666666666666666
KCNG4,2,1,0.5,0.5,0.0,0.0,0.5,0.0
KCNH1,6,1,0.16666666666666666,0.16666666666666666,0.16666666666666666,0.0,0.0,0.0
KCNH2,49,30,0.6122448979591837,1.0612244897959184,0.2857142857142857,0.5102040816326531,0.16326530612244897,0.10204081632653061
KCNH5,3,1,0.3333333333333333,0.3333333333333333,0.0,0.0,0.3333333333333333,0.0
KCNH8,1,0,0.0,0.0,0.0,0.0,0.0,0.0
KCNJ1,3,1,0.3333333333333333,1.3333333333333333,0.3333333333333333,0.3333333333333333,0.3333333333333333,0.3333333333333333
KCNJ12,2,2,1.0,3.5,1.0,1.0,1.0,0.5
KCNJ13,3,3,1.0,3.6666666666666665,1.0,0.6666666666666666,1.0,1.0
KCNJ15,1,0,0.0,0.0,0.0,0.0,0.0,0.0
KCNJ2,5,1,0.2,0.6,0.2,0.2,0.2,0.0
KCNJ5,1,1,1.0,2.0,1.0,0.0,1.0,0.0
KCNK13,2,1,0.5,0.5,0.5,0.0,0.0,0.0
KCNK17,2,0,0.0,0.0,0.0,0.0,0.0,0.0
KCNK18,4,0,0.0,0.0,0.0,0.0,0.0,0.0
KCNK3,1,1,1.0,2.0,1.0,0.0,1.0,0.0
KCNK6,1,0,0.0,0.0,0.0,0.0,0.0,0.0
KCNK9,1,0,0.0,0.0,0.0,0.0,0.0,0.0
KCNMB1,1,0,0.0,0.0,0.0,0.0,0.0,0.0
KCNMB3,1,1,1.0,3.0,1.0,1.0,1.0,0.0
KCNQ1,44,11,0.25,0.3409090909090909,0.13636363636363635,0.18181818181818182,0.022727272727272728,0.0
KCNQ2,11,3,0.2727272727272727,0.2727272727272727,0.0,0.2727272727272727,0.0,0.0
KCNQ3,2,0,0.0,0.0,0.0,0.0,0.0,0.0
KCNQ4,2,0,0.0,0.0,0.0,0.0,0.0,0.0
KCNS1,1,0,0.0,0.0,0.0,0.0,0.0,0.0
KCNT1,3,3,1.0,2.3333333333333335,0.6666666666666666,0.6666666666666666,0.3333333333333333,0.6666666666666666
KCNT2,1,1,1.0,3.0,1.0,1.0,1.0,0.0
KCNU1,1,0,0.0,0.0,0.0,0.0,0.0,0.0
KCNV2,3,0,0.0,0.0,0.0,0.0,0.0,0.0
KCTD1,3,0,0.0,0.0,0.0,0.0,0.0,0.0
KCTD19,1,1,1.0,1.0,1.0,0.0,0.0,0.0
KDELR2,1,0,0.0,0.0,0.0,0.0,0.0,0.0
KDM3A,2,2,1.0,1.0,0.5,0.0,0.5,0.0
KDM3B,1,0,0.0,0.0,0.0,0.0,0.0,0.0
KDM4A,1,0,0.0,0.0,0.0,0.0,0.0,0.0
KDM4C,4,1,0.25,0.25,0.0,0.25,0.0,0.0
KDM4D,2,0,0.0,0.0,0.0,0.0,0.0,0.0
KDM4E,3,1,0.3333333333333333,0.3333333333333333,0.3333333333333333,0.0,0.0,0.0
KDM5A,1,0,0.0,0.0,0.0,0.0,0.0,0.0
KDM6A,1,1,1.0,3.0,1.0,1.0,1.0,0.0
KDM6B,1,0,0.0,0.0,0.0,0.0,0.0,0.0
KDR,3,1,0.3333333333333333,0.3333333333333333,0.3333333333333333,0.0,0.0,0.0
KEAP1,1,1,1.0,1.0,0.0,1.0,0.0,0.0
KEL,8,7,0.875,2.375,0.625,0.625,0.875,0.25
KHNYN,1,0,0.0,0.0,0.0,0.0,0.0,0.0
KIAA0319,2,1,0.5,0.5,0.0,0.5,0.0,0.0
KIAA0319L,1,1,1.0,1.0,0.0,0.0,1.0,0.0
KIAA0586,1,0,0.0,0.0,0.0,0.0,0.0,0.0
KIAA0753,6,1,0.16666666666666666,0.5,0.16666666666666666,0.16666666666666666,0.16666666666666666,0.0
KIAA1210,3,0,0.0,0.0,0.0,0.0,0.0,0.0
KIAA1549,1,1,1.0,3.0,1.0,1.0,1.0,0.0
KIAA1586,1,0,0.0,0.0,0.0,0.0,0.0,0.0
KIAA1614,3,1,0.3333333333333333,0.6666666666666666,0.3333333333333333,0.0,0.3333333333333333,0.0
KIF13A,1,0,0.0,0.0,0.0,0.0,0.0,0.0
KIF14,1,0,0.0,0.0,0.0,0.0,0.0,0.0
KIF15,1,0,0.0,0.0,0.0,0.0,0.0,0.0
KIF16B,3,1,0.3333333333333333,0.3333333333333333,0.3333333333333333,0.0,0.0,0.0
KIF17,3,0,0.0,0.0,0.0,0.0,0.0,0.0
KIF18A,1,0,0.0,0.0,0.0,0.0,0.0,0.0
KIF19,1,0,0.0,0.0,0.0,0.0,0.0,0.0
KIF1A,5,2,0.4,1.0,0.2,0.2,0.4,0.2
KIF1B,3,3,1.0,1.6666666666666667,0.3333333333333333,0.0,1.0,0.3333333333333333
KIF20A,1,1,1.0,1.0,0.0,0.0,0.0,1.0
KIF20B,3,2,0.6666666666666666,0.6666666666666666,0.6666666666666666,0.0,0.0,0.0
KIF21A,1,0,0.0,0.0,0.0,0.0,0.0,0.0
KIF22,1,1,1.0,4.0,1.0,1.0,1.0,1.0
KIF24,1,1,1.0,1.0,1.0,0.0,0.0,0.0
KIF27,1,1,1.0,4.0,1.0,1.0,1.0,1.0
KIF2B,4,2,0.5,0.5,0.25,0.0,0.25,0.0
KIF4A,2,1,0.5,1.5,0.5,0.5,0.5,0.0
KIF4B,1,1,1.0,3.0,1.0,1.0,1.0,0.0
KIF5C,3,0,0.0,0.0,0.0,0.0,0.0,0.0
KIF6,2,0,0.0,0.0,0.0,0.0,0.0,0.0
KIF7,5,1,0.2,0.6,0.2,0.2,0.2,0.0
KIFAP3,1,1,1.0,1.0,0.0,0.0,1.0,0.0
KIFC1,1,0,0.0,0.0,0.0,0.0,0.0,0.0
KIR2DL1,1,0,0.0,0.0,0.0,0.0,0.0,0.0
KIR2DL2,2,1,0.5,0.5,0.5,0.0,0.0,0.0
KIR2DL3,5,2,0.4,0.6,0.4,0.2,0.0,0.0
KIR2DL4,2,2,1.0,1.5,0.5,1.0,0.0,0.0
KIR3DL1,3,1,0.3333333333333333,0.3333333333333333,0.3333333333333333,0.0,0.0,0.0
KIR3DL2,3,2,0.6666666666666666,1.0,0.6666666666666666,0.3333333333333333,0.0,0.0
KIR3DS1,3,3,1.0,1.0,1.0,0.0,0.0,0.0
KIRREL2,2,1,0.5,1.0,0.0,0.5,0.5,0.0
KISS1,1,1,1.0,1.0,0.0,0.0,1.0,0.0
KISS1R,4,2,0.5,1.75,0.5,0.5,0.25,0.5
KIT,12,3,0.25,0.25,0.0,0.25,0.0,0.0
KL,3,1,0.3333333333333333,0.6666666666666666,0.3333333333333333,0.0,0.3333333333333333,0.0
KLB,1,0,0.0,0.0,0.0,0.0,0.0,0.0
KLF1,6,3,0.5,1.5,0.16666666666666666,0.5,0.5,0.3333333333333333
KLF17,2,2,1.0,1.0,1.0,0.0,0.0,0.0
KLF3,1,1,1.0,2.0,1.0,0.0,1.0,0.0
KLF4,1,1,1.0,2.0,1.0,0.0,1.0,0.0
KLF6,3,3,1.0,2.3333333333333335,1.0,0.3333333333333333,1.0,0.0
KLHDC4,5,3,0.6,1.4,0.6,0.4,0.4,0.0
KLHDC7A,5,1,0.2,0.2,0.2,0.0,0.0,0.0
KLHDC9,3,1,0.3333333333333333,0.3333333333333333,0.3333333333333333,0.0,0.0,0.0
KLHL13,1,1,1.0,1.0,0.0,0.0,1.0,0.0
KLHL26,1,1,1.0,1.0,0.0,0.0,1.0,0.0
KLHL28,1,0,0.0,0.0,0.0,0.0,0.0,0.0
KLHL3,6,2,0.3333333333333333,0.3333333333333333,0.0,0.3333333333333333,0.0,0.0
KLHL31,1,0,0.0,0.0,0.0,0.0,0.0,0.0
KLHL33,2,1,0.5,1.0,0.0,0.5,0.5,0.0
KLHL38,2,2,1.0,1.0,1.0,0.0,0.0,0.0
KLHL40,6,2,0.3333333333333333,0.8333333333333334,0.16666666666666666,0.16666666666666666,0.16666666666666666,0.3333333333333333
KLHL41,2,1,0.5,0.5,0.0,0.0,0.5,0.0
KLHL7,1,0,0.0,0.0,0.0,0.0,0.0,0.0
KLK11,2,1,0.5,1.5,0.0,0.5,0.5,0.5
KLK14,1,0,0.0,0.0,0.0,0.0,0.0,0.0
KLKB1,7,1,0.14285714285714285,0.14285714285714285,0.14285714285714285,0.0,0.0,0.0
KLRC1,1,0,0.0,0.0,0.0,0.0,0.0,0.0
KLRC3,2,1,0.5,0.5,0.5,0.0,0.0,0.0
KLRG2,2,0,0.0,0.0,0.0,0.0,0.0,0.0
KLRK1,1,1,1.0,1.0,1.0,0.0,0.0,0.0
KMT2A,1,1,1.0,1.0,1.0,0.0,0.0,0.0
KMT2B,3,2,0.6666666666666666,1.0,0.6666666666666666,0.0,0.3333333333333333,0.0
KMT2C,6,3,0.5,1.8333333333333333,0.5,0.5,0.5,0.3333333333333333
KMT2D,14,12,0.8571428571428571,1.6428571428571428,0.6428571428571429,0.2857142857142857,0.35714285714285715,0.35714285714285715
KMT2E,1,0,0.0,0.0,0.0,0.0,0.0,0.0
KNDC1,2,0,0.0,0.0,0.0,0.0,0.0,0.0
KNL1,2,2,1.0,1.5,0.5,1.0,0.0,0.0
KNOP1,3,1,0.3333333333333333,0.3333333333333333,0.3333333333333333,0.0,0.0,0.0
KNTC1,1,0,0.0,0.0,0.0,0.0,0.0,0.0
KPLCE,2,1,0.5,0.5,0.5,0.0,0.0,0.0
KPNA1,1,1,1.0,1.0,0.0,0.0,1.0,0.0
KRAS,13,1,0.07692307692307693,0.07692307692307693,0.0,0.07692307692307693,0.0,0.0
KRR1,1,1,1.0,3.0,1.0,1.0,1.0,0.0
KRT1,9,0,0.0,0.0,0.0,0.0,0.0,0.0
KRT10,13,0,0.0,0.0,0.0,0.0,0.0,0.0
KRT12,5,0,0.0,0.0,0.0,0.0,0.0,0.0
KRT13,1,0,0.0,0.0,0.0,0.0,0.0,0.0
KRT14,17,7,0.4117647058823529,0.7058823529411765,0.17647058823529413,0.35294117647058826,0.058823529411764705,0.11764705882352941
KRT15,2,0,0.0,0.0,0.0,0.0,0.0,0.0
KRT16,8,0,0.0,0.0,0.0,0.0,0.0,0.0
KRT17,8,2,0.25,0.25,0.0,0.25,0.0,0.0
KRT2,8,1,0.125,0.125,0.125,0.0,0.0,0.0
KRT23,1,1,1.0,1.0,1.0,0.0,0.0,0.0
KRT24,1,0,0.0,0.0,0.0,0.0,0.0,0.0
KRT25,3,1,0.3333333333333333,0.6666666666666666,0.3333333333333333,0.3333333333333333,0.0,0.0
KRT27,2,2,1.0,1.5,1.0,0.0,0.5,0.0
KRT28,1,0,0.0,0.0,0.0,0.0,0.0,0.0
KRT3,1,1,1.0,2.0,1.0,1.0,0.0,0.0
KRT32,1,1,1.0,3.0,1.0,1.0,1.0,0.0
KRT36,4,3,0.75,1.75,0.75,0.5,0.5,0.0
KRT37,2,2,1.0,1.5,1.0,0.5,0.0,0.0
KRT38,1,0,0.0,0.0,0.0,0.0,0.0,0.0
KRT39,2,1,0.5,1.0,0.0,0.5,0.5,0.0
KRT40,1,0,0.0,0.0,0.0,0.0,0.0,0.0
KRT5,16,3,0.1875,0.5625,0.125,0.1875,0.125,0.125
KRT6A,11,0,0.0,0.0,0.0,0.0,0.0,0.0
KRT6B,1,0,0.0,0.0,0.0,0.0,0.0,0.0
KRT71,4,2,0.5,0.5,0.25,0.0,0.25,0.0
KRT72,4,4,1.0,3.25,1.0,0.75,1.0,0.5
KRT74,2,2,1.0,4.0,1.0,1.0,1.0,1.0
KRT75,6,4,0.6666666666666666,2.5,0.6666666666666666,0.5,0.6666666666666666,0.6666666666666666
KRT79,1,1,1.0,1.0,1.0,0.0,0.0,0.0
KRT8,1,1,1.0,3.0,1.0,0.0,1.0,1.0
KRT82,2,1,0.5,2.0,0.5,0.5,0.5,0.5
KRT83,3,0,0.0,0.0,0.0,0.0,0.0,0.0
KRT84,3,2,0.6666666666666666,1.6666666666666667,0.6666666666666666,0.3333333333333333,0.3333333333333333,0.3333333333333333
KRT86,2,0,0.0,0.0,0.0,0.0,0.0,0.0
KRT9,8,1,0.125,0.125,0.0,0.125,0.0,0.0
KRTAP10-10,2,1,0.5,0.5,0.5,0.0,0.0,0.0
KRTAP10-12,1,0,0.0,0.0,0.0,0.0,0.0,0.0
KRTAP10-2,4,1,0.25,0.25,0.25,0.0,0.0,0.0
KRTAP10-3,1,0,0.0,0.0,0.0,0.0,0.0,0.0
KRTAP10-5,1,0,0.0,0.0,0.0,0.0,0.0,0.0
KRTAP10-6,1,0,0.0,0.0,0.0,0.0,0.0,0.0
KRTAP10-9,1,0,0.0,0.0,0.0,0.0,0.0,0.0
KRTAP12-2,2,1,0.5,0.5,0.5,0.0,0.0,0.0
KRTAP12-3,2,0,0.0,0.0,0.0,0.0,0.0,0.0
KRTAP13-2,1,0,0.0,0.0,0.0,0.0,0.0,0.0
KRTAP13-4,1,0,0.0,0.0,0.0,0.0,0.0,0.0
KRTAP19-2,1,1,1.0,1.0,1.0,0.0,0.0,0.0
KRTAP25-1,1,1,1.0,1.0,1.0,0.0,0.0,0.0
KRTAP26-1,1,1,1.0,2.0,1.0,1.0,0.0,0.0
KRTAP4-1,2,0,0.0,0.0,0.0,0.0,0.0,0.0
KRTAP4-4,1,0,0.0,0.0,0.0,0.0,0.0,0.0
KRTAP4-5,2,2,1.0,1.5,1.0,0.5,0.0,0.0
KRTAP5-3,1,0,0.0,0.0,0.0,0.0,0.0,0.0
KRTAP9-2,1,1,1.0,1.0,1.0,0.0,0.0,0.0
KRTAP9-9,1,0,0.0,0.0,0.0,0.0,0.0,0.0
KXD1,1,0,0.0,0.0,0.0,0.0,0.0,0.0
KYNU,3,3,1.0,2.0,1.0,0.3333333333333333,0.6666666666666666,0.0
L1CAM,4,1,0.25,1.0,0.25,0.25,0.25,0.25
L1TD1,1,1,1.0,1.0,1.0,0.0,0.0,0.0
L2HGDH,3,0,0.0,0.0,0.0,0.0,0.0,0.0
L3MBTL1,1,1,1.0,1.0,1.0,0.0,0.0,0.0
L3MBTL2,1,0,0.0,0.0,0.0,0.0,0.0,0.0
L3MBTL3,2,0,0.0,0.0,0.0,0.0,0.0,0.0
L3MBTL4,1,1,1.0,2.0,1.0,1.0,0.0,0.0
LACTB,1,1,1.0,1.0,0.0,0.0,1.0,0.0
LAD1,5,1,0.2,0.6,0.2,0.2,0.2,0.0
LAIR2,2,0,0.0,0.0,0.0,0.0,0.0,0.0
LAMA1,1,0,0.0,0.0,0.0,0.0,0.0,0.0
LAMA2,9,5,0.5555555555555556,1.1111111111111112,0.1111111111111111,0.2222222222222222,0.4444444444444444,0.3333333333333333
LAMA4,4,2,0.5,1.25,0.25,0.25,0.25,0.5
LAMA5,9,7,0.7777777777777778,1.4444444444444444,0.4444444444444444,0.5555555555555556,0.4444444444444444,0.0
LAMB1,1,0,0.0,0.0,0.0,0.0,0.0,0.0
LAMB2,4,2,0.5,2.0,0.5,0.5,0.5,0.5
LAMB3,5,1,0.2,0.2,0.0,0.0,0.2,0.0
LAMB4,2,0,0.0,0.0,0.0,0.0,0.0,0.0
LAMC1,2,0,0.0,0.0,0.0,0.0,0.0,0.0
LAMC2,2,1,0.5,0.5,0.5,0.0,0.0,0.0
LAMP3,1,0,0.0,0.0,0.0,0.0,0.0,0.0
LAMP5,1,0,0.0,0.0,0.0,0.0,0.0,0.0
LAMTOR1,1,1,1.0,2.0,1.0,0.0,1.0,0.0
LANCL2,1,0,0.0,0.0,0.0,0.0,0.0,0.0
LAPTM5,1,0,0.0,0.0,0.0,0.0,0.0,0.0
LARGE2,1,1,1.0,4.0,1.0,1.0,1.0,1.0
LARS1,1,1,1.0,1.0,0.0,0.0,1.0,0.0
LARS2,2,0,0.0,0.0,0.0,0.0,0.0,0.0
LATS1,1,1,1.0,1.0,0.0,0.0,1.0,0.0
LATS2,2,1,0.5,0.5,0.5,0.0,0.0,0.0
LBP,4,2,0.5,1.25,0.5,0.25,0.5,0.0
LBR,5,1,0.2,0.6,0.2,0.2,0.2,0.0
LBX2,1,1,1.0,1.0,1.0,0.0,0.0,0.0
LCA5,2,1,0.5,1.0,0.5,0.0,0.5,0.0
LCA5L,1,0,0.0,0.0,0.0,0.0,0.0,0.0
LCAT,12,3,0.25,0.5833333333333334,0.08333333333333333,0.08333333333333333,0.25,0.16666666666666666
LCE2A,1,1,1.0,2.0,1.0,1.0,0.0,0.0
LCE2B,1,0,0.0,0.0,0.0,0.0,0.0,0.0
LCE2D,1,1,1.0,3.0,1.0,1.0,1.0,0.0
LCE3A,1,1,1.0,2.0,1.0,1.0,0.0,0.0
LCE5A,1,1,1.0,1.0,1.0,0.0,0.0,0.0
LCK,1,0,0.0,0.0,0.0,0.0,0.0,0.0
LCMT2,1,0,0.0,0.0,0.0,0.0,0.0,0.0
LCN15,1,0,0.0,0.0,0.0,0.0,0.0,0.0
LCP1,1,1,1.0,1.0,0.0,0.0,1.0,0.0
LCP2,1,1,1.0,2.0,1.0,1.0,0.0,0.0
LCT,4,0,0.0,0.0,0.0,0.0,0.0,0.0
LCTL,1,1,1.0,2.0,1.0,0.0,1.0,0.0
LDB3,2,2,1.0,2.0,0.5,0.5,0.5,0.5
LDHA,1,0,0.0,0.0,0.0,0.0,0.0,0.0
LDHAL6B,2,0,0.0,0.0,0.0,0.0,0.0,0.0
LDHB,1,1,1.0,2.0,1.0,1.0,0.0,0.0
LDHD,1,0,0.0,0.0,0.0,0.0,0.0,0.0
LDLR,61,11,0.18032786885245902,0.26229508196721313,0.04918032786885246,0.13114754098360656,0.06557377049180328,0.01639344262295082
LDLRAD2,1,0,0.0,0.0,0.0,0.0,0.0,0.0
LDLRAP1,1,0,0.0,0.0,0.0,0.0,0.0,0.0
LEMD2,2,1,0.5,0.5,0.0,0.0,0.0,0.5
LEP,2,1,0.5,0.5,0.5,0.0,0.0,0.0
LEPR,6,4,0.6666666666666666,1.3333333333333333,0.3333333333333333,0.6666666666666666,0.3333333333333333,0.0
LETM1,2,1,0.5,1.5,0.5,0.5,0.5,0.0
LETMD1,1,0,0.0,0.0,0.0,0.0,0.0,0.0
LFNG,1,0,0.0,0.0,0.0,0.0,0.0,0.0
LGI1,5,1,0.2,0.2,0.0,0.0,0.0,0.2
LGI2,1,1,1.0,2.0,1.0,0.0,1.0,0.0
LGI3,2,2,1.0,1.5,0.5,0.0,0.5,0.5
LGI4,1,1,1.0,3.0,0.0,1.0,1.0,1.0
LGMN,1,0,0.0,0.0,0.0,0.0,0.0,0.0
LGR4,1,0,0.0,0.0,0.0,0.0,0.0,0.0
LGR5,1,0,0.0,0.0,0.0,0.0,0.0,0.0
LGR6,2,1,0.5,2.0,0.5,0.5,0.5,0.5
LGSN,1,0,0.0,0.0,0.0,0.0,0.0,0.0
LHCGR,8,1,0.125,0.125,0.0,0.0,0.0,0.125
LHPP,1,1,1.0,2.0,1.0,0.0,1.0,0.0
LHX3,1,0,0.0,0.0,0.0,0.0,0.0,0.0
LHX4,1,0,0.0,0.0,0.0,0.0,0.0,0.0
LIAS,1,0,0.0,0.0,0.0,0.0,0.0,0.0
LIFR,1,0,0.0,0.0,0.0,0.0,0.0,0.0
LIG1,4,2,0.5,1.0,0.5,0.25,0.25,0.0
LIG3,4,0,0.0,0.0,0.0,0.0,0.0,0.0
LIG4,4,3,0.75,1.75,0.75,0.0,0.75,0.25
LILRA1,1,0,0.0,0.0,0.0,0.0,0.0,0.0
LILRA2,2,0,0.0,0.0,0.0,0.0,0.0,0.0
LILRB1,2,0,0.0,0.0,0.0,0.0,0.0,0.0
LILRB2,1,0,0.0,0.0,0.0,0.0,0.0,0.0
LILRB3,2,1,0.5,0.5,0.5,0.0,0.0,0.0
LILRB4,5,2,0.4,0.4,0.4,0.0,0.0,0.0
LIMA1,1,1,1.0,3.0,1.0,1.0,1.0,0.0
LIMK1,1,1,1.0,1.0,0.0,0.0,1.0,0.0
LIMK2,3,2,0.6666666666666666,2.0,0.6666666666666666,0.3333333333333333,0.6666666666666666,0.3333333333333333
LINS1,1,0,0.0,0.0,0.0,0.0,0.0,0.0
LIPA,2,0,0.0,0.0,0.0,0.0,0.0,0.0
LIPC,1,1,1.0,1.0,1.0,0.0,0.0,0.0
LIPE,3,2,0.6666666666666666,0.6666666666666666,0.6666666666666666,0.0,0.0,0.0
LIPG,2,2,1.0,4.0,1.0,1.0,1.0,1.0
LIPH,1,0,0.0,0.0,0.0,0.0,0.0,0.0
LIPK,1,0,0.0,0.0,0.0,0.0,0.0,0.0
LIPT1,1,1,1.0,1.0,0.0,1.0,0.0,0.0
LIPT2,1,0,0.0,0.0,0.0,0.0,0.0,0.0
LITAF,2,0,0.0,0.0,0.0,0.0,0.0,0.0
LIX1,1,1,1.0,3.0,1.0,1.0,1.0,0.0
LMAN1,1,0,0.0,0.0,0.0,0.0,0.0,0.0
LMAN1L,1,1,1.0,2.0,1.0,1.0,0.0,0.0
LMBRD2,1,0,0.0,0.0,0.0,0.0,0.0,0.0
LMF2,1,0,0.0,0.0,0.0,0.0,0.0,0.0
LMNA,51,20,0.39215686274509803,0.6470588235294118,0.19607843137254902,0.3333333333333333,0.0392156862745098,0.0784313725490196
LMNB1,1,0,0.0,0.0,0.0,0.0,0.0,0.0
LMNTD2,2,1,0.5,0.5,0.5,0.0,0.0,0.0
LMOD3,4,3,0.75,1.25,0.75,0.25,0.25,0.0
LMTK2,3,0,0.0,0.0,0.0,0.0,0.0,0.0
LNPEP,1,0,0.0,0.0,0.0,0.0,0.0,0.0
LONP1,3,0,0.0,0.0,0.0,0.0,0.0,0.0
LOXHD1,2,0,0.0,0.0,0.0,0.0,0.0,0.0
LOXL1,1,1,1.0,2.0,1.0,0.0,1.0,0.0
LOXL2,2,1,0.5,1.5,0.5,0.5,0.5,0.0
LOXL4,3,3,1.0,2.6666666666666665,1.0,0.3333333333333333,1.0,0.3333333333333333
LPAR3,1,1,1.0,2.0,0.0,1.0,1.0,0.0
LPAR6,2,0,0.0,0.0,0.0,0.0,0.0,0.0
LPIN3,1,0,0.0,0.0,0.0,0.0,0.0,0.0
LPL,2,0,0.0,0.0,0.0,0.0,0.0,0.0
LPO,1,1,1.0,4.0,1.0,1.0,1.0,1.0
LRBA,3,1,0.3333333333333333,1.0,0.3333333333333333,0.3333333333333333,0.3333333333333333,0.0
LRG1,1,0,0.0,0.0,0.0,0.0,0.0,0.0
LRIG1,3,2,0.6666666666666666,0.6666666666666666,0.6666666666666666,0.0,0.0,0.0
LRIT1,1,1,1.0,3.0,1.0,1.0,1.0,0.0
LRP1,4,4,1.0,1.25,0.25,0.25,0.75,0.0
LRP11,2,0,0.0,0.0,0.0,0.0,0.0,0.0
LRP1B,2,1,0.5,0.5,0.0,0.0,0.5,0.0
LRP2,5,1,0.2,0.8,0.2,0.2,0.2,0.2
LRP4,4,0,0.0,0.0,0.0,0.0,0.0,0.0
LRP5,18,4,0.2222222222222222,0.2777777777777778,0.1111111111111111,0.05555555555555555,0.1111111111111111,0.0
LRP6,2,1,0.5,1.0,0.0,0.0,0.5,0.5
LRP8,4,4,1.0,3.0,0.75,0.75,1.0,0.5
LRPPRC,1,1,1.0,1.0,0.0,0.0,0.0,1.0
LRRC1,1,1,1.0,2.0,0.0,1.0,1.0,0.0
LRRC14,1,1,1.0,2.0,1.0,0.0,1.0,0.0
LRRC18,1,1,1.0,3.0,1.0,1.0,1.0,0.0
LRRC2,2,0,0.0,0.0,0.0,0.0,0.0,0.0
LRRC27,1,0,0.0,0.0,0.0,0.0,0.0,0.0
LRRC39,1,1,1.0,2.0,0.0,1.0,1.0,0.0
LRRC43,1,1,1.0,2.0,0.0,1.0,1.0,0.0
LRRC47,3,0,0.0,0.0,0.0,0.0,0.0,0.0
LRRC56,4,1,0.25,0.5,0.0,0.25,0.25,0.0
LRRC63,2,0,0.0,0.0,0.0,0.0,0.0,0.0
LRRC71,2,1,0.5,0.5,0.5,0.0,0.0,0.0
LRRC8C,1,1,1.0,1.0,0.0,0.0,1.0,0.0
LRRC8E,1,0,0.0,0.0,0.0,0.0,0.0,0.0
LRRFIP1,4,1,0.25,0.25,0.25,0.0,0.0,0.0
LRRIQ1,2,0,0.0,0.0,0.0,0.0,0.0,0.0
LRRIQ3,2,1,0.5,1.0,0.5,0.5,0.0,0.0
LRRIQ4,1,0,0.0,0.0,0.0,0.0,0.0,0.0
LRRK2,19,16,0.8421052631578947,1.9473684210526316,0.5263157894736842,0.47368421052631576,0.47368421052631576,0.47368421052631576
LRRN1,1,0,0.0,0.0,0.0,0.0,0.0,0.0
LRRN2,1,0,0.0,0.0,0.0,0.0,0.0,0.0
LRRTM1,1,0,0.0,0.0,0.0,0.0,0.0,0.0
LRSAM1,1,1,1.0,1.0,0.0,0.0,1.0,0.0
LSM12,1,1,1.0,1.0,0.0,0.0,1.0,0.0
LSM14A,2,2,1.0,2.0,0.5,0.5,1.0,0.0
LSS,4,0,0.0,0.0,0.0,0.0,0.0,0.0
LTBP2,4,3,0.75,1.75,0.5,0.5,0.75,0.0
LTBP4,3,1,0.3333333333333333,1.0,0.3333333333333333,0.3333333333333333,0.3333333333333333,0.0
LTF,1,0,0.0,0.0,0.0,0.0,0.0,0.0
LTK,4,2,0.5,1.25,0.25,0.25,0.5,0.25
LTN1,3,0,0.0,0.0,0.0,0.0,0.0,0.0
LUZP1,3,2,0.6666666666666666,0.6666666666666666,0.6666666666666666,0.0,0.0,0.0
LUZP4,1,1,1.0,1.0,1.0,0.0,0.0,0.0
LVRN,2,0,0.0,0.0,0.0,0.0,0.0,0.0
LXN,1,0,0.0,0.0,0.0,0.0,0.0,0.0
LY6G5B,1,1,1.0,1.0,1.0,0.0,0.0,0.0
LY6G6F,2,1,0.5,1.5,0.5,0.5,0.5,0.0
LY75,1,1,1.0,1.0,0.0,0.0,1.0,0.0
LY9,1,0,0.0,0.0,0.0,0.0,0.0,0.0
LYPD2,2,1,0.5,0.5,0.5,0.0,0.0,0.0
LYPD5,1,0,0.0,0.0,0.0,0.0,0.0,0.0
LYPLA1,1,0,0.0,0.0,0.0,0.0,0.0,0.0
LYRM2,1,1,1.0,2.0,1.0,0.0,1.0,0.0
LYRM4,2,1,0.5,0.5,0.0,0.0,0.5,0.0
LYRM7,1,0,0.0,0.0,0.0,0.0,0.0,0.0
LYSMD4,1,0,0.0,0.0,0.0,0.0,0.0,0.0
LYST,4,3,0.75,0.75,0.0,0.0,0.5,0.25
LYVE1,1,1,1.0,1.0,1.0,0.0,0.0,0.0
LYZL2,2,2,1.0,1.0,1.0,0.0,0.0,0.0
LZTS1,2,2,1.0,1.0,0.0,0.0,1.0,0.0
MAB21L2,1,0,0.0,0.0,0.0,0.0,0.0,0.0
MAB21L4,2,1,0.5,1.0,0.5,0.0,0.5,0.0
MACC1,4,1,0.25,0.75,0.25,0.25,0.25,0.0
MACROD2,1,0,0.0,0.0,0.0,0.0,0.0,0.0
MAD1L1,1,1,1.0,3.0,1.0,1.0,1.0,0.0
MADCAM1,1,1,1.0,1.0,0.0,1.0,0.0,0.0
MADD,2,0,0.0,0.0,0.0,0.0,0.0,0.0
MAF,2,1,0.5,0.5,0.0,0.5,0.0,0.0
MAF1,2,0,0.0,0.0,0.0,0.0,0.0,0.0
MAFB,5,1,0.2,0.2,0.0,0.2,0.0,0.0
MAG,1,1,1.0,2.0,1.0,0.0,0.0,1.0
MAGEA10,1,0,0.0,0.0,0.0,0.0,0.0,0.0
MAGEA4,2,1,0.5,0.5,0.5,0.0,0.0,0.0
MAGEB16,1,1,1.0,1.0,1.0,0.0,0.0,0.0
MAGEB18,1,0,0.0,0.0,0.0,0.0,0.0,0.0
MAGEB3,1,0,0.0,0.0,0.0,0.0,0.0,0.0
MAGEC3,1,0,0.0,0.0,0.0,0.0,0.0,0.0
MAGED2,1,1,1.0,2.0,1.0,1.0,0.0,0.0
MAK,5,2,0.4,1.0,0.4,0.2,0.2,0.2
MALT1,1,1,1.0,2.0,1.0,0.0,0.0,1.0
MAN1B1,2,0,0.0,0.0,0.0,0.0,0.0,0.0
MAN2B1,17,1,0.058823529411764705,0.11764705882352941,0.058823529411764705,0.058823529411764705,0.0,0.0
MAN2B2,1,1,1.0,1.0,1.0,0.0,0.0,0.0
MAN2C1,1,1,1.0,3.0,1.0,1.0,1.0,0.0
MANBA,2,0,0.0,0.0,0.0,0.0,0.0,0.0
MANSC1,2,0,0.0,0.0,0.0,0.0,0.0,0.0
MAOA,2,1,0.5,1.0,0.5,0.0,0.5,0.0
MAP1A,10,7,0.7,1.5,0.6,0.4,0.5,0.0
MAP1B,1,1,1.0,2.0,1.0,0.0,1.0,0.0
MAP1S,1,1,1.0,1.0,1.0,0.0,0.0,0.0
MAP2,1,1,1.0,1.0,1.0,0.0,0.0,0.0
MAP2K1,5,1,0.2,0.4,0.2,0.2,0.0,0.0
MAP2K2,3,0,0.0,0.0,0.0,0.0,0.0,0.0
MAP2K3,2,2,1.0,2.0,1.0,0.0,1.0,0.0
MAP3K1,1,1,1.0,1.0,0.0,0.0,0.0,1.0
MAP3K13,1,0,0.0,0.0,0.0,0.0,0.0,0.0
MAP3K15,2,2,1.0,1.5,0.5,1.0,0.0,0.0
MAP3K19,1,1,1.0,2.0,1.0,0.0,1.0,0.0
MAP3K20,1,1,1.0,1.0,1.0,0.0,0.0,0.0
MAP3K21,2,0,0.0,0.0,0.0,0.0,0.0,0.0
MAP3K3,3,3,1.0,1.6666666666666667,0.3333333333333333,0.3333333333333333,1.0,0.0
MAP3K4,4,1,0.25,0.75,0.25,0.25,0.25,0.0
MAP3K6,3,2,0.6666666666666666,1.3333333333333333,0.6666666666666666,0.3333333333333333,0.3333333333333333,0.0
MAP3K7,2,0,0.0,0.0,0.0,0.0,0.0,0.0
MAP3K9,1,1,1.0,1.0,0.0,0.0,1.0,0.0
MAP4,1,1,1.0,4.0,1.0,1.0,1.0,1.0
MAP4K1,4,2,0.5,0.5,0.0,0.0,0.5,0.0
MAP4K3,1,0,0.0,0.0,0.0,0.0,0.0,0.0
MAP7,2,0,0.0,0.0,0.0,0.0,0.0,0.0
MAP7D2,1,0,0.0,0.0,0.0,0.0,0.0,0.0
MAP7D3,1,0,0.0,0.0,0.0,0.0,0.0,0.0
MAP9,3,1,0.3333333333333333,1.0,0.3333333333333333,0.3333333333333333,0.3333333333333333,0.0
MAPK12,1,0,0.0,0.0,0.0,0.0,0.0,0.0
MAPK14,1,1,1.0,1.0,0.0,0.0,1.0,0.0
MAPK4,1,1,1.0,1.0,0.0,1.0,0.0,0.0
MAPK7,1,1,1.0,2.0,1.0,0.0,1.0,0.0
MAPK8IP1,2,2,1.0,1.0,0.5,0.0,0.5,0.0
MAPK8IP3,3,1,0.3333333333333333,0.3333333333333333,0.0,0.0,0.0,0.3333333333333333
MAPKAPK2,1,1,1.0,2.0,1.0,0.0,1.0,0.0
MAPKAPK5,1,1,1.0,2.0,1.0,0.0,1.0,0.0
MAPKBP1,2,0,0.0,0.0,0.0,0.0,0.0,0.0
MAPRE2,1,1,1.0,2.0,0.0,1.0,1.0,0.0
MAPT,5,3,0.6,1.4,0.4,0.4,0.2,0.4
MARCHF10,1,1,1.0,2.0,1.0,1.0,0.0,0.0
MARCHF7,2,1,0.5,1.5,0.5,0.5,0.5,0.0
MARCHF8,3,2,0.6666666666666666,0.6666666666666666,0.0,0.0,0.6666666666666666,0.0
MARCHF9,1,1,1.0,3.0,1.0,1.0,1.0,0.0
MARK3,1,0,0.0,0.0,0.0,0.0,0.0,0.0
MARK4,1,1,1.0,2.0,0.0,1.0,1.0,0.0
MARS1,2,2,1.0,1.0,0.0,0.5,0.5,0.0
MASP2,3,2,0.6666666666666666,1.6666666666666667,0.3333333333333333,0.3333333333333333,0.6666666666666666,0.3333333333333333
MAST2,5,3,0.6,1.4,0.4,0.4,0.6,0.0
MAST3,4,1,0.25,0.25,0.0,0.25,0.0,0.0
MAST4,1,1,1.0,1.0,1.0,0.0,0.0,0.0
MASTL,3,0,0.0,0.0,0.0,0.0,0.0,0.0
MAT1A,5,1,0.2,0.2,0.0,0.2,0.0,0.0
MAT2B,1,1,1.0,1.0,0.0,0.0,1.0,0.0
MATK,1,1,1.0,1.0,1.0,0.0,0.0,0.0
MATN2,2,0,0.0,0.0,0.0,0.0,0.0,0.0
MATN3,3,1,0.3333333333333333,0.3333333333333333,0.0,0.0,0.0,0.3333333333333333
MATR3,2,1,0.5,2.0,0.5,0.5,0.5,0.5
MAX,3,2,0.6666666666666666,1.0,0.3333333333333333,0.3333333333333333,0.3333333333333333,0.0
MB,2,2,1.0,1.5,0.5,0.5,0.5,0.0
MBD3L1,1,0,0.0,0.0,0.0,0.0,0.0,0.0
MBIP,1,0,0.0,0.0,0.0,0.0,0.0,0.0
MBOAT4,1,0,0.0,0.0,0.0,0.0,0.0,0.0
MBTPS1,1,1,1.0,2.0,1.0,0.0,1.0,0.0
MBTPS2,3,0,0.0,0.0,0.0,0.0,0.0,0.0
MC1R,10,8,0.8,2.0,0.7,0.5,0.5,0.3
MC2R,5,3,0.6,2.0,0.6,0.4,0.6,0.4
MC4R,6,0,0.0,0.0,0.0,0.0,0.0,0.0
MCAM,1,1,1.0,1.0,0.0,0.0,1.0,0.0
MCAT,3,2,0.6666666666666666,1.3333333333333333,0.6666666666666666,0.3333333333333333,0.0,0.3333333333333333
MCC,2,1,0.5,1.5,0.5,0.5,0.5,0.0
MCCC1,9,2,0.2222222222222222,0.4444444444444444,0.1111111111111111,0.2222222222222222,0.0,0.1111111111111111
MCCC2,11,1,0.09090909090909091,0.09090909090909091,0.0,0.09090909090909091,0.0,0.0
MCCD1,2,0,0.0,0.0,0.0,0.0,0.0,0.0
MCEE,2,1,0.5,0.5,0.5,0.0,0.0,0.0
MCF2L2,2,0,0.0,0.0,0.0,0.0,0.0,0.0
MCFD2,3,1,0.3333333333333333,0.3333333333333333,0.0,0.3333333333333333,0.0,0.0
MCHR2,1,0,0.0,0.0,0.0,0.0,0.0,0.0
MCIDAS,3,2,0.6666666666666666,0.6666666666666666,0.0,0.0,0.0,0.6666666666666666
MCL1,2,2,1.0,1.0,0.0,0.0,1.0,0.0
MCM10,2,0,0.0,0.0,0.0,0.0,0.0,0.0
MCM2,6,5,0.8333333333333334,1.8333333333333333,0.6666666666666666,0.3333333333333333,0.6666666666666666,0.16666666666666666
MCM3,1,1,1.0,3.0,1.0,1.0,1.0,0.0
MCM3AP,5,2,0.4,0.4,0.0,0.0,0.4,0.0
MCM5,2,1,0.5,0.5,0.0,0.0,0.5,0.0
MCM8,3,1,0.3333333333333333,0.3333333333333333,0.0,0.0,0.3333333333333333,0.0
MCMDC2,1,1,1.0,2.0,1.0,0.0,1.0,0.0
MCOLN1,1,0,0.0,0.0,0.0,0.0,0.0,0.0
MCPH1,3,1,0.3333333333333333,0.3333333333333333,0.3333333333333333,0.0,0.0,0.0
MCUB,1,0,0.0,0.0,0.0,0.0,0.0,0.0
MDC1,11,2,0.18181818181818182,0.18181818181818182,0.18181818181818182,0.0,0.0,0.0
MDGA1,2,2,1.0,2.0,0.0,1.0,1.0,0.0
MDH1B,1,1,1.0,1.0,1.0,0.0,0.0,0.0
MDM1,1,0,0.0,0.0,0.0,0.0,0.0,0.0
MDM4,1,0,0.0,0.0,0.0,0.0,0.0,0.0
MDN1,8,4,0.5,0.625,0.25,0.0,0.375,0.0
ME2,2,1,0.5,2.0,0.5,0.5,0.5,0.5
MEA1,1,1,1.0,2.0,1.0,0.0,1.0,0.0
MEAK7,1,1,1.0,1.0,1.0,0.0,0.0,0.0
MECOM,2,1,0.5,1.0,0.0,0.5,0.5,0.0
MECP2,21,4,0.19047619047619047,0.5238095238095238,0.09523809523809523,0.14285714285714285,0.09523809523809523,0.19047619047619047
MECR,2,0,0.0,0.0,0.0,0.0,0.0,0.0
MED1,1,1,1.0,1.0,1.0,0.0,0.0,0.0
MED12,1,1,1.0,3.0,1.0,1.0,0.0,1.0
MED12L,2,2,1.0,2.0,0.5,0.5,1.0,0.0
MED16,1,0,0.0,0.0,0.0,0.0,0.0,0.0
MEF2A,3,2,0.6666666666666666,2.0,0.6666666666666666,0.6666666666666666,0.6666666666666666,0.0
MEFV,18,16,0.8888888888888888,2.5555555555555554,0.5555555555555556,0.5,0.8333333333333334,0.6666666666666666
MEGF10,3,0,0.0,0.0,0.0,0.0,0.0,0.0
MEGF6,2,0,0.0,0.0,0.0,0.0,0.0,0.0
MEN1,3,0,0.0,0.0,0.0,0.0,0.0,0.0
MEP1A,1,0,0.0,0.0,0.0,0.0,0.0,0.0
MEP1B,1,0,0.0,0.0,0.0,0.0,0.0,0.0
MERTK,8,4,0.5,0.75,0.125,0.25,0.25,0.125
MESP2,2,0,0.0,0.0,0.0,0.0,0.0,0.0
MET,15,3,0.2,0.3333333333333333,0.06666666666666667,0.13333333333333333,0.06666666666666667,0.06666666666666667
METAP1D,2,2,1.0,2.0,0.5,0.5,1.0,0.0
METTL15,1,0,0.0,0.0,0.0,0.0,0.0,0.0
METTL17,1,1,1.0,2.0,0.0,1.0,1.0,0.0
METTL18,2,2,1.0,2.0,0.5,1.0,0.5,0.0
METTL21C,1,1,1.0,1.0,1.0,0.0,0.0,0.0
METTL25,1,0,0.0,0.0,0.0,0.0,0.0,0.0
METTL26,1,1,1.0,4.0,1.0,1.0,1.0,1.0
METTL27,1,0,0.0,0.0,0.0,0.0,0.0,0.0
METTL2B,2,1,0.5,0.5,0.5,0.0,0.0,0.0
METTL4,1,0,0.0,0.0,0.0,0.0,0.0,0.0
MFAP3,1,0,0.0,0.0,0.0,0.0,0.0,0.0
MFAP4,1,1,1.0,3.0,1.0,1.0,1.0,0.0
MFHAS1,2,1,0.5,2.0,0.5,0.5,0.5,0.5
MFN2,6,1,0.16666666666666666,0.3333333333333333,0.16666666666666666,0.16666666666666666,0.0,0.0
MFRP,2,1,0.5,1.5,0.5,0.5,0.5,0.0
MFSD1,2,0,0.0,0.0,0.0,0.0,0.0,0.0
MFSD11,1,1,1.0,3.0,1.0,1.0,1.0,0.0
MFSD12,2,1,0.5,2.0,0.5,0.5,0.5,0.5
MFSD14B,1,1,1.0,4.0,1.0,1.0,1.0,1.0
MFSD4A,1,0,0.0,0.0,0.0,0.0,0.0,0.0
MFSD6,1,0,0.0,0.0,0.0,0.0,0.0,0.0
MFSD8,10,3,0.3,0.8,0.2,0.2,0.2,0.2
MGAT2,2,0,0.0,0.0,0.0,0.0,0.0,0.0
MGAT4B,1,0,0.0,0.0,0.0,0.0,0.0,0.0
MGAT4C,1,0,0.0,0.0,0.0,0.0,0.0,0.0
MGME1,1,0,0.0,0.0,0.0,0.0,0.0,0.0
MGMT,2,1,0.5,1.5,0.5,0.5,0.5,0.0
MGP,1,0,0.0,0.0,0.0,0.0,0.0,0.0
MGST2,1,0,0.0,0.0,0.0,0.0,0.0,0.0
MGST3,3,3,1.0,1.6666666666666667,0.0,0.3333333333333333,1.0,0.3333333333333333
MIB1,1,1,1.0,3.0,1.0,1.0,1.0,0.0
MICA,16,7,0.4375,0.8125,0.4375,0.3125,0.0625,0.0
MICAL1,5,4,0.8,1.0,0.6,0.2,0.2,0.0
MICAL2,1,1,1.0,2.0,0.0,1.0,1.0,0.0
MICAL3,3,2,0.6666666666666666,0.6666666666666666,0.0,0.0,0.6666666666666666,0.0
MICALL1,1,0,0.0,0.0,0.0,0.0,0.0,0.0
MICALL2,4,1,0.25,0.5,0.25,0.0,0.25,0.0
MICB,8,6,0.75,1.125,0.625,0.5,0.0,0.0
MID2,1,1,1.0,1.0,0.0,0.0,1.0,0.0
MIEF1,2,2,1.0,2.0,0.5,0.5,1.0,0.0
MIER2,2,2,1.0,1.5,1.0,0.0,0.5,0.0
MIIP,1,0,0.0,0.0,0.0,0.0,0.0,0.0
MINDY4,2,1,0.5,0.5,0.0,0.0,0.5,0.0
MINK1,1,0,0.0,0.0,0.0,0.0,0.0,0.0
MINPP1,1,1,1.0,2.0,0.0,0.0,1.0,1.0
MIPEP,2,1,0.5,1.5,0.5,0.5,0.5,0.0
MIS18BP1,2,2,1.0,1.5,0.5,0.0,1.0,0.0
MISP,1,0,0.0,0.0,0.0,0.0,0.0,0.0
MKI67,16,6,0.375,0.5625,0.1875,0.375,0.0,0.0
MKKS,6,2,0.3333333333333333,0.8333333333333334,0.3333333333333333,0.3333333333333333,0.16666666666666666,0.0
MKLN1,1,1,1.0,1.0,0.0,0.0,1.0,0.0
MKNK2,1,1,1.0,3.0,1.0,1.0,1.0,0.0
MKS1,2,1,0.5,1.5,0.5,0.0,0.5,0.5
MKX,1,1,1.0,1.0,0.0,0.0,1.0,0.0
MLC1,3,1,0.3333333333333333,0.6666666666666666,0.3333333333333333,0.0,0.3333333333333333,0.0
MLF1,1,1,1.0,1.0,1.0,0.0,0.0,0.0
MLH1,63,31,0.49206349206349204,1.2222222222222223,0.31746031746031744,0.25396825396825395,0.3492063492063492,0.30158730158730157
MLH3,17,9,0.5294117647058824,1.5294117647058822,0.4117647058823529,0.47058823529411764,0.35294117647058826,0.29411764705882354
MLKL,6,1,0.16666666666666666,0.16666666666666666,0.0,0.16666666666666666,0.0,0.0
MLN,1,0,0.0,0.0,0.0,0.0,0.0,0.0
MLPH,4,1,0.25,0.25,0.0,0.0,0.25,0.0
MLXIP,2,0,0.0,0.0,0.0,0.0,0.0,0.0
MMAB,3,1,0.3333333333333333,1.0,0.3333333333333333,0.3333333333333333,0.3333333333333333,0.0
MMACHC,3,0,0.0,0.0,0.0,0.0,0.0,0.0
MME,2,0,0.0,0.0,0.0,0.0,0.0,0.0
MMP1,4,1,0.25,0.5,0.25,0.25,0.0,0.0
MMP11,1,0,0.0,0.0,0.0,0.0,0.0,0.0
MMP13,1,0,0.0,0.0,0.0,0.0,0.0,0.0
MMP14,2,1,0.5,0.5,0.5,0.0,0.0,0.0
MMP2,1,0,0.0,0.0,0.0,0.0,0.0,0.0
MMP20,2,1,0.5,1.5,0.5,0.5,0.5,0.0
MMP21,6,4,0.6666666666666666,0.6666666666666666,0.0,0.0,0.0,0.6666666666666666
MMP27,4,2,0.5,1.25,0.25,0.5,0.5,0.0
MMP3,2,0,0.0,0.0,0.0,0.0,0.0,0.0
MMP7,1,0,0.0,0.0,0.0,0.0,0.0,0.0
MMP8,2,0,0.0,0.0,0.0,0.0,0.0,0.0
MMP9,3,0,0.0,0.0,0.0,0.0,0.0,0.0
MMRN2,2,1,0.5,1.0,0.5,0.5,0.0,0.0
MMS19,1,1,1.0,2.0,1.0,0.0,1.0,0.0
MMUT,33,4,0.12121212121212122,0.24242424242424243,0.06060606060606061,0.12121212121212122,0.030303030303030304,0.030303030303030304
MNDA,1,1,1.0,2.0,1.0,1.0,0.0,0.0
MNS1,1,1,1.0,3.0,1.0,1.0,1.0,0.0
MOCOS,3,0,0.0,0.0,0.0,0.0,0.0,0.0
MOCS1,3,0,0.0,0.0,0.0,0.0,0.0,0.0
MOCS2,2,2,1.0,1.0,0.0,0.0,1.0,0.0
MOCS3,1,0,0.0,0.0,0.0,0.0,0.0,0.0
MOG,1,0,0.0,0.0,0.0,0.0,0.0,0.0
MOGAT1,1,0,0.0,0.0,0.0,0.0,0.0,0.0
MOGAT2,1,1,1.0,3.0,1.0,1.0,1.0,0.0
MOGS,2,2,1.0,1.5,0.0,0.5,0.5,0.5
MOK,1,1,1.0,3.0,1.0,1.0,1.0,0.0
MORC1,4,2,0.5,0.75,0.5,0.0,0.25,0.0
MORC2,7,3,0.42857142857142855,0.8571428571428571,0.2857142857142857,0.14285714285714285,0.14285714285714285,0.2857142857142857
MORC4,2,0,0.0,0.0,0.0,0.0,0.0,0.0
MORN2,1,1,1.0,2.0,0.0,1.0,1.0,0.0
MOV10L1,4,1,0.25,0.75,0.25,0.25,0.25,0.0
MPDU1,1,1,1.0,3.0,0.0,1.0,1.0,1.0
MPDZ,1,1,1.0,3.0,1.0,1.0,1.0,0.0
MPEG1,1,1,1.0,3.0,1.0,1.0,1.0,0.0
MPG,2,1,0.5,0.5,0.0,0.5,0.0,0.0
MPI,6,0,0.0,0.0,0.0,0.0,0.0,0.0
MPL,6,4,0.6666666666666666,1.6666666666666667,0.6666666666666666,0.5,0.16666666666666666,0.3333333333333333
MPLKIP,1,0,0.0,0.0,0.0,0.0,0.0,0.0
MPO,4,1,0.25,0.75,0.0,0.25,0.25,0.25
MPP4,2,0,0.0,0.0,0.0,0.0,0.0,0.0
MPV17,3,0,0.0,0.0,0.0,0.0,0.0,0.0
MPZ,17,8,0.47058823529411764,1.0588235294117647,0.35294117647058826,0.35294117647058826,0.0,0.35294117647058826
MPZL3,1,1,1.0,2.0,1.0,0.0,1.0,0.0
MRE11,3,1,0.3333333333333333,1.3333333333333333,0.3333333333333333,0.3333333333333333,0.3333333333333333,0.3333333333333333
MRGPRX1,2,2,1.0,2.0,1.0,0.5,0.5,0.0
MRGPRX2,1,1,1.0,2.0,1.0,1.0,0.0,0.0
MRGPRX4,5,0,0.0,0.0,0.0,0.0,0.0,0.0
MRM3,2,1,0.5,1.0,0.5,0.0,0.5,0.0
MRO,2,1,0.5,0.5,0.0,0.0,0.5,0.0
MROH2B,6,3,0.5,0.8333333333333334,0.5,0.0,0.3333333333333333,0.0
MROH6,1,0,0.0,0.0,0.0,0.0,0.0,0.0
MROH7,4,3,0.75,1.75,0.75,0.5,0.5,0.0
MRPL18,1,0,0.0,0.0,0.0,0.0,0.0,0.0
MRPL23,1,1,1.0,2.0,0.0,1.0,1.0,0.0
MRPL28,1,1,1.0,2.0,0.0,1.0,1.0,0.0
MRPL35,1,0,0.0,0.0,0.0,0.0,0.0,0.0
MRPL39,2,0,0.0,0.0,0.0,0.0,0.0,0.0
MRPL40,1,0,0.0,0.0,0.0,0.0,0.0,0.0
MRPL48,1,0,0.0,0.0,0.0,0.0,0.0,0.0
MRPL50,1,1,1.0,3.0,1.0,1.0,1.0,0.0
MRPL58,2,0,0.0,0.0,0.0,0.0,0.0,0.0
MRPL9,1,1,1.0,1.0,0.0,0.0,1.0,0.0
MRPS2,4,2,0.5,1.0,0.25,0.25,0.25,0.25
MRPS25,1,0,0.0,0.0,0.0,0.0,0.0,0.0
MRPS27,1,0,0.0,0.0,0.0,0.0,0.0,0.0
MRPS30,1,1,1.0,2.0,0.0,1.0,1.0,0.0
MRPS31,1,1,1.0,3.0,1.0,1.0,1.0,0.0
MRPS34,2,2,1.0,1.5,0.5,0.0,0.5,0.5
MRPS35,1,1,1.0,1.0,1.0,0.0,0.0,0.0
MRPS7,1,1,1.0,3.0,1.0,1.0,1.0,0.0
MRS2,1,0,0.0,0.0,0.0,0.0,0.0,0.0
MRTFA,1,0,0.0,0.0,0.0,0.0,0.0,0.0
MS4A12,1,1,1.0,1.0,1.0,0.0,0.0,0.0
MS4A13,1,0,0.0,0.0,0.0,0.0,0.0,0.0
MS4A14,1,1,1.0,1.0,1.0,0.0,0.0,0.0
MS4A4A,2,1,0.5,0.5,0.0,0.5,0.0,0.0
MS4A6A,1,1,1.0,1.0,1.0,0.0,0.0,0.0
MS4A6E,1,1,1.0,1.0,1.0,0.0,0.0,0.0
MSGN1,1,0,0.0,0.0,0.0,0.0,0.0,0.0
MSH2,58,24,0.41379310344827586,0.9827586206896551,0.2413793103448276,0.2413793103448276,0.22413793103448276,0.27586206896551724
MSH3,2,0,0.0,0.0,0.0,0.0,0.0,0.0
MSH4,4,1,0.25,1.0,0.25,0.25,0.25,0.25
MSH5,1,1,1.0,3.0,1.0,0.0,1.0,1.0
MSH6,23,11,0.4782608695652174,1.0,0.21739130434782608,0.17391304347826086,0.34782608695652173,0.2608695652173913
MSLN,2,0,0.0,0.0,0.0,0.0,0.0,0.0
MSMO1,2,0,0.0,0.0,0.0,0.0,0.0,0.0
MSN,1,0,0.0,0.0,0.0,0.0,0.0,0.0
MSR1,5,4,0.8,2.6,0.8,0.8,0.6,0.4
MSS51,1,1,1.0,3.0,1.0,1.0,1.0,0.0
MST1,1,0,0.0,0.0,0.0,0.0,0.0,0.0
MST1R,6,3,0.5,1.3333333333333333,0.3333333333333333,0.3333333333333333,0.5,0.16666666666666666
MSTN,1,1,1.0,3.0,1.0,1.0,1.0,0.0
MSX2,1,1,1.0,1.0,0.0,0.0,1.0,0.0
MT4,1,0,0.0,0.0,0.0,0.0,0.0,0.0
MTA1,1,0,0.0,0.0,0.0,0.0,0.0,0.0
MTARC1,4,2,0.5,1.0,0.5,0.25,0.25,0.0
MTCL1,3,2,0.6666666666666666,1.6666666666666667,0.6666666666666666,0.3333333333333333,0.6666666666666666,0.0
MTDH,1,0,0.0,0.0,0.0,0.0,0.0,0.0
MTERF1,1,0,0.0,0.0,0.0,0.0,0.0,0.0
MTERF2,3,2,0.6666666666666666,1.3333333333333333,0.3333333333333333,0.6666666666666666,0.3333333333333333,0.0
MTERF4,2,2,1.0,2.0,1.0,0.5,0.5,0.0
MTFMT,1,0,0.0,0.0,0.0,0.0,0.0,0.0
MTG1,1,0,0.0,0.0,0.0,0.0,0.0,0.0
MTG2,2,1,0.5,1.0,0.0,0.5,0.5,0.0
MTHFR,24,8,0.3333333333333333,0.625,0.25,0.20833333333333334,0.08333333333333333,0.08333333333333333
MTHFS,4,1,0.25,0.5,0.0,0.25,0.0,0.25
MTIF2,1,0,0.0,0.0,0.0,0.0,0.0,0.0
MTIF3,3,0,0.0,0.0,0.0,0.0,0.0,0.0
MTM1,5,0,0.0,0.0,0.0,0.0,0.0,0.0
MTMR2,1,1,1.0,2.0,1.0,0.0,1.0,0.0
MTMR4,2,1,0.5,0.5,0.0,0.0,0.5,0.0
MTMR7,1,0,0.0,0.0,0.0,0.0,0.0,0.0
MTNAP1,2,0,0.0,0.0,0.0,0.0,0.0,0.0
MTNR1A,2,1,0.5,1.0,0.5,0.0,0.5,0.0
MTNR1B,1,1,1.0,1.0,1.0,0.0,0.0,0.0
MTOR,17,5,0.29411764705882354,0.8823529411764706,0.23529411764705882,0.23529411764705882,0.23529411764705882,0.17647058823529413
MTR,3,1,0.3333333333333333,1.0,0.3333333333333333,0.3333333333333333,0.3333333333333333,0.0
MTRF1,3,2,0.6666666666666666,1.3333333333333333,0.3333333333333333,0.3333333333333333,0.6666666666666666,0.0
MTRF1L,2,0,0.0,0.0,0.0,0.0,0.0,0.0
MTTP,1,0,0.0,0.0,0.0,0.0,0.0,0.0
MTUS1,3,1,0.3333333333333333,0.3333333333333333,0.0,0.0,0.3333333333333333,0.0
MUC1,1,0,0.0,0.0,0.0,0.0,0.0,0.0
MUC17,8,2,0.25,0.25,0.25,0.0,0.0,0.0
MUC21,3,2,0.6666666666666666,1.0,0.6666666666666666,0.3333333333333333,0.0,0.0
MUC4,5,3,0.6,0.6,0.0,0.6,0.0,0.0
MUC6,2,1,0.5,1.0,0.5,0.5,0.0,0.0
MUC7,1,0,0.0,0.0,0.0,0.0,0.0,0.0
MUS81,1,0,0.0,0.0,0.0,0.0,0.0,0.0
MUSK,7,4,0.5714285714285714,1.2857142857142858,0.2857142857142857,0.2857142857142857,0.5714285714285714,0.14285714285714285
MUTYH,19,4,0.21052631578947367,0.3684210526315789,0.15789473684210525,0.15789473684210525,0.05263157894736842,0.0
MVD,1,1,1.0,2.0,1.0,0.0,1.0,0.0
MVK,12,3,0.25,0.5,0.25,0.16666666666666666,0.08333333333333333,0.0
MVP,1,1,1.0,4.0,1.0,1.0,1.0,1.0
MX1,1,1,1.0,1.0,1.0,0.0,0.0,0.0
MXRA5,6,3,0.5,0.6666666666666666,0.5,0.16666666666666666,0.0,0.0
MYBBP1A,3,1,0.3333333333333333,0.3333333333333333,0.0,0.0,0.3333333333333333,0.0
MYBPC1,3,1,0.3333333333333333,0.6666666666666666,0.0,0.3333333333333333,0.0,0.3333333333333333
MYBPC2,1,1,1.0,1.0,1.0,0.0,0.0,0.0
MYBPC3,10,8,0.8,1.4,0.5,0.3,0.4,0.2
MYBPH,3,0,0.0,0.0,0.0,0.0,0.0,0.0
MYBPHL,2,2,1.0,2.0,0.5,0.0,1.0,0.5
MYCL,1,0,0.0,0.0,0.0,0.0,0.0,0.0
MYCN,3,0,0.0,0.0,0.0,0.0,0.0,0.0
MYCT1,1,1,1.0,3.0,1.0,1.0,1.0,0.0
MYDGF,1,0,0.0,0.0,0.0,0.0,0.0,0.0
MYH1,3,3,1.0,3.6666666666666665,1.0,0.6666666666666666,1.0,1.0
MYH11,3,3,1.0,1.0,0.0,0.0,1.0,0.0
MYH13,1,0,0.0,0.0,0.0,0.0,0.0,0.0
MYH2,1,1,1.0,4.0,1.0,1.0,1.0,1.0
MYH6,6,4,0.6666666666666666,1.5,0.3333333333333333,0.16666666666666666,0.6666666666666666,0.3333333333333333
MYH7,55,22,0.4,0.45454545454545453,0.01818181818181818,0.3090909090909091,0.07272727272727272,0.05454545454545454
MYH8,3,2,0.6666666666666666,2.3333333333333335,0.6666666666666666,0.3333333333333333,0.6666666666666666,0.6666666666666666
MYH9,5,2,0.4,1.2,0.4,0.4,0.2,0.2
MYL1,1,1,1.0,1.0,0.0,1.0,0.0,0.0
MYL11,1,0,0.0,0.0,0.0,0.0,0.0,0.0
MYL2,1,1,1.0,4.0,1.0,1.0,1.0,1.0
MYLIP,1,0,0.0,0.0,0.0,0.0,0.0,0.0
MYLK,6,2,0.3333333333333333,0.8333333333333334,0.3333333333333333,0.16666666666666666,0.16666666666666666,0.16666666666666666
MYLK2,2,2,1.0,3.0,1.0,1.0,1.0,0.0
MYLK3,3,2,0.6666666666666666,1.0,0.6666666666666666,0.0,0.3333333333333333,0.0
MYO10,1,1,1.0,1.0,0.0,0.0,0.0,1.0
MYO16,2,0,0.0,0.0,0.0,0.0,0.0,0.0
MYO18B,5,1,0.2,0.2,0.2,0.0,0.0,0.0
MYO1A,3,2,0.6666666666666666,1.3333333333333333,0.3333333333333333,0.0,0.6666666666666666,0.3333333333333333
MYO1C,1,0,0.0,0.0,0.0,0.0,0.0,0.0
MYO1E,3,2,0.6666666666666666,1.0,0.3333333333333333,0.0,0.3333333333333333,0.3333333333333333
MYO1G,2,2,1.0,3.5,0.5,1.0,1.0,1.0
MYO3A,2,2,1.0,3.5,1.0,1.0,1.0,0.5
MYO3B,7,3,0.42857142857142855,1.5714285714285714,0.42857142857142855,0.42857142857142855,0.42857142857142855,0.2857142857142857
MYO5B,9,2,0.2222222222222222,0.2222222222222222,0.0,0.1111111111111111,0.1111111111111111,0.0
MYO6,1,0,0.0,0.0,0.0,0.0,0.0,0.0
MYO7A,24,9,0.375,0.625,0.125,0.20833333333333334,0.16666666666666666,0.125
MYO9A,4,2,0.5,1.25,0.25,0.25,0.5,0.25
MYOC,12,5,0.4166666666666667,0.6666666666666666,0.4166666666666667,0.16666666666666666,0.08333333333333333,0.0
MYOF,2,2,1.0,2.0,0.5,0.5,1.0,0.0
MYOM1,3,0,0.0,0.0,0.0,0.0,0.0,0.0
MYOM2,4,1,0.25,0.25,0.25,0.0,0.0,0.0
MYOM3,4,2,0.5,1.25,0.25,0.5,0.5,0.0
MYORG,2,1,0.5,0.5,0.0,0.0,0.5,0.0
MYOZ2,2,1,0.5,1.5,0.0,0.5,0.5,0.5
MYOZ3,1,1,1.0,1.0,0.0,0.0,1.0,0.0
MYPN,7,6,0.8571428571428571,2.142857142857143,0.7142857142857143,0.42857142857142855,0.5714285714285714,0.42857142857142855
MYSM1,1,0,0.0,0.0,0.0,0.0,0.0,0.0
MZF1,3,1,0.3333333333333333,0.3333333333333333,0.0,0.0,0.3333333333333333,0.0
N4BP2,1,0,0.0,0.0,0.0,0.0,0.0,0.0
NAA10,1,0,0.0,0.0,0.0,0.0,0.0,0.0
NAA20,1,0,0.0,0.0,0.0,0.0,0.0,0.0
NAA25,1,1,1.0,1.0,0.0,0.0,1.0,0.0
NAAA,1,0,0.0,0.0,0.0,0.0,0.0,0.0
NAALAD2,1,1,1.0,1.0,0.0,0.0,1.0,0.0
NAALADL1,1,1,1.0,1.0,1.0,0.0,0.0,0.0
NAALADL2,2,1,0.5,1.5,0.5,0.5,0.5,0.0
NACA,5,3,0.6,0.8,0.6,0.0,0.2,0.0
NADSYN1,1,0,0.0,0.0,0.0,0.0,0.0,0.0
NAGA,1,0,0.0,0.0,0.0,0.0,0.0,0.0
NAGLU,18,8,0.4444444444444444,0.5555555555555556,0.3888888888888889,0.1111111111111111,0.05555555555555555,0.0
NAGS,1,0,0.0,0.0,0.0,0.0,0.0,0.0
NALCN,2,0,0.0,0.0,0.0,0.0,0.0,0.0
NANOS1,1,1,1.0,1.0,1.0,0.0,0.0,0.0
NANS,2,1,0.5,0.5,0.0,0.5,0.0,0.0
NAP1L3,2,0,0.0,0.0,0.0,0.0,0.0,0.0
NAP1L5,2,1,0.5,0.5,0.0,0.0,0.5,0.0
NAPB,2,2,1.0,3.5,1.0,0.5,1.0,1.0
NAPSA,1,0,0.0,0.0,0.0,0.0,0.0,0.0
NARS1,2,1,0.5,1.5,0.5,0.5,0.0,0.5
NAT1,2,1,0.5,1.5,0.5,0.5,0.5,0.0
NAT8,1,0,0.0,0.0,0.0,0.0,0.0,0.0
NAV1,1,1,1.0,1.0,0.0,0.0,1.0,0.0
NAV2,4,3,0.75,1.25,0.25,0.25,0.75,0.0
NAV3,2,2,1.0,2.5,1.0,0.5,0.5,0.5
NAXD,2,1,0.5,0.5,0.0,0.0,0.0,0.5
NAXE,1,0,0.0,0.0,0.0,0.0,0.0,0.0
NBAS,4,2,0.5,1.0,0.0,0.5,0.0,0.5
NBEA,2,2,1.0,3.0,1.0,0.5,0.5,1.0
NBEAL2,5,2,0.4,1.4,0.4,0.2,0.4,0.4
NBN,3,3,1.0,2.0,0.3333333333333333,1.0,0.6666666666666666,0.0
NBPF3,2,1,0.5,1.0,0.5,0.5,0.0,0.0
NBR1,1,1,1.0,2.0,0.0,1.0,1.0,0.0
NCAM2,1,1,1.0,1.0,0.0,0.0,1.0,0.0
NCAPD2,1,0,0.0,0.0,0.0,0.0,0.0,0.0
NCAPG2,1,0,0.0,0.0,0.0,0.0,0.0,0.0
NCEH1,1,0,0.0,0.0,0.0,0.0,0.0,0.0
NCF1,2,2,1.0,2.0,0.5,0.5,0.5,0.5
NCF2,7,2,0.2857142857142857,0.2857142857142857,0.0,0.0,0.14285714285714285,0.14285714285714285
NCK1,1,1,1.0,1.0,0.0,0.0,1.0,0.0
NCKAP1L,1,0,0.0,0.0,0.0,0.0,0.0,0.0
NCKAP5,6,4,0.6666666666666666,1.0,0.5,0.16666666666666666,0.3333333333333333,0.0
NCL,1,1,1.0,2.0,1.0,0.0,1.0,0.0
NCOA1,2,1,0.5,1.0,0.5,0.0,0.5,0.0
NCOA3,3,2,0.6666666666666666,1.3333333333333333,0.3333333333333333,0.3333333333333333,0.6666666666666666,0.0
NCOA5,1,1,1.0,1.0,0.0,0.0,1.0,0.0
NCOA7,2,1,0.5,1.5,0.5,0.5,0.5,0.0
NCOR2,1,0,0.0,0.0,0.0,0.0,0.0,0.0
NDC80,2,2,1.0,2.0,0.0,1.0,1.0,0.0
NDRG2,2,2,1.0,4.0,1.0,1.0,1.0,1.0
NDST1,2,0,0.0,0.0,0.0,0.0,0.0,0.0
NDUFA1,2,0,0.0,0.0,0.0,0.0,0.0,0.0
NDUFA9,2,2,1.0,2.0,1.0,0.5,0.0,0.5
NDUFAF1,4,0,0.0,0.0,0.0,0.0,0.0,0.0
NDUFAF3,3,1,0.3333333333333333,0.6666666666666666,0.3333333333333333,0.3333333333333333,0.0,0.0
NDUFAF4,3,1,0.3333333333333333,0.3333333333333333,0.0,0.0,0.0,0.3333333333333333
NDUFAF5,3,0,0.0,0.0,0.0,0.0,0.0,0.0
NDUFAF6,2,2,1.0,1.0,0.0,1.0,0.0,0.0
NDUFB7,1,1,1.0,3.0,1.0,1.0,1.0,0.0
NDUFB8,1,0,0.0,0.0,0.0,0.0,0.0,0.0
NDUFC2,1,0,0.0,0.0,0.0,0.0,0.0,0.0
NDUFS1,1,0,0.0,0.0,0.0,0.0,0.0,0.0
NDUFS3,1,0,0.0,0.0,0.0,0.0,0.0,0.0
NDUFS8,1,0,0.0,0.0,0.0,0.0,0.0,0.0
NDUFV1,1,0,0.0,0.0,0.0,0.0,0.0,0.0
NEB,5,4,0.8,1.2,0.0,0.4,0.8,0.0
NEBL,1,1,1.0,3.0,1.0,1.0,1.0,0.0
NECTIN3,1,1,1.0,3.0,1.0,1.0,1.0,0.0
NEDD4L,2,0,0.0,0.0,0.0,0.0,0.0,0.0
NEFH,2,2,1.0,2.0,1.0,1.0,0.0,0.0
NEFM,1,0,0.0,0.0,0.0,0.0,0.0,0.0
NEIL1,1,1,1.0,2.0,0.0,1.0,1.0,0.0
NEIL2,2,0,0.0,0.0,0.0,0.0,0.0,0.0
NEIL3,5,2,0.4,1.0,0.4,0.2,0.4,0.0
NEK1,2,2,1.0,1.5,0.0,0.5,1.0,0.0
NEK11,1,1,1.0,1.0,1.0,0.0,0.0,0.0
NEK4,3,2,0.6666666666666666,2.0,0.6666666666666666,0.3333333333333333,0.6666666666666666,0.3333333333333333
NEK8,1,1,1.0,2.0,1.0,1.0,0.0,0.0
NEK9,4,2,0.5,0.5,0.5,0.0,0.0,0.0
NELL1,1,1,1.0,2.0,0.0,1.0,1.0,0.0
NELL2,1,1,1.0,4.0,1.0,1.0,1.0,1.0
NEPRO,1,0,0.0,0.0,0.0,0.0,0.0,0.0
NES,2,0,0.0,0.0,0.0,0.0,0.0,0.0
NETO1,1,1,1.0,1.0,0.0,1.0,0.0,0.0
NEU1,9,3,0.3333333333333333,0.7777777777777778,0.1111111111111111,0.2222222222222222,0.2222222222222222,0.2222222222222222
NEU2,2,0,0.0,0.0,0.0,0.0,0.0,0.0
NEUROD1,1,1,1.0,1.0,0.0,0.0,1.0,0.0
NEXN,3,1,0.3333333333333333,0.3333333333333333,0.0,0.0,0.0,0.3333333333333333
NF1,49,27,0.5510204081632653,1.0408163265306123,0.30612244897959184,0.32653061224489793,0.16326530612244897,0.24489795918367346
NF2,5,2,0.4,1.0,0.2,0.4,0.2,0.2
NFATC3,1,0,0.0,0.0,0.0,0.0,0.0,0.0
NFATC4,2,0,0.0,0.0,0.0,0.0,0.0,0.0
NFE2L2,3,2,0.6666666666666666,1.0,0.6666666666666666,0.0,0.3333333333333333,0.0
NFKB1,1,0,0.0,0.0,0.0,0.0,0.0,0.0
NFKB2,2,1,0.5,0.5,0.0,0.0,0.5,0.0
NFU1,3,1,0.3333333333333333,0.6666666666666666,0.3333333333333333,0.0,0.0,0.3333333333333333
NFX1,2,2,1.0,2.5,1.0,0.5,1.0,0.0
NFXL1,1,1,1.0,3.0,1.0,1.0,1.0,0.0
NGF,1,1,1.0,2.0,1.0,0.0,1.0,0.0
NGFR,1,1,1.0,1.0,1.0,0.0,0.0,0.0
NGLY1,1,0,0.0,0.0,0.0,0.0,0.0,0.0
NHEJ1,2,2,1.0,1.5,0.5,0.0,1.0,0.0
NHERF1,1,1,1.0,1.0,0.0,0.0,0.0,1.0
NHLRC1,2,0,0.0,0.0,0.0,0.0,0.0,0.0
NHSL1,1,1,1.0,3.0,1.0,1.0,1.0,0.0
NHSL3,2,0,0.0,0.0,0.0,0.0,0.0,0.0
NIBAN1,2,0,0.0,0.0,0.0,0.0,0.0,0.0
NID1,4,3,0.75,1.5,0.5,0.5,0.5,0.0
NID2,3,1,0.3333333333333333,0.6666666666666666,0.0,0.3333333333333333,0.3333333333333333,0.0
NIF3L1,1,0,0.0,0.0,0.0,0.0,0.0,0.0
NIM1K,1,1,1.0,3.0,1.0,1.0,1.0,0.0
NIN,2,1,0.5,0.5,0.5,0.0,0.0,0.0
NINJ1,1,1,1.0,2.0,0.0,1.0,1.0,0.0
NINL,2,2,1.0,1.0,0.5,0.5,0.0,0.0
NIPAL1,2,2,1.0,2.0,0.5,0.5,0.5,0.5
NIPBL,5,4,0.8,0.8,0.6,0.0,0.2,0.0
NIPSNAP3B,1,1,1.0,3.0,0.0,1.0,1.0,1.0
NISCH,1,0,0.0,0.0,0.0,0.0,0.0,0.0
NKAIN4,1,0,0.0,0.0,0.0,0.0,0.0,0.0
NKAP,1,1,1.0,3.0,1.0,1.0,1.0,0.0
NKAPL,4,2,0.5,0.75,0.5,0.0,0.25,0.0
NKTR,6,4,0.6666666666666666,0.6666666666666666,0.6666666666666666,0.0,0.0,0.0
NKX2-1,2,1,0.5,0.5,0.0,0.5,0.0,0.0
NKX2-5,8,6,0.75,1.75,0.375,0.75,0.25,0.375
NKX6-2,1,0,0.0,0.0,0.0,0.0,0.0,0.0
NLE1,3,0,0.0,0.0,0.0,0.0,0.0,0.0
NLGN1,2,1,0.5,1.0,0.5,0.0,0.5,0.0
NLN,3,3,1.0,1.3333333333333333,0.6666666666666666,0.0,0.6666666666666666,0.0
NLRC5,2,1,0.5,0.5,0.5,0.0,0.0,0.0
NLRP1,1,0,0.0,0.0,0.0,0.0,0.0,0.0
NLRP12,1,0,0.0,0.0,0.0,0.0,0.0,0.0
NLRP14,5,3,0.6,1.2,0.2,0.6,0.4,0.0
NLRP2,5,1,0.2,0.6,0.2,0.2,0.2,0.0
NLRP4,3,0,0.0,0.0,0.0,0.0,0.0,0.0
NLRP5,6,3,0.5,1.3333333333333333,0.5,0.5,0.16666666666666666,0.16666666666666666
NLRP6,2,0,0.0,0.0,0.0,0.0,0.0,0.0
NLRP7,3,2,0.6666666666666666,2.0,0.3333333333333333,0.3333333333333333,0.6666666666666666,0.6666666666666666
NLRP8,2,0,0.0,0.0,0.0,0.0,0.0,0.0
NLRX1,2,1,0.5,0.5,0.5,0.0,0.0,0.0
NMD3,1,0,0.0,0.0,0.0,0.0,0.0,0.0
NMNAT1,4,1,0.25,1.0,0.25,0.25,0.25,0.25
NMRK2,1,0,0.0,0.0,0.0,0.0,0.0,0.0
NMUR2,1,0,0.0,0.0,0.0,0.0,0.0,0.0
NNT,5,1,0.2,0.2,0.0,0.2,0.0,0.0
NOA1,2,0,0.0,0.0,0.0,0.0,0.0,0.0
NOB1,1,0,0.0,0.0,0.0,0.0,0.0,0.0
NOBOX,2,0,0.0,0.0,0.0,0.0,0.0,0.0
NOC3L,1,1,1.0,1.0,0.0,0.0,1.0,0.0
NOD1,1,1,1.0,1.0,0.0,0.0,1.0,0.0
NOD2,8,7,0.875,1.5,0.375,0.375,0.25,0.5
NODAL,1,0,0.0,0.0,0.0,0.0,0.0,0.0
NOG,8,0,0.0,0.0,0.0,0.0,0.0,0.0
NOL11,1,0,0.0,0.0,0.0,0.0,0.0,0.0
NOL6,2,2,1.0,3.0,1.0,1.0,1.0,0.0
NOL8,1,0,0.0,0.0,0.0,0.0,0.0,0.0
NOLC1,1,1,1.0,1.0,1.0,0.0,0.0,0.0
NOM1,2,0,0.0,0.0,0.0,0.0,0.0,0.0
NOMO1,5,2,0.4,0.6,0.4,0.0,0.2,0.0
NOP14,1,0,0.0,0.0,0.0,0.0,0.0,0.0
NOP56,1,1,1.0,1.0,0.0,0.0,1.0,0.0
NOP58,2,2,1.0,2.0,0.5,0.5,1.0,0.0
NOS1,1,1,1.0,1.0,0.0,0.0,1.0,0.0
NOS1AP,1,0,0.0,0.0,0.0,0.0,0.0,0.0
NOS2,1,1,1.0,4.0,1.0,1.0,1.0,1.0
NOS3,2,0,0.0,0.0,0.0,0.0,0.0,0.0
NOSTRIN,1,0,0.0,0.0,0.0,0.0,0.0,0.0
NOTCH2,2,0,0.0,0.0,0.0,0.0,0.0,0.0
NOTCH3,37,14,0.3783783783783784,0.972972972972973,0.2972972972972973,0.24324324324324326,0.16216216216216217,0.2702702702702703
NOTCH4,5,1,0.2,0.2,0.0,0.0,0.2,0.0
NOX1,1,1,1.0,2.0,0.0,1.0,1.0,0.0
NOX3,1,1,1.0,3.0,0.0,1.0,1.0,1.0
NOX4,1,0,0.0,0.0,0.0,0.0,0.0,0.0
NPAP1,5,2,0.4,0.6,0.2,0.4,0.0,0.0
NPAS2,1,0,0.0,0.0,0.0,0.0,0.0,0.0
NPAS4,1,0,0.0,0.0,0.0,0.0,0.0,0.0
NPAT,5,3,0.6,1.4,0.6,0.4,0.4,0.0
NPC1,47,18,0.3829787234042553,0.7872340425531915,0.2553191489361702,0.2978723404255319,0.10638297872340426,0.1276595744680851
NPC1L1,1,1,1.0,2.0,1.0,1.0,0.0,0.0
NPC2,3,0,0.0,0.0,0.0,0.0,0.0,0.0
NPEPL1,1,0,0.0,0.0,0.0,0.0,0.0,0.0
NPFFR1,1,1,1.0,4.0,1.0,1.0,1.0,1.0
NPHP1,2,1,0.5,1.5,0.5,0.5,0.5,0.0
NPHP3,3,3,1.0,2.3333333333333335,1.0,0.6666666666666666,0.3333333333333333,0.3333333333333333
NPHP4,6,3,0.5,1.1666666666666667,0.16666666666666666,0.5,0.5,0.0
NPHS1,26,12,0.46153846153846156,0.8076923076923077,0.15384615384615385,0.23076923076923078,0.15384615384615385,0.2692307692307692
NPHS2,7,3,0.42857142857142855,0.8571428571428571,0.2857142857142857,0.2857142857142857,0.14285714285714285,0.14285714285714285
NPIPA1,1,0,0.0,0.0,0.0,0.0,0.0,0.0
NPM3,2,2,1.0,3.0,1.0,1.0,1.0,0.0
NPPB,2,0,0.0,0.0,0.0,0.0,0.0,0.0
NPPC,1,1,1.0,3.0,1.0,1.0,1.0,0.0
NPR1,1,1,1.0,2.0,0.0,1.0,1.0,0.0
NPR2,8,3,0.375,0.875,0.375,0.25,0.125,0.125
NPR3,1,0,0.0,0.0,0.0,0.0,0.0,0.0
NPS,1,1,1.0,3.0,1.0,1.0,1.0,0.0
NPSR1,3,2,0.6666666666666666,2.0,0.3333333333333333,0.6666666666666666,0.6666666666666666,0.3333333333333333
NPVF,1,0,0.0,0.0,0.0,0.0,0.0,0.0
NPY,1,1,1.0,2.0,1.0,0.0,1.0,0.0
NQO1,2,2,1.0,2.0,0.5,0.0,1.0,0.5
NR0B1,7,1,0.14285714285714285,0.14285714285714285,0.14285714285714285,0.0,0.0,0.0
NR0B2,4,2,0.5,1.25,0.5,0.25,0.25,0.25
NR2F1,3,0,0.0,0.0,0.0,0.0,0.0,0.0
NR2F2,1,1,1.0,3.0,1.0,1.0,0.0,1.0
NR3C1,3,1,0.3333333333333333,0.3333333333333333,0.0,0.0,0.3333333333333333,0.0
NR5A1,6,1,0.16666666666666666,0.6666666666666666,0.16666666666666666,0.16666666666666666,0.16666666666666666,0.16666666666666666
NRAP,5,5,1.0,1.8,0.6,0.4,0.8,0.0
NRAS,7,4,0.5714285714285714,0.7142857142857143,0.14285714285714285,0.5714285714285714,0.0,0.0
NRDE2,1,0,0.0,0.0,0.0,0.0,0.0,0.0
NRG3,2,1,0.5,1.0,0.5,0.0,0.5,0.0
NRIP1,1,1,1.0,3.0,1.0,1.0,1.0,0.0
NRK,3,3,1.0,1.0,1.0,0.0,0.0,0.0
NRL,1,1,1.0,4.0,1.0,1.0,1.0,1.0
NSD1,6,1,0.16666666666666666,0.3333333333333333,0.16666666666666666,0.16666666666666666,0.0,0.0
NSD3,1,1,1.0,1.0,1.0,0.0,0.0,0.0
NSL1,1,0,0.0,0.0,0.0,0.0,0.0,0.0
NSMCE1,1,1,1.0,1.0,1.0,0.0,0.0,0.0
NSMCE3,1,1,1.0,2.0,0.0,1.0,0.0,1.0
NSUN2,2,0,0.0,0.0,0.0,0.0,0.0,0.0
NSUN4,2,0,0.0,0.0,0.0,0.0,0.0,0.0
NSUN6,1,0,0.0,0.0,0.0,0.0,0.0,0.0
NSUN7,1,0,0.0,0.0,0.0,0.0,0.0,0.0
NTAQ1,1,1,1.0,2.0,1.0,0.0,1.0,0.0
NTMT2,4,1,0.25,0.25,0.0,0.0,0.25,0.0
NTRK1,10,3,0.3,0.3,0.1,0.0,0.2,0.0
NTRK3,1,0,0.0,0.0,0.0,0.0,0.0,0.0
NTSR1,1,1,1.0,2.0,1.0,0.0,1.0,0.0
NUAK2,1,0,0.0,0.0,0.0,0.0,0.0,0.0
NUBP2,3,0,0.0,0.0,0.0,0.0,0.0,0.0
NUBPL,1,0,0.0,0.0,0.0,0.0,0.0,0.0
NUDCD1,3,1,0.3333333333333333,0.3333333333333333,0.0,0.0,0.3333333333333333,0.0
NUDCD3,2,1,0.5,1.0,0.5,0.0,0.5,0.0
NUDT12,2,1,0.5,0.5,0.0,0.0,0.5,0.0
NUDT22,5,3,0.6,1.0,0.2,0.2,0.6,0.0
NUDT6,2,0,0.0,0.0,0.0,0.0,0.0,0.0
NUDT7,1,1,1.0,3.0,1.0,1.0,1.0,0.0
NUGGC,3,2,0.6666666666666666,0.6666666666666666,0.6666666666666666,0.0,0.0,0.0
NUMA1,3,1,0.3333333333333333,0.6666666666666666,0.3333333333333333,0.3333333333333333,0.0,0.0
NUMB,1,0,0.0,0.0,0.0,0.0,0.0,0.0
NUP107,1,0,0.0,0.0,0.0,0.0,0.0,0.0
NUP133,2,1,0.5,0.5,0.0,0.0,0.0,0.5
NUP153,2,0,0.0,0.0,0.0,0.0,0.0,0.0
NUP205,1,0,0.0,0.0,0.0,0.0,0.0,0.0
NUP210,4,0,0.0,0.0,0.0,0.0,0.0,0.0
NUP58,1,0,0.0,0.0,0.0,0.0,0.0,0.0
NUP62CL,1,0,0.0,0.0,0.0,0.0,0.0,0.0
NUS1,1,0,0.0,0.0,0.0,0.0,0.0,0.0
NUTM1,2,2,1.0,1.0,1.0,0.0,0.0,0.0
NUTM2F,1,1,1.0,1.0,1.0,0.0,0.0,0.0
NWD1,4,2,0.5,0.75,0.0,0.25,0.5,0.0
NXF3,2,1,0.5,0.5,0.5,0.0,0.0,0.0
NXNL1,3,2,0.6666666666666666,2.3333333333333335,0.3333333333333333,0.6666666666666666,0.6666666666666666,0.6666666666666666
NXPE1,1,1,1.0,4.0,1.0,1.0,1.0,1.0
NXPE4,1,0,0.0,0.0,0.0,0.0,0.0,0.0
NYNRIN,1,0,0.0,0.0,0.0,0.0,0.0,0.0
OAF,1,0,0.0,0.0,0.0,0.0,0.0,0.0
OAS1,2,0,0.0,0.0,0.0,0.0,0.0,0.0
OAS3,3,1,0.3333333333333333,0.3333333333333333,0.0,0.3333333333333333,0.0,0.0
OASL,1,0,0.0,0.0,0.0,0.0,0.0,0.0
OAT,6,3,0.5,1.0,0.16666666666666666,0.5,0.16666666666666666,0.16666666666666666
OBP2A,2,0,0.0,0.0,0.0,0.0,0.0,0.0
OCA2,18,8,0.4444444444444444,1.1111111111111112,0.3333333333333333,0.3888888888888889,0.2777777777777778,0.1111111111111111
OCRL,9,0,0.0,0.0,0.0,0.0,0.0,0.0
ODAD1,1,1,1.0,2.0,1.0,1.0,0.0,0.0
ODAD2,2,0,0.0,0.0,0.0,0.0,0.0,0.0
ODAD3,1,1,1.0,3.0,1.0,1.0,1.0,0.0
ODAPH,1,1,1.0,1.0,0.0,1.0,0.0,0.0
ODF2L,1,1,1.0,3.0,1.0,1.0,1.0,0.0
OGA,1,0,0.0,0.0,0.0,0.0,0.0,0.0
OGDHL,1,0,0.0,0.0,0.0,0.0,0.0,0.0
OGFOD3,2,1,0.5,2.0,0.5,0.5,0.5,0.5
OGFRL1,1,0,0.0,0.0,0.0,0.0,0.0,0.0
OGG1,12,6,0.5,1.3333333333333333,0.4166666666666667,0.3333333333333333,0.3333333333333333,0.25
OGT,1,0,0.0,0.0,0.0,0.0,0.0,0.0
OIT3,1,0,0.0,0.0,0.0,0.0,0.0,0.0
OLFM2,1,1,1.0,3.0,1.0,1.0,1.0,0.0
OLFML1,1,1,1.0,2.0,1.0,0.0,1.0,0.0
OLFML2A,2,0,0.0,0.0,0.0,0.0,0.0,0.0
OLFML2B,1,0,0.0,0.0,0.0,0.0,0.0,0.0
OMA1,2,2,1.0,3.5,1.0,1.0,1.0,0.5
OMD,1,1,1.0,3.0,1.0,1.0,1.0,0.0
OMG,1,1,1.0,2.0,1.0,0.0,1.0,0.0
ONECUT1,1,1,1.0,2.0,1.0,1.0,0.0,0.0
OOEP,2,2,1.0,1.5,1.0,0.5,0.0,0.0
OPA1,14,2,0.14285714285714285,0.2857142857142857,0.07142857142857142,0.07142857142857142,0.07142857142857142,0.07142857142857142
OPN1LW,3,1,0.3333333333333333,0.3333333333333333,0.3333333333333333,0.0,0.0,0.0
OPRK1,1,1,1.0,1.0,1.0,0.0,0.0,0.0
OPRM1,5,4,0.8,2.0,0.8,0.6,0.6,0.0
OPTN,2,2,1.0,3.0,0.5,1.0,1.0,0.5
OR10A4,4,3,0.75,2.0,0.75,0.75,0.5,0.0
OR10A5,1,0,0.0,0.0,0.0,0.0,0.0,0.0
OR10AD1,2,1,0.5,1.5,0.5,0.5,0.5,0.0
OR10C1,5,4,0.8,1.6,0.8,0.4,0.4,0.0
OR10G9,1,0,0.0,0.0,0.0,0.0,0.0,0.0
OR10H2,1,1,1.0,3.0,1.0,1.0,1.0,0.0
OR10H4,3,1,0.3333333333333333,0.3333333333333333,0.3333333333333333,0.0,0.0,0.0
OR10P1,3,2,0.6666666666666666,0.6666666666666666,0.0,0.6666666666666666,0.0,0.0
OR10Q1,2,0,0.0,0.0,0.0,0.0,0.0,0.0
OR10T2,2,1,0.5,0.5,0.0,0.5,0.0,0.0
OR10V1,2,1,0.5,0.5,0.5,0.0,0.0,0.0
OR10W1,2,1,0.5,0.5,0.5,0.0,0.0,0.0
OR11H6,5,2,0.4,0.8,0.4,0.2,0.2,0.0
OR11L1,2,1,0.5,0.5,0.5,0.0,0.0,0.0
OR12D3,2,0,0.0,0.0,0.0,0.0,0.0,0.0
OR13C5,4,2,0.5,0.75,0.25,0.5,0.0,0.0
OR13C8,1,0,0.0,0.0,0.0,0.0,0.0,0.0
OR13C9,2,0,0.0,0.0,0.0,0.0,0.0,0.0
OR13F1,2,1,0.5,0.5,0.5,0.0,0.0,0.0
OR13H1,1,0,0.0,0.0,0.0,0.0,0.0,0.0
OR13J1,1,1,1.0,1.0,1.0,0.0,0.0,0.0
OR14I1,3,1,0.3333333333333333,0.3333333333333333,0.0,0.3333333333333333,0.0,0.0
OR14J1,1,0,0.0,0.0,0.0,0.0,0.0,0.0
OR1A2,1,0,0.0,0.0,0.0,0.0,0.0,0.0
OR1E1,2,1,0.5,0.5,0.5,0.0,0.0,0.0
OR1E2,1,1,1.0,1.0,1.0,0.0,0.0,0.0
OR1G1,1,0,0.0,0.0,0.0,0.0,0.0,0.0
OR1I1,6,4,0.6666666666666666,1.1666666666666667,0.5,0.5,0.16666666666666666,0.0
OR1J2,2,1,0.5,0.5,0.5,0.0,0.0,0.0
OR1L1,2,0,0.0,0.0,0.0,0.0,0.0,0.0
OR1L3,2,1,0.5,0.5,0.5,0.0,0.0,0.0
OR1L6,1,0,0.0,0.0,0.0,0.0,0.0,0.0
OR1Q1,1,1,1.0,3.0,1.0,1.0,1.0,0.0
OR2A14,2,1,0.5,0.5,0.5,0.0,0.0,0.0
OR2A25,1,0,0.0,0.0,0.0,0.0,0.0,0.0
OR2AE1,2,0,0.0,0.0,0.0,0.0,0.0,0.0
OR2B2,1,0,0.0,0.0,0.0,0.0,0.0,0.0
OR2B6,1,0,0.0,0.0,0.0,0.0,0.0,0.0
OR2C1,1,1,1.0,3.0,1.0,1.0,1.0,0.0
OR2C3,2,2,1.0,1.5,1.0,0.0,0.5,0.0
OR2D2,1,0,0.0,0.0,0.0,0.0,0.0,0.0
OR2D3,1,1,1.0,3.0,1.0,1.0,1.0,0.0
OR2F2,1,1,1.0,1.0,1.0,0.0,0.0,0.0
OR2G2,1,1,1.0,2.0,1.0,1.0,0.0,0.0
OR2H1,2,1,0.5,1.5,0.5,0.5,0.5,0.0
OR2H2,1,0,0.0,0.0,0.0,0.0,0.0,0.0
OR2L13,1,1,1.0,1.0,0.0,1.0,0.0,0.0
OR2L3,1,1,1.0,1.0,1.0,0.0,0.0,0.0
OR2S2,1,0,0.0,0.0,0.0,0.0,0.0,0.0
OR2T33,1,1,1.0,1.0,1.0,0.0,0.0,0.0
OR2T34,1,1,1.0,1.0,1.0,0.0,0.0,0.0
OR2W3,2,2,1.0,1.0,0.5,0.0,0.0,0.5
OR2Y1,1,0,0.0,0.0,0.0,0.0,0.0,0.0
OR3A1,1,1,1.0,4.0,1.0,1.0,1.0,1.0
OR4A16,2,1,0.5,0.5,0.5,0.0,0.0,0.0
OR4A47,3,1,0.3333333333333333,0.3333333333333333,0.3333333333333333,0.0,0.0,0.0
OR4B1,1,1,1.0,3.0,1.0,1.0,1.0,0.0
OR4C13,1,1,1.0,1.0,1.0,0.0,0.0,0.0
OR4C6,1,0,0.0,0.0,0.0,0.0,0.0,0.0
OR4D2,2,0,0.0,0.0,0.0,0.0,0.0,0.0
OR4D6,1,1,1.0,2.0,1.0,0.0,1.0,0.0
OR4K1,1,0,0.0,0.0,0.0,0.0,0.0,0.0
OR4K2,1,0,0.0,0.0,0.0,0.0,0.0,0.0
OR4L1,1,1,1.0,3.0,1.0,1.0,1.0,0.0
OR4N2,2,2,1.0,1.0,1.0,0.0,0.0,0.0
OR4X1,1,1,1.0,2.0,1.0,0.0,1.0,0.0
OR51B4,2,1,0.5,0.5,0.5,0.0,0.0,0.0
OR51B5,2,2,1.0,3.0,1.0,1.0,1.0,0.0
OR51B6,4,2,0.5,0.75,0.25,0.5,0.0,0.0
OR51S1,1,0,0.0,0.0,0.0,0.0,0.0,0.0
OR52B6,3,2,0.6666666666666666,0.6666666666666666,0.6666666666666666,0.0,0.0,0.0
OR52D1,1,1,1.0,3.0,1.0,1.0,1.0,0.0
OR52E6,1,1,1.0,1.0,1.0,0.0,0.0,0.0
OR52J3,2,1,0.5,1.0,0.5,0.0,0.5,0.0
OR52K2,2,2,1.0,1.0,1.0,0.0,0.0,0.0
OR52M1,1,0,0.0,0.0,0.0,0.0,0.0,0.0
OR52N2,2,1,0.5,1.5,0.5,0.5,0.5,0.0
OR52N5,1,1,1.0,1.0,1.0,0.0,0.0,0.0
OR56B1,1,1,1.0,3.0,1.0,1.0,1.0,0.0
OR5A2,1,1,1.0,2.0,0.0,1.0,1.0,0.0
OR5AP2,1,1,1.0,1.0,1.0,0.0,0.0,0.0
OR5B12,4,0,0.0,0.0,0.0,0.0,0.0,0.0
OR5B21,1,1,1.0,3.0,1.0,1.0,1.0,0.0
OR5D14,2,1,0.5,0.5,0.5,0.0,0.0,0.0
OR5D18,2,1,0.5,0.5,0.5,0.0,0.0,0.0
OR5F1,1,1,1.0,2.0,1.0,1.0,0.0,0.0
OR5H14,1,1,1.0,1.0,1.0,0.0,0.0,0.0
OR5I1,1,1,1.0,1.0,1.0,0.0,0.0,0.0
OR5K3,1,1,1.0,3.0,1.0,1.0,1.0,0.0
OR5L2,1,1,1.0,3.0,1.0,1.0,1.0,0.0
OR5M11,1,0,0.0,0.0,0.0,0.0,0.0,0.0
OR5V1,2,2,1.0,2.5,1.0,1.0,0.5,0.0
OR5W2,2,1,0.5,0.5,0.5,0.0,0.0,0.0
OR6C1,2,2,1.0,2.0,1.0,0.5,0.5,0.0
OR6C65,2,2,1.0,2.0,1.0,0.5,0.5,0.0
OR6C70,1,1,1.0,1.0,1.0,0.0,0.0,0.0
OR6K2,1,0,0.0,0.0,0.0,0.0,0.0,0.0
OR6K3,1,1,1.0,3.0,1.0,1.0,1.0,0.0
OR6S1,3,3,1.0,2.6666666666666665,1.0,0.6666666666666666,1.0,0.0
OR6T1,1,1,1.0,1.0,1.0,0.0,0.0,0.0
OR7C1,1,1,1.0,1.0,1.0,0.0,0.0,0.0
OR7C2,2,2,1.0,3.5,1.0,1.0,1.0,0.5
OR7D4,2,1,0.5,1.0,0.5,0.5,0.0,0.0
OR7G1,3,3,1.0,1.3333333333333333,1.0,0.3333333333333333,0.0,0.0
OR8B4,1,1,1.0,3.0,1.0,1.0,1.0,0.0
OR8D4,2,1,0.5,1.5,0.5,0.5,0.5,0.0
OR8H1,1,1,1.0,1.0,1.0,0.0,0.0,0.0
OR8H2,2,0,0.0,0.0,0.0,0.0,0.0,0.0
OR8H3,1,0,0.0,0.0,0.0,0.0,0.0,0.0
OR8I2,1,0,0.0,0.0,0.0,0.0,0.0,0.0
OR8K1,1,0,0.0,0.0,0.0,0.0,0.0,0.0
OR8K5,2,2,1.0,2.5,1.0,1.0,0.5,0.0
OR8U1,3,1,0.3333333333333333,0.3333333333333333,0.3333333333333333,0.0,0.0,0.0
ORAI2,1,1,1.0,2.0,1.0,1.0,0.0,0.0
ORC1,4,3,0.75,0.75,0.75,0.0,0.0,0.0
ORC2,2,2,1.0,2.5,1.0,0.5,1.0,0.0
ORC3,3,3,1.0,2.0,0.6666666666666666,0.3333333333333333,1.0,0.0
ORC4,1,0,0.0,0.0,0.0,0.0,0.0,0.0
ORC5,1,1,1.0,4.0,1.0,1.0,1.0,1.0
ORC6,1,0,0.0,0.0,0.0,0.0,0.0,0.0
ORM1,1,0,0.0,0.0,0.0,0.0,0.0,0.0
ORM2,1,1,1.0,3.0,1.0,1.0,1.0,0.0
OS9,1,1,1.0,2.0,1.0,0.0,1.0,0.0
OSBPL3,1,0,0.0,0.0,0.0,0.0,0.0,0.0
OSBPL5,1,1,1.0,1.0,1.0,0.0,0.0,0.0
OSBPL7,2,0,0.0,0.0,0.0,0.0,0.0,0.0
OSCP1,1,1,1.0,3.0,1.0,1.0,1.0,0.0
OSGEP,5,2,0.4,0.6,0.2,0.0,0.0,0.4
OSGIN2,1,1,1.0,2.0,0.0,1.0,1.0,0.0
OSM,1,1,1.0,3.0,1.0,1.0,1.0,0.0
OSMR,2,1,0.5,1.5,0.5,0.5,0.5,0.0
OTC,34,11,0.3235294117647059,0.5294117647058824,0.23529411764705882,0.14705882352941177,0.08823529411764706,0.058823529411764705
OTOF,8,3,0.375,0.625,0.25,0.125,0.125,0.125
OTOP1,2,0,0.0,0.0,0.0,0.0,0.0,0.0
OTOS,2,0,0.0,0.0,0.0,0.0,0.0,0.0
OTUD6B,1,0,0.0,0.0,0.0,0.0,0.0,0.0
OTULIN,3,1,0.3333333333333333,0.3333333333333333,0.0,0.0,0.3333333333333333,0.0
OTULINL,1,1,1.0,1.0,0.0,0.0,1.0,0.0
OVCH1,3,1,0.3333333333333333,0.3333333333333333,0.3333333333333333,0.0,0.0,0.0
OVGP1,1,0,0.0,0.0,0.0,0.0,0.0,0.0
OXCT1,4,1,0.25,0.25,0.25,0.0,0.0,0.0
OXR1,1,1,1.0,1.0,1.0,0.0,0.0,0.0
OXSR1,1,0,0.0,0.0,0.0,0.0,0.0,0.0
OXTR,1,0,0.0,0.0,0.0,0.0,0.0,0.0
P2RX3,2,0,0.0,0.0,0.0,0.0,0.0,0.0
P2RX4,2,2,1.0,2.5,1.0,0.5,1.0,0.0
P2RY10,1,0,0.0,0.0,0.0,0.0,0.0,0.0
P2RY2,1,0,0.0,0.0,0.0,0.0,0.0,0.0
P3H1,1,1,1.0,4.0,1.0,1.0,1.0,1.0
P3H4,1,1,1.0,1.0,0.0,0.0,1.0,0.0
P4HA2,1,0,0.0,0.0,0.0,0.0,0.0,0.0
P4HTM,1,1,1.0,1.0,0.0,1.0,0.0,0.0
PAAF1,2,2,1.0,1.5,0.0,0.5,1.0,0.0
PABPC1L,1,1,1.0,1.0,0.0,0.0,1.0,0.0
PACS1,1,1,1.0,1.0,0.0,0.0,0.0,1.0
PACS2,2,1,0.5,1.0,0.0,0.5,0.0,0.5
PACSIN3,1,1,1.0,3.0,1.0,1.0,1.0,0.0
PADI3,1,0,0.0,0.0,0.0,0.0,0.0,0.0
PADI4,3,1,0.3333333333333333,0.3333333333333333,0.0,0.3333333333333333,0.0,0.0
PAEP,1,0,0.0,0.0,0.0,0.0,0.0,0.0
PAFAH1B1,3,1,0.3333333333333333,1.0,0.3333333333333333,0.3333333333333333,0.0,0.3333333333333333
PAH,68,15,0.22058823529411764,0.3088235294117647,0.08823529411764706,0.16176470588235295,0.029411764705882353,0.029411764705882353
PAK6,3,1,0.3333333333333333,0.6666666666666666,0.3333333333333333,0.0,0.3333333333333333,0.0
PALB2,21,11,0.5238095238095238,1.380952380952381,0.3333333333333333,0.5238095238095238,0.5238095238095238,0.0
PALD1,1,0,0.0,0.0,0.0,0.0,0.0,0.0
PALM,2,0,0.0,0.0,0.0,0.0,0.0,0.0
PALM2AKAP2,1,0,0.0,0.0,0.0,0.0,0.0,0.0
PALMD,1,0,0.0,0.0,0.0,0.0,0.0,0.0
PAM,2,0,0.0,0.0,0.0,0.0,0.0,0.0
PANK2,8,4,0.5,0.875,0.375,0.375,0.125,0.0
PANK4,1,0,0.0,0.0,0.0,0.0,0.0,0.0
PANX3,1,0,0.0,0.0,0.0,0.0,0.0,0.0
PAPLN,2,1,0.5,1.5,0.5,0.5,0.5,0.0
PAPPA,1,0,0.0,0.0,0.0,0.0,0.0,0.0
PAQR7,1,0,0.0,0.0,0.0,0.0,0.0,0.0
PARD3,1,1,1.0,1.0,0.0,1.0,0.0,0.0
PARD3B,2,0,0.0,0.0,0.0,0.0,0.0,0.0
PARK7,3,3,1.0,2.6666666666666665,0.6666666666666666,1.0,0.3333333333333333,0.6666666666666666
PARL,1,0,0.0,0.0,0.0,0.0,0.0,0.0
PARN,2,0,0.0,0.0,0.0,0.0,0.0,0.0
PARP1,4,2,0.5,1.0,0.25,0.25,0.5,0.0
PARP10,1,0,0.0,0.0,0.0,0.0,0.0,0.0
PARP12,1,0,0.0,0.0,0.0,0.0,0.0,0.0
PARP15,1,0,0.0,0.0,0.0,0.0,0.0,0.0
PARP2,1,1,1.0,1.0,0.0,0.0,1.0,0.0
PARP4,1,0,0.0,0.0,0.0,0.0,0.0,0.0
PARP9,2,1,0.5,1.0,0.0,0.5,0.5,0.0
PARPBP,1,1,1.0,1.0,0.0,1.0,0.0,0.0
PASK,5,1,0.2,0.2,0.2,0.0,0.0,0.0
PATJ,3,2,0.6666666666666666,1.3333333333333333,0.3333333333333333,0.3333333333333333,0.6666666666666666,0.0
PATL2,1,0,0.0,0.0,0.0,0.0,0.0,0.0
PATZ1,1,1,1.0,1.0,1.0,0.0,0.0,0.0
PAWR,2,1,0.5,1.0,0.0,0.5,0.5,0.0
PAX1,2,0,0.0,0.0,0.0,0.0,0.0,0.0
PAX2,7,0,0.0,0.0,0.0,0.0,0.0,0.0
PAX3,8,2,0.25,0.375,0.125,0.125,0.125,0.0
PAX4,2,2,1.0,4.0,1.0,1.0,1.0,1.0
PAX5,5,4,0.8,2.4,0.6,0.4,0.8,0.6
PAX6,4,2,0.5,1.5,0.5,0.5,0.25,0.25
PAX8,2,2,1.0,2.0,0.5,1.0,0.5,0.0
PAXIP1,1,0,0.0,0.0,0.0,0.0,0.0,0.0
PBK,1,1,1.0,2.0,1.0,0.0,1.0,0.0
PBLD,2,2,1.0,1.5,0.5,0.0,1.0,0.0
PBRM1,9,9,1.0,2.2222222222222223,0.4444444444444444,0.6666666666666666,1.0,0.1111111111111111
PBXIP1,1,0,0.0,0.0,0.0,0.0,0.0,0.0
PC,2,0,0.0,0.0,0.0,0.0,0.0,0.0
PCARE,2,1,0.5,1.5,0.5,0.5,0.5,0.0
PCBD1,2,1,0.5,0.5,0.0,0.5,0.0,0.0
PCCA,3,1,0.3333333333333333,0.6666666666666666,0.3333333333333333,0.3333333333333333,0.0,0.0
PCCB,7,0,0.0,0.0,0.0,0.0,0.0,0.0
PCDH12,1,0,0.0,0.0,0.0,0.0,0.0,0.0
PCDH15,2,2,1.0,3.0,1.0,1.0,1.0,0.0
PCDH19,10,4,0.4,1.0,0.3,0.3,0.3,0.1
PCDH8,2,1,0.5,2.0,0.5,0.5,0.5,0.5
PCDHA1,1,1,1.0,4.0,1.0,1.0,1.0,1.0
PCDHA10,2,1,0.5,0.5,0.0,0.0,0.5,0.0
PCDHA2,2,1,0.5,0.5,0.5,0.0,0.0,0.0
PCDHA3,1,0,0.0,0.0,0.0,0.0,0.0,0.0
PCDHA5,1,0,0.0,0.0,0.0,0.0,0.0,0.0
PCDHA9,2,2,1.0,1.0,1.0,0.0,0.0,0.0
PCDHB1,1,0,0.0,0.0,0.0,0.0,0.0,0.0
PCDHB15,1,0,0.0,0.0,0.0,0.0,0.0,0.0
PCDHB2,1,0,0.0,0.0,0.0,0.0,0.0,0.0
PCDHB4,1,0,0.0,0.0,0.0,0.0,0.0,0.0
PCDHB7,3,2,0.6666666666666666,1.0,0.6666666666666666,0.0,0.3333333333333333,0.0
PCDHB8,1,1,1.0,3.0,1.0,1.0,1.0,0.0
PCDHGA1,2,0,0.0,0.0,0.0,0.0,0.0,0.0
PCDHGA10,1,0,0.0,0.0,0.0,0.0,0.0,0.0
PCDHGA3,2,0,0.0,0.0,0.0,0.0,0.0,0.0
PCDHGA6,1,0,0.0,0.0,0.0,0.0,0.0,0.0
PCDHGA8,1,1,1.0,1.0,1.0,0.0,0.0,0.0
PCDHGB2,2,0,0.0,0.0,0.0,0.0,0.0,0.0
PCDHGB6,2,0,0.0,0.0,0.0,0.0,0.0,0.0
PCK1,2,2,1.0,2.0,0.5,0.5,1.0,0.0
PCK2,1,1,1.0,1.0,0.0,0.0,1.0,0.0
PCLAF,1,1,1.0,3.0,1.0,1.0,1.0,0.0
PCM1,6,5,0.8333333333333334,1.5,0.5,0.5,0.5,0.0
PCMT1,1,0,0.0,0.0,0.0,0.0,0.0,0.0
PCNA,1,1,1.0,1.0,0.0,1.0,0.0,0.0
PCNT,7,1,0.14285714285714285,0.14285714285714285,0.0,0.14285714285714285,0.0,0.0
PCNX1,2,2,1.0,2.0,0.5,0.5,1.0,0.0
PCNX3,3,2,0.6666666666666666,1.3333333333333333,0.3333333333333333,0.3333333333333333,0.6666666666666666,0.0
PCNX4,1,0,0.0,0.0,0.0,0.0,0.0,0.0
PCOLCE2,2,1,0.5,1.0,0.5,0.0,0.5,0.0
PCSK1,1,0,0.0,0.0,0.0,0.0,0.0,0.0
PCSK7,3,2,0.6666666666666666,0.6666666666666666,0.6666666666666666,0.0,0.0,0.0
PCSK9,11,4,0.36363636363636365,0.8181818181818182,0.18181818181818182,0.18181818181818182,0.2727272727272727,0.18181818181818182
PCTP,1,0,0.0,0.0,0.0,0.0,0.0,0.0
PCYOX1L,2,0,0.0,0.0,0.0,0.0,0.0,0.0
PCYT1A,1,1,1.0,1.0,0.0,1.0,0.0,0.0
PDCD11,1,0,0.0,0.0,0.0,0.0,0.0,0.0
PDCD4,2,0,0.0,0.0,0.0,0.0,0.0,0.0
PDE11A,1,1,1.0,1.0,0.0,0.0,1.0,0.0
PDE12,1,0,0.0,0.0,0.0,0.0,0.0,0.0
PDE3A,3,3,1.0,1.3333333333333333,0.3333333333333333,0.0,0.0,1.0
PDE4B,1,1,1.0,1.0,1.0,0.0,0.0,0.0
PDE4C,1,0,0.0,0.0,0.0,0.0,0.0,0.0
PDE4D,1,1,1.0,1.0,0.0,1.0,0.0,0.0
PDE5A,2,0,0.0,0.0,0.0,0.0,0.0,0.0
PDE6A,7,6,0.8571428571428571,1.5714285714285714,0.5714285714285714,0.42857142857142855,0.42857142857142855,0.14285714285714285
PDE6B,3,1,0.3333333333333333,1.3333333333333333,0.3333333333333333,0.3333333333333333,0.3333333333333333,0.3333333333333333
PDE6C,2,1,0.5,1.5,0.5,0.5,0.5,0.0
PDE8B,1,1,1.0,3.0,1.0,1.0,0.0,1.0
PDF,2,0,0.0,0.0,0.0,0.0,0.0,0.0
PDGFRA,5,4,0.8,3.2,0.8,0.8,0.8,0.8
PDGFRB,2,0,0.0,0.0,0.0,0.0,0.0,0.0
PDHA1,8,3,0.375,0.625,0.125,0.25,0.125,0.125
PDHB,1,0,0.0,0.0,0.0,0.0,0.0,0.0
PDHX,2,2,1.0,2.5,0.5,0.5,1.0,0.5
PDIA2,3,2,0.6666666666666666,1.6666666666666667,0.6666666666666666,0.6666666666666666,0.3333333333333333,0.0
PDIA6,1,1,1.0,2.0,1.0,0.0,1.0,0.0
PDILT,2,1,0.5,1.5,0.5,0.5,0.5,0.0
PDK4,1,0,0.0,0.0,0.0,0.0,0.0,0.0
PDLIM5,1,1,1.0,3.0,1.0,1.0,1.0,0.0
PDLIM7,1,0,0.0,0.0,0.0,0.0,0.0,0.0
PDX1,2,2,1.0,3.5,0.5,1.0,1.0,1.0
PDXK,1,1,1.0,3.0,1.0,1.0,0.0,1.0
PDYN,5,1,0.2,0.8,0.2,0.2,0.2,0.2
PDZD2,2,1,0.5,1.5,0.5,0.5,0.5,0.0
PDZD7,1,0,0.0,0.0,0.0,0.0,0.0,0.0
PDZRN4,1,1,1.0,2.0,0.0,1.0,1.0,0.0
PEAK1,4,1,0.25,0.5,0.25,0.0,0.25,0.0
PEBP4,2,0,0.0,0.0,0.0,0.0,0.0,0.0
PEG3,2,0,0.0,0.0,0.0,0.0,0.0,0.0
PEMT,1,0,0.0,0.0,0.0,0.0,0.0,0.0
PENK,2,0,0.0,0.0,0.0,0.0,0.0,0.0
PEPD,2,0,0.0,0.0,0.0,0.0,0.0,0.0
PER1,2,0,0.0,0.0,0.0,0.0,0.0,0.0
PER2,1,1,1.0,1.0,0.0,1.0,0.0,0.0
PER3,4,1,0.25,0.75,0.25,0.25,0.25,0.0
PES1,1,1,1.0,3.0,1.0,1.0,1.0,0.0
PEX1,7,2,0.2857142857142857,0.5714285714285714,0.14285714285714285,0.14285714285714285,0.2857142857142857,0.0
PEX10,1,0,0.0,0.0,0.0,0.0,0.0,0.0
PEX11G,1,0,0.0,0.0,0.0,0.0,0.0,0.0
PEX14,1,0,0.0,0.0,0.0,0.0,0.0,0.0
PEX16,2,0,0.0,0.0,0.0,0.0,0.0,0.0
PEX2,1,0,0.0,0.0,0.0,0.0,0.0,0.0
PEX6,4,0,0.0,0.0,0.0,0.0,0.0,0.0
PEX7,1,1,1.0,1.0,0.0,1.0,0.0,0.0
PFKL,1,1,1.0,1.0,0.0,0.0,1.0,0.0
PFKM,3,0,0.0,0.0,0.0,0.0,0.0,0.0
PGAM2,2,1,0.5,1.0,0.5,0.5,0.0,0.0
PGAP2,2,2,1.0,2.0,0.5,0.5,0.5,0.5
PGAP3,1,0,0.0,0.0,0.0,0.0,0.0,0.0
PGBD1,2,0,0.0,0.0,0.0,0.0,0.0,0.0
PGD,1,1,1.0,3.0,1.0,1.0,1.0,0.0
PGK1,2,1,0.5,0.5,0.0,0.0,0.5,0.0
PGLYRP2,2,0,0.0,0.0,0.0,0.0,0.0,0.0
PGLYRP3,1,0,0.0,0.0,0.0,0.0,0.0,0.0
PGLYRP4,1,0,0.0,0.0,0.0,0.0,0.0,0.0
PGM1,4,1,0.25,0.5,0.25,0.0,0.25,0.0
PGM2L1,1,1,1.0,2.0,1.0,0.0,1.0,0.0
PGM3,1,0,0.0,0.0,0.0,0.0,0.0,0.0
PGPEP1L,1,0,0.0,0.0,0.0,0.0,0.0,0.0
PGR,5,3,0.6,1.0,0.6,0.0,0.4,0.0
PHETA2,1,0,0.0,0.0,0.0,0.0,0.0,0.0
PHEX,8,0,0.0,0.0,0.0,0.0,0.0,0.0
PHF20,1,1,1.0,1.0,1.0,0.0,0.0,0.0
PHF3,1,1,1.0,2.0,1.0,0.0,1.0,0.0
PHGDH,5,1,0.2,0.4,0.2,0.0,0.0,0.2
PHIP,1,1,1.0,1.0,0.0,0.0,1.0,0.0
PHKA2,6,0,0.0,0.0,0.0,0.0,0.0,0.0
PHKB,2,1,0.5,2.0,0.5,0.5,0.5,0.5
PHKG2,3,1,0.3333333333333333,0.3333333333333333,0.0,0.0,0.3333333333333333,0.0
PHOX2B,1,1,1.0,2.0,0.0,0.0,1.0,1.0
PHRF1,3,0,0.0,0.0,0.0,0.0,0.0,0.0
PHYH,3,0,0.0,0.0,0.0,0.0,0.0,0.0
PHYHIPL,1,0,0.0,0.0,0.0,0.0,0.0,0.0
PHYKPL,1,1,1.0,1.0,0.0,1.0,0.0,0.0
PI16,2,2,1.0,1.5,1.0,0.5,0.0,0.0
PI4K2B,1,0,0.0,0.0,0.0,0.0,0.0,0.0
PI4KA,1,1,1.0,3.0,1.0,0.0,1.0,1.0
PI4KB,1,1,1.0,4.0,1.0,1.0,1.0,1.0
PIBF1,2,2,1.0,1.0,0.0,0.0,0.0,1.0
PICALM,2,2,1.0,3.0,1.0,0.5,1.0,0.5
PIEZO1,6,3,0.5,1.1666666666666667,0.3333333333333333,0.16666666666666666,0.16666666666666666,0.5
PIF1,1,0,0.0,0.0,0.0,0.0,0.0,0.0
PIGA,2,2,1.0,2.5,1.0,0.5,0.5,0.5
PIGB,1,1,1.0,1.0,1.0,0.0,0.0,0.0
PIGG,4,0,0.0,0.0,0.0,0.0,0.0,0.0
PIGK,1,0,0.0,0.0,0.0,0.0,0.0,0.0
PIGL,1,0,0.0,0.0,0.0,0.0,0.0,0.0
PIGN,2,0,0.0,0.0,0.0,0.0,0.0,0.0
PIGO,1,1,1.0,3.0,1.0,1.0,0.0,1.0
PIGR,1,1,1.0,1.0,1.0,0.0,0.0,0.0
PIGT,5,1,0.2,0.4,0.2,0.0,0.0,0.2
PIGU,1,1,1.0,1.0,0.0,0.0,0.0,1.0
PIGZ,1,0,0.0,0.0,0.0,0.0,0.0,0.0
PIH1D1,1,1,1.0,1.0,1.0,0.0,0.0,0.0
PIK3C2G,1,1,1.0,1.0,1.0,0.0,0.0,0.0
PIK3CA,33,20,0.6060606060606061,1.2727272727272727,0.36363636363636365,0.3939393939393939,0.0,0.5151515151515151
PIK3CD,1,0,0.0,0.0,0.0,0.0,0.0,0.0
PIK3R2,6,2,0.3333333333333333,0.5,0.16666666666666666,0.0,0.16666666666666666,0.16666666666666666
PIK3R4,1,1,1.0,3.0,1.0,1.0,1.0,0.0
PIKFYVE,3,1,0.3333333333333333,0.6666666666666666,0.3333333333333333,0.0,0.3333333333333333,0.0
PILRB,2,0,0.0,0.0,0.0,0.0,0.0,0.0
PINK1,18,11,0.6111111111111112,1.9444444444444444,0.5,0.3888888888888889,0.5555555555555556,0.5
PINX1,3,1,0.3333333333333333,0.3333333333333333,0.0,0.3333333333333333,0.0,0.0
PIP4K2A,1,1,1.0,1.0,0.0,0.0,1.0,0.0
PISD,1,0,0.0,0.0,0.0,0.0,0.0,0.0
PITPNM3,3,2,0.6666666666666666,1.6666666666666667,0.3333333333333333,0.3333333333333333,0.6666666666666666,0.3333333333333333
PITRM1,6,2,0.3333333333333333,0.6666666666666666,0.16666666666666666,0.16666666666666666,0.3333333333333333,0.0
PITX1,2,2,1.0,1.5,0.5,0.0,1.0,0.0
PITX2,1,0,0.0,0.0,0.0,0.0,0.0,0.0
PIWIL4,1,1,1.0,1.0,1.0,0.0,0.0,0.0
PJVK,2,2,1.0,1.0,0.0,0.0,0.0,1.0
PKD1,28,17,0.6071428571428571,1.3214285714285714,0.35714285714285715,0.39285714285714285,0.39285714285714285,0.17857142857142858
PKD1L1,2,0,0.0,0.0,0.0,0.0,0.0,0.0
PKD2,5,4,0.8,1.4,0.8,0.0,0.6,0.0
PKD2L1,2,1,0.5,1.0,0.5,0.0,0.5,0.0
PKDREJ,1,0,0.0,0.0,0.0,0.0,0.0,0.0
PKHD1,39,16,0.41025641025641024,0.5897435897435898,0.1794871794871795,0.20512820512820512,0.0,0.20512820512820512
PKHD1L1,4,1,0.25,0.5,0.25,0.0,0.25,0.0
PKLR,13,3,0.23076923076923078,0.5384615384615384,0.23076923076923078,0.07692307692307693,0.15384615384615385,0.07692307692307693
PKN1,2,1,0.5,1.0,0.5,0.0,0.5,0.0
PKN2,1,1,1.0,2.0,0.0,1.0,1.0,0.0
PKNOX1,2,2,1.0,2.5,0.5,0.5,1.0,0.5
PKNOX2,1,1,1.0,2.0,0.0,1.0,1.0,0.0
PKP1,3,2,0.6666666666666666,0.6666666666666666,0.0,0.0,0.6666666666666666,0.0
PKP2,4,2,0.5,1.0,0.25,0.25,0.5,0.0
PLA2G1B,1,0,0.0,0.0,0.0,0.0,0.0,0.0
PLA2G2C,1,0,0.0,0.0,0.0,0.0,0.0,0.0
PLA2G2D,3,2,0.6666666666666666,1.6666666666666667,0.6666666666666666,0.3333333333333333,0.6666666666666666,0.0
PLA2G3,2,2,1.0,2.0,1.0,0.5,0.5,0.0
PLA2G4B,1,0,0.0,0.0,0.0,0.0,0.0,0.0
PLA2G4C,2,1,0.5,1.0,0.5,0.5,0.0,0.0
PLA2G4D,7,4,0.5714285714285714,1.1428571428571428,0.5714285714285714,0.2857142857142857,0.2857142857142857,0.0
PLA2G4F,1,0,0.0,0.0,0.0,0.0,0.0,0.0
PLA2G5,1,0,0.0,0.0,0.0,0.0,0.0,0.0
PLA2G6,3,2,0.6666666666666666,0.6666666666666666,0.3333333333333333,0.3333333333333333,0.0,0.0
PLA2G7,4,3,0.75,1.0,0.0,0.25,0.5,0.25
PLA2R1,2,0,0.0,0.0,0.0,0.0,0.0,0.0
PLAA,1,1,1.0,1.0,0.0,0.0,0.0,1.0
PLAAT5,3,1,0.3333333333333333,0.3333333333333333,0.3333333333333333,0.0,0.0,0.0
PLAC8L1,1,0,0.0,0.0,0.0,0.0,0.0,0.0
PLAT,1,1,1.0,3.0,1.0,0.0,1.0,1.0
PLAU,1,1,1.0,2.0,1.0,1.0,0.0,0.0
PLAUR,2,0,0.0,0.0,0.0,0.0,0.0,0.0
PLB1,1,0,0.0,0.0,0.0,0.0,0.0,0.0
PLBD2,1,0,0.0,0.0,0.0,0.0,0.0,0.0
PLCB4,3,1,0.3333333333333333,0.6666666666666666,0.0,0.3333333333333333,0.3333333333333333,0.0
PLCE1,2,1,0.5,1.0,0.5,0.0,0.5,0.0
PLCG1,2,2,1.0,1.0,0.0,0.0,1.0,0.0
PLCL1,1,1,1.0,4.0,1.0,1.0,1.0,1.0
PLCZ1,1,0,0.0,0.0,0.0,0.0,0.0,0.0
PLD1,4,2,0.5,1.0,0.5,0.25,0.25,0.0
PLD2,1,1,1.0,1.0,0.0,0.0,1.0,0.0
PLD3,6,4,0.6666666666666666,1.0,0.3333333333333333,0.0,0.5,0.16666666666666666
PLD4,1,1,1.0,1.0,1.0,0.0,0.0,0.0
PLEC,6,3,0.5,0.5,0.3333333333333333,0.0,0.16666666666666666,0.0
PLEKHA7,2,0,0.0,0.0,0.0,0.0,0.0,0.0
PLEKHG2,2,1,0.5,0.5,0.5,0.0,0.0,0.0
PLEKHG4,1,1,1.0,4.0,1.0,1.0,1.0,1.0
PLEKHH1,1,0,0.0,0.0,0.0,0.0,0.0,0.0
PLEKHH2,2,0,0.0,0.0,0.0,0.0,0.0,0.0
PLEKHH3,2,2,1.0,1.0,1.0,0.0,0.0,0.0
PLG,5,3,0.6,1.0,0.2,0.2,0.6,0.0
PLIN1,1,1,1.0,3.0,1.0,1.0,1.0,0.0
PLK1,3,3,1.0,1.6666666666666667,0.3333333333333333,0.3333333333333333,1.0,0.0
PLK2,1,1,1.0,3.0,1.0,1.0,1.0,0.0
PLK3,1,1,1.0,3.0,1.0,1.0,1.0,0.0
PLK4,2,1,0.5,1.5,0.5,0.5,0.5,0.0
PLN,1,0,0.0,0.0,0.0,0.0,0.0,0.0
PLOD1,1,0,0.0,0.0,0.0,0.0,0.0,0.0
PLP1,3,1,0.3333333333333333,0.3333333333333333,0.0,0.3333333333333333,0.0,0.0
PLSCR4,1,0,0.0,0.0,0.0,0.0,0.0,0.0
PLTP,4,1,0.25,0.75,0.25,0.25,0.25,0.0
PLVAP,1,0,0.0,0.0,0.0,0.0,0.0,0.0
PLXDC1,1,1,1.0,3.0,1.0,1.0,1.0,0.0
PLXDC2,2,0,0.0,0.0,0.0,0.0,0.0,0.0
PLXNA2,1,1,1.0,1.0,0.0,0.0,1.0,0.0
PLXNB1,1,1,1.0,3.0,1.0,1.0,1.0,0.0
PLXNB3,5,1,0.2,0.2,0.0,0.0,0.2,0.0
PLXND1,3,0,0.0,0.0,0.0,0.0,0.0,0.0
PM20D1,3,3,1.0,3.6666666666666665,1.0,1.0,1.0,0.6666666666666666
PMEL,1,0,0.0,0.0,0.0,0.0,0.0,0.0
PML,1,1,1.0,1.0,1.0,0.0,0.0,0.0
PMM2,24,9,0.375,0.7083333333333334,0.25,0.20833333333333334,0.16666666666666666,0.08333333333333333
PMP2,3,2,0.6666666666666666,0.6666666666666666,0.0,0.0,0.0,0.6666666666666666
PMP22,10,0,0.0,0.0,0.0,0.0,0.0,0.0
PMPCA,1,1,1.0,1.0,0.0,0.0,0.0,1.0
PMPCB,1,0,0.0,0.0,0.0,0.0,0.0,0.0
PMS2,15,4,0.26666666666666666,0.7333333333333333,0.13333333333333333,0.13333333333333333,0.26666666666666666,0.2
PNKP,2,0,0.0,0.0,0.0,0.0,0.0,0.0
PNLIPRP3,1,1,1.0,1.0,1.0,0.0,0.0,0.0
PNMA1,1,1,1.0,2.0,0.0,1.0,1.0,0.0
PNMA5,1,0,0.0,0.0,0.0,0.0,0.0,0.0
PNMT,4,3,0.75,2.0,0.5,0.5,0.75,0.25
PNN,1,1,1.0,3.0,1.0,1.0,1.0,0.0
PNP,4,1,0.25,0.25,0.0,0.25,0.0,0.0
PNPLA1,2,1,0.5,0.5,0.5,0.0,0.0,0.0
PNPLA2,2,2,1.0,2.0,0.5,1.0,0.5,0.0
PNPLA3,4,0,0.0,0.0,0.0,0.0,0.0,0.0
PNPLA6,5,2,0.4,0.6,0.2,0.2,0.2,0.0
PNPLA7,3,2,0.6666666666666666,2.3333333333333335,0.3333333333333333,0.6666666666666666,0.6666666666666666,0.6666666666666666
PNPT1,1,1,1.0,1.0,0.0,0.0,1.0,0.0
POC1B,1,0,0.0,0.0,0.0,0.0,0.0,0.0
PODXL,2,0,0.0,0.0,0.0,0.0,0.0,0.0
POF1B,4,1,0.25,0.75,0.25,0.25,0.0,0.25
POFUT1,2,1,0.5,1.0,0.0,0.5,0.5,0.0
POGLUT1,1,0,0.0,0.0,0.0,0.0,0.0,0.0
POGLUT3,1,1,1.0,3.0,1.0,1.0,1.0,0.0
POLA1,2,0,0.0,0.0,0.0,0.0,0.0,0.0
POLB,2,2,1.0,3.0,1.0,0.5,1.0,0.5
POLD1,8,5,0.625,1.5,0.375,0.375,0.625,0.125
POLD2,1,1,1.0,3.0,1.0,1.0,1.0,0.0
POLD4,1,0,0.0,0.0,0.0,0.0,0.0,0.0
POLE,19,17,0.8947368421052632,2.263157894736842,0.631578947368421,0.47368421052631576,0.7894736842105263,0.3684210526315789
POLE2,1,1,1.0,2.0,0.0,1.0,1.0,0.0
POLE3,1,1,1.0,1.0,0.0,0.0,1.0,0.0
POLG,23,9,0.391304347826087,1.0,0.2608695652173913,0.2608695652173913,0.21739130434782608,0.2608695652173913
POLG2,1,0,0.0,0.0,0.0,0.0,0.0,0.0
POLH,3,2,0.6666666666666666,1.6666666666666667,0.6666666666666666,0.6666666666666666,0.0,0.3333333333333333
POLI,1,1,1.0,1.0,1.0,0.0,0.0,0.0
POLL,2,0,0.0,0.0,0.0,0.0,0.0,0.0
POLM,2,2,1.0,3.0,1.0,1.0,1.0,0.0
POLN,3,2,0.6666666666666666,1.3333333333333333,0.6666666666666666,0.3333333333333333,0.3333333333333333,0.0
POLR1A,3,0,0.0,0.0,0.0,0.0,0.0,0.0
POLR1B,1,0,0.0,0.0,0.0,0.0,0.0,0.0
POLR1C,7,0,0.0,0.0,0.0,0.0,0.0,0.0
POLR1G,4,1,0.25,0.25,0.25,0.0,0.0,0.0
POLR3A,5,1,0.2,0.4,0.2,0.0,0.2,0.0
POLR3B,3,1,0.3333333333333333,0.3333333333333333,0.0,0.3333333333333333,0.0,0.0
POLR3K,1,1,1.0,2.0,0.0,1.0,0.0,1.0
POM121L12,2,1,0.5,0.5,0.5,0.0,0.0,0.0
POMC,1,1,1.0,4.0,1.0,1.0,1.0,1.0
POMGNT1,6,0,0.0,0.0,0.0,0.0,0.0,0.0
POMK,2,1,0.5,1.0,0.0,0.5,0.5,0.0
POMT1,5,2,0.4,1.2,0.4,0.4,0.4,0.0
POMT2,1,0,0.0,0.0,0.0,0.0,0.0,0.0
PON1,2,0,0.0,0.0,0.0,0.0,0.0,0.0
PON2,1,0,0.0,0.0,0.0,0.0,0.0,0.0
POP1,2,2,1.0,2.0,1.0,0.5,0.5,0.0
POPDC2,1,0,0.0,0.0,0.0,0.0,0.0,0.0
POPDC3,1,0,0.0,0.0,0.0,0.0,0.0,0.0
POR,3,0,0.0,0.0,0.0,0.0,0.0,0.0
PORCN,1,0,0.0,0.0,0.0,0.0,0.0,0.0
POT1,4,2,0.5,0.75,0.0,0.5,0.0,0.25
POTEC,2,1,0.5,0.5,0.5,0.0,0.0,0.0
POTED,2,1,0.5,0.5,0.0,0.5,0.0,0.0
POU1F1,4,2,0.5,1.25,0.5,0.25,0.5,0.0
POU2AF1,1,1,1.0,3.0,1.0,1.0,1.0,0.0
POU4F2,1,0,0.0,0.0,0.0,0.0,0.0,0.0
POU5F1B,3,1,0.3333333333333333,1.3333333333333333,0.3333333333333333,0.3333333333333333,0.3333333333333333,0.3333333333333333
POU6F2,1,1,1.0,4.0,1.0,1.0,1.0,1.0
PPA2,2,1,0.5,1.5,0.0,0.5,0.5,0.5
PPAN,1,0,0.0,0.0,0.0,0.0,0.0,0.0
PPARA,2,1,0.5,2.0,0.5,0.5,0.5,0.5
PPARG,3,2,0.6666666666666666,2.0,0.6666666666666666,0.3333333333333333,0.6666666666666666,0.3333333333333333
PPARGC1A,1,1,1.0,1.0,1.0,0.0,0.0,0.0
PPCS,1,0,0.0,0.0,0.0,0.0,0.0,0.0
PPEF2,4,0,0.0,0.0,0.0,0.0,0.0,0.0
PPFIBP1,1,1,1.0,1.0,1.0,0.0,0.0,0.0
PPIG,2,1,0.5,0.5,0.5,0.0,0.0,0.0
PPIL1,2,2,1.0,1.5,0.0,0.5,0.0,1.0
PPIP5K2,3,3,1.0,2.0,0.6666666666666666,0.3333333333333333,1.0,0.0
PPL,3,3,1.0,1.3333333333333333,0.6666666666666666,0.3333333333333333,0.3333333333333333,0.0
PPM1F,1,1,1.0,3.0,1.0,1.0,1.0,0.0
PPM1J,1,0,0.0,0.0,0.0,0.0,0.0,0.0
PPOX,8,4,0.5,0.75,0.0,0.5,0.125,0.125
PPP1CB,2,2,1.0,2.0,0.0,1.0,0.0,1.0
PPP1CC,1,1,1.0,4.0,1.0,1.0,1.0,1.0
PPP1R10,1,1,1.0,1.0,0.0,0.0,1.0,0.0
PPP1R12A,3,3,1.0,2.0,0.6666666666666666,0.3333333333333333,1.0,0.0
PPP1R12B,1,0,0.0,0.0,0.0,0.0,0.0,0.0
PPP1R14C,1,0,0.0,0.0,0.0,0.0,0.0,0.0
PPP1R15A,5,1,0.2,0.4,0.2,0.2,0.0,0.0
PPP1R15B,1,0,0.0,0.0,0.0,0.0,0.0,0.0
PPP1R17,1,1,1.0,2.0,1.0,1.0,0.0,0.0
PPP1R18,1,1,1.0,2.0,1.0,1.0,0.0,0.0
PPP1R26,4,1,0.25,0.5,0.25,0.0,0.25,0.0
PPP1R3A,3,0,0.0,0.0,0.0,0.0,0.0,0.0
PPP1R3B,1,0,0.0,0.0,0.0,0.0,0.0,0.0
PPP1R3F,1,0,0.0,0.0,0.0,0.0,0.0,0.0
PPP1R3G,1,0,0.0,0.0,0.0,0.0,0.0,0.0
PPP2CA,1,0,0.0,0.0,0.0,0.0,0.0,0.0
PPP2R1A,4,3,0.75,0.75,0.0,0.0,0.0,0.75
PPP2R3A,1,0,0.0,0.0,0.0,0.0,0.0,0.0
PPP2R3B,1,0,0.0,0.0,0.0,0.0,0.0,0.0
PPP2R5D,2,1,0.5,0.5,0.0,0.5,0.0,0.0
PPP3CA,3,3,1.0,1.3333333333333333,0.0,0.3333333333333333,0.0,1.0
PPP6R2,1,0,0.0,0.0,0.0,0.0,0.0,0.0
PPP6R3,1,0,0.0,0.0,0.0,0.0,0.0,0.0
PPRC1,2,1,0.5,1.0,0.5,0.0,0.5,0.0
PPT1,3,2,0.6666666666666666,1.0,0.3333333333333333,0.6666666666666666,0.0,0.0
PPT2,1,0,0.0,0.0,0.0,0.0,0.0,0.0
PRAME,1,0,0.0,0.0,0.0,0.0,0.0,0.0
PRAMEF1,2,2,1.0,1.0,1.0,0.0,0.0,0.0
PRAMEF10,1,1,1.0,3.0,1.0,1.0,1.0,0.0
PRAMEF2,6,0,0.0,0.0,0.0,0.0,0.0,0.0
PRB4,2,0,0.0,0.0,0.0,0.0,0.0,0.0
PRC1,2,1,0.5,1.0,0.5,0.0,0.5,0.0
PRCC,1,1,1.0,1.0,0.0,0.0,1.0,0.0
PRCP,2,2,1.0,1.0,1.0,0.0,0.0,0.0
PRDM1,1,0,0.0,0.0,0.0,0.0,0.0,0.0
PRDM12,3,1,0.3333333333333333,0.3333333333333333,0.0,0.0,0.0,0.3333333333333333
PRDM16,2,1,0.5,0.5,0.5,0.0,0.0,0.0
PRDM5,2,1,0.5,0.5,0.5,0.0,0.0,0.0
PRDM6,1,0,0.0,0.0,0.0,0.0,0.0,0.0
PRDM7,1,1,1.0,2.0,1.0,1.0,0.0,0.0
PRDM8,1,1,1.0,1.0,0.0,0.0,0.0,1.0
PRDM9,1,0,0.0,0.0,0.0,0.0,0.0,0.0
PRDX1,1,1,1.0,2.0,1.0,0.0,1.0,0.0
PRDX3,1,1,1.0,3.0,1.0,1.0,1.0,0.0
PRDX5,1,0,0.0,0.0,0.0,0.0,0.0,0.0
PRELP,2,0,0.0,0.0,0.0,0.0,0.0,0.0
PREX1,3,1,0.3333333333333333,0.6666666666666666,0.3333333333333333,0.0,0.3333333333333333,0.0
PRF1,5,2,0.4,0.4,0.2,0.0,0.0,0.2
PRG2,1,1,1.0,2.0,1.0,1.0,0.0,0.0
PRG3,2,0,0.0,0.0,0.0,0.0,0.0,0.0
PRG4,1,0,0.0,0.0,0.0,0.0,0.0,0.0
PRICKLE1,7,4,0.5714285714285714,1.8571428571428572,0.5714285714285714,0.42857142857142855,0.5714285714285714,0.2857142857142857
PRKACA,1,1,1.0,1.0,0.0,0.0,1.0,0.0
PRKACB,1,0,0.0,0.0,0.0,0.0,0.0,0.0
PRKAG2,1,1,1.0,2.0,1.0,1.0,0.0,0.0
PRKAG3,5,4,0.8,2.4,0.8,0.6,0.6,0.4
PRKAR1A,1,0,0.0,0.0,0.0,0.0,0.0,0.0
PRKCD,2,2,1.0,2.5,0.5,1.0,1.0,0.0
PRKCE,1,1,1.0,1.0,0.0,0.0,1.0,0.0
PRKCG,1,1,1.0,1.0,0.0,1.0,0.0,0.0
PRKCH,2,2,1.0,1.0,0.0,0.0,1.0,0.0
PRKCI,1,1,1.0,4.0,1.0,1.0,1.0,1.0
PRKCZ,1,0,0.0,0.0,0.0,0.0,0.0,0.0
PRKD1,1,0,0.0,0.0,0.0,0.0,0.0,0.0
PRKD2,2,1,0.5,0.5,0.0,0.0,0.5,0.0
PRKD3,1,1,1.0,1.0,0.0,0.0,1.0,0.0
PRKDC,3,1,0.3333333333333333,1.0,0.3333333333333333,0.3333333333333333,0.3333333333333333,0.0
PRKG1,3,2,0.6666666666666666,2.6666666666666665,0.6666666666666666,0.6666666666666666,0.6666666666666666,0.6666666666666666
PRKG2,1,0,0.0,0.0,0.0,0.0,0.0,0.0
PRKN,11,5,0.45454545454545453,0.8181818181818182,0.2727272727272727,0.36363636363636365,0.09090909090909091,0.09090909090909091
PRLR,1,1,1.0,4.0,1.0,1.0,1.0,1.0
PRMT3,1,1,1.0,3.0,0.0,1.0,1.0,1.0
PRMT6,1,1,1.0,3.0,1.0,1.0,1.0,0.0
PRNP,8,3,0.375,1.25,0.375,0.25,0.375,0.25
PROC,8,8,1.0,3.75,0.875,1.0,1.0,0.875
PROCR,1,1,1.0,1.0,1.0,0.0,0.0,0.0
PRODH,3,0,0.0,0.0,0.0,0.0,0.0,0.0
PROK2,2,0,0.0,0.0,0.0,0.0,0.0,0.0
PROKR1,1,0,0.0,0.0,0.0,0.0,0.0,0.0
PROKR2,4,1,0.25,0.25,0.0,0.0,0.0,0.25
PROM2,1,0,0.0,0.0,0.0,0.0,0.0,0.0
PROP1,1,0,0.0,0.0,0.0,0.0,0.0,0.0
PRORP,1,1,1.0,1.0,0.0,0.0,0.0,1.0
PROS1,9,2,0.2222222222222222,0.6666666666666666,0.2222222222222222,0.2222222222222222,0.1111111111111111,0.1111111111111111
PROX1,1,1,1.0,4.0,1.0,1.0,1.0,1.0
PRPF6,1,1,1.0,1.0,0.0,0.0,0.0,1.0
PRPF8,1,1,1.0,1.0,0.0,1.0,0.0,0.0
PRPH2,25,5,0.2,0.56,0.16,0.16,0.12,0.12
PRPS1,3,1,0.3333333333333333,0.3333333333333333,0.0,0.3333333333333333,0.0,0.0
PRR14L,3,3,1.0,1.0,1.0,0.0,0.0,0.0
PRR16,1,1,1.0,2.0,0.0,1.0,1.0,0.0
PRR29,1,1,1.0,3.0,1.0,1.0,1.0,0.0
PRR4,3,1,0.3333333333333333,0.3333333333333333,0.3333333333333333,0.0,0.0,0.0
PRR5,1,1,1.0,1.0,1.0,0.0,0.0,0.0
PRR7,2,2,1.0,2.5,0.5,1.0,1.0,0.0
PRRC2A,5,4,0.8,1.8,0.4,0.8,0.6,0.0
PRRC2C,6,2,0.3333333333333333,0.3333333333333333,0.3333333333333333,0.0,0.0,0.0
PRRG2,1,0,0.0,0.0,0.0,0.0,0.0,0.0
PRRG3,1,0,0.0,0.0,0.0,0.0,0.0,0.0
PRRG4,4,2,0.5,0.5,0.25,0.0,0.0,0.25
PRRT2,5,2,0.4,0.8,0.4,0.2,0.2,0.0
PRRT3,1,1,1.0,1.0,1.0,0.0,0.0,0.0
PRSS1,6,6,1.0,3.1666666666666665,0.8333333333333334,1.0,0.6666666666666666,0.6666666666666666
PRSS35,1,0,0.0,0.0,0.0,0.0,0.0,0.0
PRSS37,2,0,0.0,0.0,0.0,0.0,0.0,0.0
PRSS54,1,1,1.0,1.0,0.0,0.0,1.0,0.0
PRSS55,1,0,0.0,0.0,0.0,0.0,0.0,0.0
PRTG,1,0,0.0,0.0,0.0,0.0,0.0,0.0
PRUNE2,1,1,1.0,1.0,0.0,1.0,0.0,0.0
PRX,2,0,0.0,0.0,0.0,0.0,0.0,0.0
PSAP,1,0,0.0,0.0,0.0,0.0,0.0,0.0
PSAT1,1,1,1.0,1.0,0.0,1.0,0.0,0.0
PSD2,2,0,0.0,0.0,0.0,0.0,0.0,0.0
PSD4,4,2,0.5,0.75,0.5,0.25,0.0,0.0
PSEN1,38,5,0.13157894736842105,0.15789473684210525,0.02631578947368421,0.10526315789473684,0.02631578947368421,0.0
PSEN2,3,2,0.6666666666666666,1.3333333333333333,0.6666666666666666,0.6666666666666666,0.0,0.0
PSG1,3,0,0.0,0.0,0.0,0.0,0.0,0.0
PSG11,2,0,0.0,0.0,0.0,0.0,0.0,0.0
PSG2,1,0,0.0,0.0,0.0,0.0,0.0,0.0
PSG3,4,2,0.5,0.75,0.5,0.25,0.0,0.0
PSG4,1,0,0.0,0.0,0.0,0.0,0.0,0.0
PSG5,1,1,1.0,1.0,1.0,0.0,0.0,0.0
PSG6,6,0,0.0,0.0,0.0,0.0,0.0,0.0
PSG8,2,0,0.0,0.0,0.0,0.0,0.0,0.0
PSG9,1,1,1.0,1.0,1.0,0.0,0.0,0.0
PSKH2,2,1,0.5,1.5,0.5,0.5,0.5,0.0
PSMB1,1,0,0.0,0.0,0.0,0.0,0.0,0.0
PSMB5,2,1,0.5,1.0,0.5,0.0,0.5,0.0
PSMB6,1,1,1.0,2.0,1.0,0.0,1.0,0.0
PSMB8,2,1,0.5,2.0,0.5,0.5,0.5,0.5
PSMB9,1,1,1.0,3.0,1.0,1.0,0.0,1.0
PSMC3IP,1,1,1.0,1.0,0.0,0.0,1.0,0.0
PSMD13,1,1,1.0,1.0,0.0,0.0,1.0,0.0
PSMD9,2,2,1.0,2.0,1.0,0.5,0.5,0.0
PSME2,1,0,0.0,0.0,0.0,0.0,0.0,0.0
PSME4,1,1,1.0,1.0,0.0,0.0,1.0,0.0
PSORS1C2,1,1,1.0,1.0,1.0,0.0,0.0,0.0
PSRC1,1,1,1.0,3.0,1.0,1.0,1.0,0.0
PSTPIP1,7,6,0.8571428571428571,1.2857142857142858,0.2857142857142857,0.14285714285714285,0.5714285714285714,0.2857142857142857
PSTPIP2,1,0,0.0,0.0,0.0,0.0,0.0,0.0
PTAFR,2,1,0.5,0.5,0.5,0.0,0.0,0.0
PTCD1,1,1,1.0,1.0,0.0,0.0,1.0,0.0
PTCD3,1,1,1.0,3.0,1.0,1.0,1.0,0.0
PTCH1,7,3,0.42857142857142855,1.2857142857142858,0.42857142857142855,0.42857142857142855,0.14285714285714285,0.2857142857142857
PTCH2,2,2,1.0,4.0,1.0,1.0,1.0,1.0
PTCHD1,4,3,0.75,3.0,0.75,0.75,0.75,0.75
PTDSS1,1,0,0.0,0.0,0.0,0.0,0.0,0.0
PTEN,26,11,0.4230769230769231,1.3076923076923077,0.3076923076923077,0.34615384615384615,0.34615384615384615,0.3076923076923077
PTER,1,1,1.0,4.0,1.0,1.0,1.0,1.0
PTGDR,1,0,0.0,0.0,0.0,0.0,0.0,0.0
PTGDR2,1,0,0.0,0.0,0.0,0.0,0.0,0.0
PTGDS,1,0,0.0,0.0,0.0,0.0,0.0,0.0
PTGER3,4,1,0.25,0.5,0.25,0.0,0.25,0.0
PTGFRN,1,1,1.0,1.0,1.0,0.0,0.0,0.0
PTGIS,3,3,1.0,2.6666666666666665,1.0,0.6666666666666666,0.6666666666666666,0.3333333333333333
PTGR1,1,0,0.0,0.0,0.0,0.0,0.0,0.0
PTGS1,3,0,0.0,0.0,0.0,0.0,0.0,0.0
PTGS2,6,3,0.5,1.1666666666666667,0.3333333333333333,0.16666666666666666,0.5,0.16666666666666666
PTH1R,3,0,0.0,0.0,0.0,0.0,0.0,0.0
PTK2B,1,1,1.0,2.0,0.0,1.0,1.0,0.0
PTK7,2,1,0.5,1.0,0.5,0.0,0.5,0.0
PTPA,1,1,1.0,1.0,0.0,0.0,1.0,0.0
PTPDC1,1,1,1.0,1.0,1.0,0.0,0.0,0.0
PTPN11,17,7,0.4117647058823529,0.7647058823529411,0.17647058823529413,0.4117647058823529,0.058823529411764705,0.11764705882352941
PTPN12,1,0,0.0,0.0,0.0,0.0,0.0,0.0
PTPN13,2,1,0.5,0.5,0.0,0.0,0.5,0.0
PTPN14,1,0,0.0,0.0,0.0,0.0,0.0,0.0
PTPN23,3,0,0.0,0.0,0.0,0.0,0.0,0.0
PTPN3,1,0,0.0,0.0,0.0,0.0,0.0,0.0
PTPN4,1,0,0.0,0.0,0.0,0.0,0.0,0.0
PTPRB,2,1,0.5,1.5,0.5,0.5,0.5,0.0
PTPRG,2,1,0.5,0.5,0.5,0.0,0.0,0.0
PTPRH,1,0,0.0,0.0,0.0,0.0,0.0,0.0
PTPRJ,2,0,0.0,0.0,0.0,0.0,0.0,0.0
PTPRM,1,1,1.0,2.0,0.0,1.0,1.0,0.0
PTPRN,1,0,0.0,0.0,0.0,0.0,0.0,0.0
PTPRN2,1,0,0.0,0.0,0.0,0.0,0.0,0.0
PTPRR,1,0,0.0,0.0,0.0,0.0,0.0,0.0
PTPRT,1,1,1.0,2.0,1.0,0.0,1.0,0.0
PTPRU,1,1,1.0,2.0,0.0,1.0,1.0,0.0
PTPRZ1,1,1,1.0,1.0,1.0,0.0,0.0,0.0
PTS,5,3,0.6,1.0,0.2,0.6,0.2,0.0
PTX3,1,1,1.0,1.0,0.0,1.0,0.0,0.0
PTX4,2,1,0.5,0.5,0.5,0.0,0.0,0.0
PUDP,1,0,0.0,0.0,0.0,0.0,0.0,0.0
PUM1,1,1,1.0,3.0,1.0,1.0,0.0,1.0
PUM3,3,1,0.3333333333333333,0.6666666666666666,0.3333333333333333,0.0,0.3333333333333333,0.0
PURA,1,1,1.0,2.0,1.0,0.0,0.0,1.0
PUS3,1,0,0.0,0.0,0.0,0.0,0.0,0.0
PWP1,1,0,0.0,0.0,0.0,0.0,0.0,0.0
PWP2,1,1,1.0,1.0,0.0,0.0,1.0,0.0
PXDC1,2,0,0.0,0.0,0.0,0.0,0.0,0.0
PXDN,1,0,0.0,0.0,0.0,0.0,0.0,0.0
PXDNL,2,0,0.0,0.0,0.0,0.0,0.0,0.0
PXK,1,0,0.0,0.0,0.0,0.0,0.0,0.0
PXMP4,1,0,0.0,0.0,0.0,0.0,0.0,0.0
PXN,1,0,0.0,0.0,0.0,0.0,0.0,0.0
PYCR1,3,1,0.3333333333333333,0.3333333333333333,0.0,0.3333333333333333,0.0,0.0
PYCR2,1,0,0.0,0.0,0.0,0.0,0.0,0.0
PYGL,3,3,1.0,2.0,0.3333333333333333,0.3333333333333333,0.6666666666666666,0.6666666666666666
PYGM,2,0,0.0,0.0,0.0,0.0,0.0,0.0
PYROXD2,1,1,1.0,1.0,0.0,0.0,1.0,0.0
PYY,3,1,0.3333333333333333,0.6666666666666666,0.3333333333333333,0.0,0.3333333333333333,0.0
PZP,2,2,1.0,3.0,1.0,1.0,1.0,0.0
QARS1,4,1,0.25,0.75,0.25,0.25,0.0,0.25
QDPR,5,0,0.0,0.0,0.0,0.0,0.0,0.0
QPCT,2,2,1.0,2.0,0.5,0.5,1.0,0.0
QPCTL,1,0,0.0,0.0,0.0,0.0,0.0,0.0
QPRT,1,1,1.0,1.0,1.0,0.0,0.0,0.0
QRICH2,2,0,0.0,0.0,0.0,0.0,0.0,0.0
QRSL1,2,0,0.0,0.0,0.0,0.0,0.0,0.0
R3HCC1L,2,1,0.5,0.5,0.5,0.0,0.0,0.0
R3HDM1,1,1,1.0,2.0,0.0,1.0,1.0,0.0
R3HDM2,1,1,1.0,1.0,0.0,0.0,1.0,0.0
R3HDML,1,1,1.0,1.0,0.0,0.0,1.0,0.0
RAB11B,1,0,0.0,0.0,0.0,0.0,0.0,0.0
RAB17,2,0,0.0,0.0,0.0,0.0,0.0,0.0
RAB18,1,1,1.0,1.0,0.0,0.0,1.0,0.0
RAB20,1,0,0.0,0.0,0.0,0.0,0.0,0.0
RAB23,1,0,0.0,0.0,0.0,0.0,0.0,0.0
RAB27A,2,0,0.0,0.0,0.0,0.0,0.0,0.0
RAB3D,1,1,1.0,1.0,0.0,0.0,1.0,0.0
RAB3GAP2,1,1,1.0,2.0,0.0,1.0,1.0,0.0
RAB6C,1,1,1.0,2.0,1.0,1.0,0.0,0.0
RABEPK,1,1,1.0,3.0,1.0,1.0,1.0,0.0
RABL6,1,1,1.0,2.0,0.0,1.0,1.0,0.0
RAC1,8,7,0.875,1.25,0.25,0.125,0.75,0.125
RAC2,1,0,0.0,0.0,0.0,0.0,0.0,0.0
RAC3,1,0,0.0,0.0,0.0,0.0,0.0,0.0
RAD1,2,1,0.5,1.5,0.5,0.5,0.5,0.0
RAD17,2,1,0.5,1.5,0.5,0.5,0.5,0.0
RAD21,1,0,0.0,0.0,0.0,0.0,0.0,0.0
RAD21L1,1,0,0.0,0.0,0.0,0.0,0.0,0.0
RAD23A,2,2,1.0,1.5,0.5,0.0,1.0,0.0
RAD50,5,4,0.8,1.8,0.6,0.4,0.8,0.0
RAD51,1,0,0.0,0.0,0.0,0.0,0.0,0.0
RAD51AP2,1,0,0.0,0.0,0.0,0.0,0.0,0.0
RAD51B,3,2,0.6666666666666666,1.3333333333333333,0.3333333333333333,0.3333333333333333,0.6666666666666666,0.0
RAD51C,10,6,0.6,1.6,0.5,0.4,0.5,0.2
RAD51D,3,1,0.3333333333333333,0.6666666666666666,0.0,0.3333333333333333,0.3333333333333333,0.0
RAD52,1,1,1.0,3.0,1.0,1.0,1.0,0.0
RAD54L,1,1,1.0,1.0,0.0,0.0,1.0,0.0
RAD54L2,1,1,1.0,2.0,1.0,0.0,1.0,0.0
RAD9A,1,1,1.0,2.0,0.0,1.0,1.0,0.0
RADIL,2,0,0.0,0.0,0.0,0.0,0.0,0.0
RADX,1,0,0.0,0.0,0.0,0.0,0.0,0.0
RAET1E,1,1,1.0,1.0,1.0,0.0,0.0,0.0
RAET1L,3,0,0.0,0.0,0.0,0.0,0.0,0.0
RAF1,9,3,0.3333333333333333,0.6666666666666666,0.2222222222222222,0.3333333333333333,0.0,0.1111111111111111
RAG1,17,6,0.35294117647058826,0.7647058823529411,0.23529411764705882,0.17647058823529413,0.29411764705882354,0.058823529411764705
RAG2,2,0,0.0,0.0,0.0,0.0,0.0,0.0
RAI1,1,1,1.0,3.0,1.0,1.0,1.0,0.0
RAI14,1,0,0.0,0.0,0.0,0.0,0.0,0.0
RALA,1,0,0.0,0.0,0.0,0.0,0.0,0.0
RALGPS1,1,0,0.0,0.0,0.0,0.0,0.0,0.0
RALGPS2,1,0,0.0,0.0,0.0,0.0,0.0,0.0
RANBP2,2,1,0.5,0.5,0.0,0.0,0.5,0.0
RANBP3L,1,0,0.0,0.0,0.0,0.0,0.0,0.0
RANGAP1,1,1,1.0,1.0,0.0,0.0,1.0,0.0
RAPGEF3,1,0,0.0,0.0,0.0,0.0,0.0,0.0
RAPGEF6,1,0,0.0,0.0,0.0,0.0,0.0,0.0
RAPSN,2,2,1.0,2.0,0.5,0.5,0.0,1.0
RARS1,3,2,0.6666666666666666,1.6666666666666667,0.0,0.6666666666666666,0.3333333333333333,0.6666666666666666
RASA1,1,0,0.0,0.0,0.0,0.0,0.0,0.0
RASAL1,1,1,1.0,1.0,0.0,0.0,1.0,0.0
RASGRP2,1,0,0.0,0.0,0.0,0.0,0.0,0.0
RASGRP3,1,0,0.0,0.0,0.0,0.0,0.0,0.0
RASGRP4,1,0,0.0,0.0,0.0,0.0,0.0,0.0
RASSF1,2,2,1.0,1.0,0.0,0.0,1.0,0.0
RASSF7,2,1,0.5,1.5,0.5,0.5,0.5,0.0
RB1,5,3,0.6,1.8,0.6,0.4,0.4,0.4
RBBP8,1,0,0.0,0.0,0.0,0.0,0.0,0.0
RBBP8NL,2,1,0.5,0.5,0.5,0.0,0.0,0.0
RBL1,1,0,0.0,0.0,0.0,0.0,0.0,0.0
RBM11,1,0,0.0,0.0,0.0,0.0,0.0,0.0
RBM12,1,0,0.0,0.0,0.0,0.0,0.0,0.0
RBM12B,1,0,0.0,0.0,0.0,0.0,0.0,0.0
RBM19,3,1,0.3333333333333333,1.0,0.3333333333333333,0.3333333333333333,0.3333333333333333,0.0
RBM20,7,2,0.2857142857142857,0.42857142857142855,0.14285714285714285,0.0,0.0,0.2857142857142857
RBM28,1,0,0.0,0.0,0.0,0.0,0.0,0.0
RBM38,2,2,1.0,1.5,0.0,0.5,1.0,0.0
RBM39,1,1,1.0,1.0,0.0,0.0,1.0,0.0
RBM44,1,1,1.0,2.0,1.0,1.0,0.0,0.0
RBM6,1,1,1.0,1.0,0.0,0.0,1.0,0.0
RBMXL2,2,2,1.0,3.5,1.0,1.0,1.0,0.5
RBP4,1,0,0.0,0.0,0.0,0.0,0.0,0.0
RBP5,1,1,1.0,1.0,0.0,0.0,1.0,0.0
RBPJ,2,1,0.5,1.0,0.5,0.0,0.5,0.0
RBSN,2,0,0.0,0.0,0.0,0.0,0.0,0.0
RCAN3,1,0,0.0,0.0,0.0,0.0,0.0,0.0
RCN1,1,1,1.0,4.0,1.0,1.0,1.0,1.0
RCOR2,1,0,0.0,0.0,0.0,0.0,0.0,0.0
RD3,2,1,0.5,1.5,0.5,0.5,0.5,0.0
RDH12,11,5,0.45454545454545453,1.8181818181818181,0.45454545454545453,0.45454545454545453,0.45454545454545453,0.45454545454545453
RDH5,6,2,0.3333333333333333,0.6666666666666666,0.3333333333333333,0.16666666666666666,0.0,0.16666666666666666
RDX,2,2,1.0,2.0,0.0,0.5,1.0,0.5
REC114,2,0,0.0,0.0,0.0,0.0,0.0,0.0
RECQL,1,0,0.0,0.0,0.0,0.0,0.0,0.0
REEP2,2,0,0.0,0.0,0.0,0.0,0.0,0.0
REEP6,2,0,0.0,0.0,0.0,0.0,0.0,0.0
REG4,1,0,0.0,0.0,0.0,0.0,0.0,0.0
RELN,2,2,1.0,1.0,0.0,0.0,0.0,1.0
REN,2,1,0.5,1.0,0.0,0.5,0.0,0.5
RENBP,1,1,1.0,2.0,1.0,0.0,1.0,0.0
REPIN1,3,1,0.3333333333333333,0.3333333333333333,0.3333333333333333,0.0,0.0,0.0
REPS1,1,1,1.0,2.0,0.0,1.0,0.0,1.0
RESF1,9,1,0.1111111111111111,0.1111111111111111,0.1111111111111111,0.0,0.0,0.0
REST,1,0,0.0,0.0,0.0,0.0,0.0,0.0
RET,75,25,0.3333333333333333,0.76,0.2,0.21333333333333335,0.17333333333333334,0.17333333333333334
RETREG1,1,0,0.0,0.0,0.0,0.0,0.0,0.0
RETREG2,1,1,1.0,1.0,1.0,0.0,0.0,0.0
RETSAT,2,2,1.0,1.5,0.5,0.0,1.0,0.0
REV1,2,0,0.0,0.0,0.0,0.0,0.0,0.0
REV3L,7,6,0.8571428571428571,1.4285714285714286,0.8571428571428571,0.14285714285714285,0.42857142857142855,0.0
REXO1,1,0,0.0,0.0,0.0,0.0,0.0,0.0
REXO4,2,0,0.0,0.0,0.0,0.0,0.0,0.0
RFC1,3,2,0.6666666666666666,1.3333333333333333,0.0,0.6666666666666666,0.6666666666666666,0.0
RFC2,1,1,1.0,3.0,1.0,1.0,1.0,0.0
RFPL2,4,1,0.25,0.5,0.25,0.25,0.0,0.0
RFPL4B,1,0,0.0,0.0,0.0,0.0,0.0,0.0
RFT1,1,0,0.0,0.0,0.0,0.0,0.0,0.0
RFTN1,1,0,0.0,0.0,0.0,0.0,0.0,0.0
RFWD3,1,0,0.0,0.0,0.0,0.0,0.0,0.0
RFX1,2,0,0.0,0.0,0.0,0.0,0.0,0.0
RFX4,1,1,1.0,1.0,1.0,0.0,0.0,0.0
RFX5,3,2,0.6666666666666666,1.0,0.0,0.6666666666666666,0.3333333333333333,0.0
RFX6,4,2,0.5,1.0,0.5,0.0,0.5,0.0
RGL2,1,1,1.0,1.0,0.0,0.0,1.0,0.0
RGL4,1,1,1.0,1.0,1.0,0.0,0.0,0.0
RGMA,1,0,0.0,0.0,0.0,0.0,0.0,0.0
RGR,1,1,1.0,1.0,0.0,0.0,0.0,1.0
RGS10,1,1,1.0,4.0,1.0,1.0,1.0,1.0
RGS11,1,0,0.0,0.0,0.0,0.0,0.0,0.0
RGS16,2,1,0.5,1.0,0.5,0.0,0.5,0.0
RGS2,1,1,1.0,1.0,1.0,0.0,0.0,0.0
RGS3,1,0,0.0,0.0,0.0,0.0,0.0,0.0
RGS7,3,3,1.0,2.0,0.3333333333333333,0.6666666666666666,1.0,0.0
RHAG,5,1,0.2,0.4,0.0,0.2,0.0,0.2
RHBDD3,2,2,1.0,3.0,1.0,1.0,1.0,0.0
RHBDF2,3,2,0.6666666666666666,2.0,0.6666666666666666,0.6666666666666666,0.6666666666666666,0.0
RHCE,6,3,0.5,0.6666666666666666,0.5,0.0,0.16666666666666666,0.0
RHCG,1,1,1.0,3.0,1.0,1.0,1.0,0.0
RHD,10,8,0.8,2.2,0.8,0.8,0.6,0.0
RHO,28,6,0.21428571428571427,0.25,0.0,0.07142857142857142,0.0,0.17857142857142858
RHOBTB2,2,2,1.0,1.5,0.5,0.0,0.0,1.0
RHOBTB3,2,2,1.0,1.0,0.5,0.0,0.5,0.0
RHOT2,1,1,1.0,1.0,1.0,0.0,0.0,0.0
RHOXF1,1,1,1.0,1.0,1.0,0.0,0.0,0.0
RHPN2,1,1,1.0,1.0,0.0,0.0,1.0,0.0
RIC3,1,1,1.0,3.0,1.0,1.0,1.0,0.0
RIF1,4,3,0.75,0.75,0.75,0.0,0.0,0.0
RIGI,1,0,0.0,0.0,0.0,0.0,0.0,0.0
RILP,1,1,1.0,1.0,0.0,0.0,1.0,0.0
RIMBP2,2,2,1.0,2.0,1.0,1.0,0.0,0.0
RIN3,4,1,0.25,0.25,0.25,0.0,0.0,0.0
RINT1,1,1,1.0,1.0,0.0,0.0,0.0,1.0
RIOK2,4,3,0.75,2.0,0.5,0.5,0.75,0.25
RIOK3,1,1,1.0,3.0,1.0,1.0,1.0,0.0
RIOX2,1,1,1.0,3.0,1.0,1.0,1.0,0.0
RIPK1,3,2,0.6666666666666666,1.0,0.3333333333333333,0.0,0.0,0.6666666666666666
RIPK3,2,2,1.0,2.0,1.0,0.5,0.5,0.0
RIPK4,5,4,0.8,2.2,0.8,0.6,0.8,0.0
RIPOR2,3,3,1.0,2.3333333333333335,0.3333333333333333,1.0,1.0,0.0
RIT1,1,0,0.0,0.0,0.0,0.0,0.0,0.0
RITA1,2,2,1.0,2.0,1.0,0.5,0.5,0.0
RLBP1,1,1,1.0,1.0,1.0,0.0,0.0,0.0
RLF,4,3,0.75,1.75,0.75,0.5,0.5,0.0
RLIG1,2,0,0.0,0.0,0.0,0.0,0.0,0.0
RLN2,2,0,0.0,0.0,0.0,0.0,0.0,0.0
RMI1,1,0,0.0,0.0,0.0,0.0,0.0,0.0
RNASE11,1,0,0.0,0.0,0.0,0.0,0.0,0.0
RNASE13,1,1,1.0,3.0,1.0,1.0,1.0,0.0
RNASE2,1,1,1.0,2.0,1.0,1.0,0.0,0.0
RNASE6,1,0,0.0,0.0,0.0,0.0,0.0,0.0
RNASE9,1,0,0.0,0.0,0.0,0.0,0.0,0.0
RNASEH2A,6,1,0.16666666666666666,0.16666666666666666,0.0,0.16666666666666666,0.0,0.0
RNASEH2C,3,2,0.6666666666666666,2.0,0.6666666666666666,0.6666666666666666,0.3333333333333333,0.3333333333333333
RNASEL,3,2,0.6666666666666666,2.3333333333333335,0.6666666666666666,0.6666666666666666,0.6666666666666666,0.3333333333333333
RNF10,2,1,0.5,2.0,0.5,0.5,0.5,0.5
RNF113B,1,1,1.0,1.0,1.0,0.0,0.0,0.0
RNF123,1,1,1.0,1.0,1.0,0.0,0.0,0.0
RNF125,1,1,1.0,2.0,1.0,1.0,0.0,0.0
RNF146,1,1,1.0,2.0,1.0,0.0,1.0,0.0
RNF157,1,1,1.0,3.0,1.0,1.0,1.0,0.0
RNF17,3,2,0.6666666666666666,2.0,0.6666666666666666,0.6666666666666666,0.6666666666666666,0.0
RNF175,1,1,1.0,1.0,0.0,1.0,0.0,0.0
RNF186,1,0,0.0,0.0,0.0,0.0,0.0,0.0
RNF19A,1,1,1.0,3.0,1.0,1.0,1.0,0.0
RNF2,1,0,0.0,0.0,0.0,0.0,0.0,0.0
RNF207,2,0,0.0,0.0,0.0,0.0,0.0,0.0
RNF31,2,2,1.0,1.5,0.0,0.5,0.5,0.5
RNF32,2,1,0.5,1.5,0.5,0.5,0.5,0.0
RNF43,3,3,1.0,2.0,1.0,0.3333333333333333,0.6666666666666666,0.0
RNF6,3,1,0.3333333333333333,0.3333333333333333,0.3333333333333333,0.0,0.0,0.0
RNF8,1,1,1.0,1.0,0.0,0.0,1.0,0.0
RNH1,1,0,0.0,0.0,0.0,0.0,0.0,0.0
ROBO1,1,1,1.0,1.0,0.0,0.0,0.0,1.0
ROBO3,2,1,0.5,0.5,0.0,0.0,0.0,0.5
ROCK2,2,1,0.5,1.0,0.5,0.0,0.5,0.0
ROM1,3,2,0.6666666666666666,2.0,0.3333333333333333,0.6666666666666666,0.6666666666666666,0.3333333333333333
ROPN1L,1,1,1.0,2.0,0.0,1.0,1.0,0.0
ROR1,2,2,1.0,3.0,1.0,0.5,1.0,0.5
ROR2,7,4,0.5714285714285714,1.7142857142857142,0.2857142857142857,0.42857142857142855,0.5714285714285714,0.42857142857142855
ROS1,10,8,0.8,1.8,0.4,0.7,0.6,0.1
RP1,7,3,0.42857142857142855,1.1428571428571428,0.42857142857142855,0.2857142857142857,0.2857142857142857,0.14285714285714285
RP2,3,0,0.0,0.0,0.0,0.0,0.0,0.0
RP9,2,2,1.0,2.5,0.5,1.0,0.5,0.5
RPA1,2,1,0.5,1.5,0.5,0.5,0.0,0.5
RPAP1,2,2,1.0,2.0,1.0,0.0,1.0,0.0
RPE65,19,4,0.21052631578947367,0.42105263157894735,0.15789473684210525,0.15789473684210525,0.05263157894736842,0.05263157894736842
RPGR,4,0,0.0,0.0,0.0,0.0,0.0,0.0
RPGRIP1,9,3,0.3333333333333333,0.6666666666666666,0.1111111111111111,0.2222222222222222,0.3333333333333333,0.0
RPGRIP1L,6,4,0.6666666666666666,1.0,0.3333333333333333,0.3333333333333333,0.3333333333333333,0.0
RPL10A,1,1,1.0,3.0,1.0,0.0,1.0,1.0
RPL21,2,2,1.0,3.5,1.0,1.0,0.5,1.0
RPL22L1,1,1,1.0,4.0,1.0,1.0,1.0,1.0
RPL36,1,1,1.0,4.0,1.0,1.0,1.0,1.0
RPL36AL,1,1,1.0,1.0,0.0,0.0,1.0,0.0
RPL3L,1,0,0.0,0.0,0.0,0.0,0.0,0.0
RPP21,1,1,1.0,1.0,0.0,0.0,1.0,0.0
RPP38,1,0,0.0,0.0,0.0,0.0,0.0,0.0
RPP40,1,1,1.0,3.0,1.0,1.0,1.0,0.0
RPS26,1,1,1.0,1.0,0.0,1.0,0.0,0.0
RPS6KA1,1,1,1.0,1.0,0.0,0.0,1.0,0.0
RPS6KA3,3,1,0.3333333333333333,0.3333333333333333,0.0,0.0,0.0,0.3333333333333333
RPS6KA5,1,1,1.0,4.0,1.0,1.0,1.0,1.0
RPS6KB1,1,1,1.0,1.0,0.0,0.0,1.0,0.0
RPS6KB2,3,3,1.0,2.0,0.0,1.0,1.0,0.0
RPS6KC1,1,0,0.0,0.0,0.0,0.0,0.0,0.0
RPS6KL1,2,1,0.5,1.5,0.5,0.5,0.5,0.0
RPS8,1,1,1.0,3.0,1.0,1.0,1.0,0.0
RPSA,2,2,1.0,2.0,0.0,1.0,0.0,1.0
RPTN,2,1,0.5,0.5,0.5,0.0,0.0,0.0
RPUSD4,2,1,0.5,0.5,0.5,0.0,0.0,0.0
RRAS2,1,0,0.0,0.0,0.0,0.0,0.0,0.0
RRBP1,2,0,0.0,0.0,0.0,0.0,0.0,0.0
RREB1,2,1,0.5,0.5,0.5,0.0,0.0,0.0
RRM2B,4,1,0.25,0.25,0.0,0.25,0.0,0.0
RRP12,2,2,1.0,2.0,1.0,0.0,1.0,0.0
RRP15,3,1,0.3333333333333333,0.3333333333333333,0.3333333333333333,0.0,0.0,0.0
RRP36,1,0,0.0,0.0,0.0,0.0,0.0,0.0
RRP7A,1,1,1.0,1.0,0.0,0.0,0.0,1.0
RRP8,2,0,0.0,0.0,0.0,0.0,0.0,0.0
RS1,16,4,0.25,0.25,0.1875,0.0,0.0625,0.0
RSAD1,1,0,0.0,0.0,0.0,0.0,0.0,0.0
RSF1,1,0,0.0,0.0,0.0,0.0,0.0,0.0
RSPH1,1,0,0.0,0.0,0.0,0.0,0.0,0.0
RSPH4A,2,2,1.0,1.5,1.0,0.0,0.5,0.0
RSPH6A,1,0,0.0,0.0,0.0,0.0,0.0,0.0
RSPO4,2,1,0.5,1.0,0.5,0.0,0.5,0.0
RSRP1,1,1,1.0,3.0,1.0,1.0,1.0,0.0
RTEL1,3,1,0.3333333333333333,0.3333333333333333,0.0,0.0,0.0,0.3333333333333333
RTKN2,1,0,0.0,0.0,0.0,0.0,0.0,0.0
RTL10,1,0,0.0,0.0,0.0,0.0,0.0,0.0
RTL4,1,0,0.0,0.0,0.0,0.0,0.0,0.0
RTL9,1,0,0.0,0.0,0.0,0.0,0.0,0.0
RTN1,1,0,0.0,0.0,0.0,0.0,0.0,0.0
RTN2,1,1,1.0,1.0,0.0,1.0,0.0,0.0
RTN4R,10,6,0.6,1.1,0.2,0.2,0.3,0.4
RTP1,1,1,1.0,3.0,1.0,1.0,1.0,0.0
RTTN,4,2,0.5,1.0,0.5,0.0,0.25,0.25
RUFY2,1,1,1.0,4.0,1.0,1.0,1.0,1.0
RUNDC1,1,1,1.0,1.0,1.0,0.0,0.0,0.0
RUNDC3B,1,1,1.0,2.0,1.0,0.0,1.0,0.0
RUNX1,1,0,0.0,0.0,0.0,0.0,0.0,0.0
RUNX2,5,1,0.2,0.4,0.0,0.2,0.2,0.0
RUSC1,1,1,1.0,2.0,1.0,1.0,0.0,0.0
RWDD3,2,0,0.0,0.0,0.0,0.0,0.0,0.0
RWDD4,2,0,0.0,0.0,0.0,0.0,0.0,0.0
RXFP2,2,2,1.0,4.0,1.0,1.0,1.0,1.0
RXRA,1,1,1.0,4.0,1.0,1.0,1.0,1.0
RYR1,59,22,0.3728813559322034,0.6610169491525424,0.2033898305084746,0.13559322033898305,0.1694915254237288,0.15254237288135594
RYR2,14,9,0.6428571428571429,0.9285714285714286,0.2857142857142857,0.35714285714285715,0.21428571428571427,0.07142857142857142
RYR3,2,0,0.0,0.0,0.0,0.0,0.0,0.0
S100A7A,2,0,0.0,0.0,0.0,0.0,0.0,0.0
S100Z,1,1,1.0,3.0,1.0,1.0,1.0,0.0
S1PR4,2,2,1.0,1.0,0.0,1.0,0.0,0.0
SAA4,1,0,0.0,0.0,0.0,0.0,0.0,0.0
SACS,5,4,0.8,2.0,0.6,0.6,0.4,0.4
SAG,1,1,1.0,3.0,1.0,1.0,1.0,0.0
SALL1,1,0,0.0,0.0,0.0,0.0,0.0,0.0
SALL3,2,1,0.5,1.0,0.5,0.5,0.0,0.0
SALL4,3,1,0.3333333333333333,0.3333333333333333,0.0,0.3333333333333333,0.0,0.0
SAMD15,2,0,0.0,0.0,0.0,0.0,0.0,0.0
SAMD3,1,0,0.0,0.0,0.0,0.0,0.0,0.0
SAMD9,1,1,1.0,2.0,0.0,1.0,0.0,1.0
SAMHD1,4,1,0.25,0.25,0.0,0.25,0.0,0.0
SAPCD1,1,0,0.0,0.0,0.0,0.0,0.0,0.0
SAR1B,1,0,0.0,0.0,0.0,0.0,0.0,0.0
SARS1,1,0,0.0,0.0,0.0,0.0,0.0,0.0
SARS2,2,1,0.5,0.5,0.0,0.0,0.5,0.0
SART1,1,1,1.0,1.0,0.0,0.0,1.0,0.0
SART3,1,0,0.0,0.0,0.0,0.0,0.0,0.0
SASH1,3,2,0.6666666666666666,1.3333333333333333,0.3333333333333333,0.3333333333333333,0.3333333333333333,0.3333333333333333
SAT2,1,1,1.0,3.0,1.0,1.0,1.0,0.0
SATB2,1,1,1.0,1.0,0.0,0.0,1.0,0.0
SAXO1,2,0,0.0,0.0,0.0,0.0,0.0,0.0
SAXO2,3,1,0.3333333333333333,0.3333333333333333,0.3333333333333333,0.0,0.0,0.0
SAXO4,1,1,1.0,3.0,1.0,1.0,1.0,0.0
SBDS,1,0,0.0,0.0,0.0,0.0,0.0,0.0
SBF2,1,1,1.0,1.0,0.0,0.0,1.0,0.0
SC5D,1,0,0.0,0.0,0.0,0.0,0.0,0.0
SCAMP3,1,1,1.0,2.0,1.0,0.0,1.0,0.0
SCAMP4,1,0,0.0,0.0,0.0,0.0,0.0,0.0
SCAND3,1,0,0.0,0.0,0.0,0.0,0.0,0.0
SCAP,1,1,1.0,3.0,1.0,1.0,1.0,0.0
SCARA3,3,2,0.6666666666666666,1.0,0.3333333333333333,0.3333333333333333,0.3333333333333333,0.0
SCARB1,2,1,0.5,1.5,0.0,0.5,0.5,0.5
SCARB2,1,0,0.0,0.0,0.0,0.0,0.0,0.0
SCARF1,2,1,0.5,1.0,0.0,0.5,0.5,0.0
SCCPDH,1,1,1.0,4.0,1.0,1.0,1.0,1.0
SCD,1,0,0.0,0.0,0.0,0.0,0.0,0.0
SCEL,2,1,0.5,0.5,0.5,0.0,0.0,0.0
SCFD1,1,1,1.0,4.0,1.0,1.0,1.0,1.0
SCG2,1,1,1.0,3.0,1.0,1.0,1.0,0.0
SCHIP1,1,0,0.0,0.0,0.0,0.0,0.0,0.0
SCIN,3,2,0.6666666666666666,1.0,0.0,0.3333333333333333,0.6666666666666666,0.0
SCN10A,6,3,0.5,1.0,0.3333333333333333,0.16666666666666666,0.3333333333333333,0.16666666666666666
SCN11A,3,1,0.3333333333333333,0.3333333333333333,0.3333333333333333,0.0,0.0,0.0
SCN1A,92,13,0.14130434782608695,0.22826086956521738,0.03260869565217391,0.11956521739130435,0.043478260869565216,0.03260869565217391
SCN1B,5,3,0.6,2.0,0.6,0.4,0.4,0.6
SCN2A,13,4,0.3076923076923077,0.5384615384615384,0.15384615384615385,0.23076923076923078,0.07692307692307693,0.07692307692307693
SCN2B,1,1,1.0,2.0,0.0,1.0,1.0,0.0
SCN3B,2,2,1.0,3.0,1.0,1.0,0.0,1.0
SCN4A,18,8,0.4444444444444444,0.4444444444444444,0.0,0.4444444444444444,0.0,0.0
SCN5A,85,26,0.3058823529411765,0.7411764705882353,0.2,0.2235294117647059,0.16470588235294117,0.15294117647058825
SCN7A,3,1,0.3333333333333333,0.3333333333333333,0.3333333333333333,0.0,0.0,0.0
SCN8A,11,2,0.18181818181818182,0.36363636363636365,0.18181818181818182,0.18181818181818182,0.0,0.0
SCN9A,1,1,1.0,1.0,0.0,0.0,0.0,1.0
SCNN1A,5,2,0.4,0.6,0.2,0.0,0.2,0.2
SCNN1B,4,1,0.25,1.0,0.25,0.25,0.25,0.25
SCNN1G,1,1,1.0,2.0,0.0,1.0,1.0,0.0
SCO1,1,0,0.0,0.0,0.0,0.0,0.0,0.0
SCO2,2,0,0.0,0.0,0.0,0.0,0.0,0.0
SCPEP1,1,0,0.0,0.0,0.0,0.0,0.0,0.0
SCRIB,2,2,1.0,2.0,0.0,1.0,0.5,0.5
SCRN1,3,2,0.6666666666666666,1.0,0.6666666666666666,0.0,0.3333333333333333,0.0
SCRN2,3,0,0.0,0.0,0.0,0.0,0.0,0.0
SCRN3,1,1,1.0,1.0,0.0,0.0,1.0,0.0
SCTR,1,0,0.0,0.0,0.0,0.0,0.0,0.0
SCUBE2,1,1,1.0,3.0,1.0,1.0,1.0,0.0
SCYL1,1,1,1.0,3.0,1.0,1.0,1.0,0.0
SCYL3,1,0,0.0,0.0,0.0,0.0,0.0,0.0
SDAD1,1,1,1.0,2.0,1.0,0.0,1.0,0.0
SDC3,1,0,0.0,0.0,0.0,0.0,0.0,0.0
SDC4,1,0,0.0,0.0,0.0,0.0,0.0,0.0
SDCBP2,1,1,1.0,3.0,1.0,1.0,1.0,0.0
SDHA,3,1,0.3333333333333333,0.3333333333333333,0.0,0.0,0.3333333333333333,0.0
SDHAF4,1,1,1.0,3.0,1.0,1.0,1.0,0.0
SDHB,3,0,0.0,0.0,0.0,0.0,0.0,0.0
SDHD,4,0,0.0,0.0,0.0,0.0,0.0,0.0
SDK1,1,0,0.0,0.0,0.0,0.0,0.0,0.0
SDR16C5,1,1,1.0,3.0,1.0,1.0,1.0,0.0
SDR39U1,1,1,1.0,2.0,1.0,0.0,1.0,0.0
SDR42E1,1,0,0.0,0.0,0.0,0.0,0.0,0.0
SEC14L1,2,2,1.0,2.0,0.5,0.5,1.0,0.0
SEC14L3,2,2,1.0,3.0,1.0,0.5,1.0,0.5
SEC14L4,2,2,1.0,2.0,1.0,0.0,1.0,0.0
SEC16B,3,0,0.0,0.0,0.0,0.0,0.0,0.0
SEC23B,4,4,1.0,2.25,0.5,0.25,1.0,0.5
SEC23IP,1,0,0.0,0.0,0.0,0.0,0.0,0.0
SEC24A,2,2,1.0,2.0,1.0,0.5,0.5,0.0
SEC24D,1,0,0.0,0.0,0.0,0.0,0.0,0.0
SEC31A,1,1,1.0,1.0,0.0,0.0,1.0,0.0
SEC31B,4,3,0.75,1.75,0.5,0.75,0.5,0.0
SECISBP2,1,0,0.0,0.0,0.0,0.0,0.0,0.0
SEL1L2,2,0,0.0,0.0,0.0,0.0,0.0,0.0
SEL1L3,1,1,1.0,1.0,1.0,0.0,0.0,0.0
SELE,1,1,1.0,1.0,1.0,0.0,0.0,0.0
SELENOI,1,0,0.0,0.0,0.0,0.0,0.0,0.0
SELENON,3,0,0.0,0.0,0.0,0.0,0.0,0.0
SELENOO,3,0,0.0,0.0,0.0,0.0,0.0,0.0
SELP,6,3,0.5,0.8333333333333334,0.5,0.16666666666666666,0.16666666666666666,0.0
SELPLG,3,1,0.3333333333333333,0.3333333333333333,0.0,0.3333333333333333,0.0,0.0
SEM1,1,1,1.0,4.0,1.0,1.0,1.0,1.0
SEMA3A,3,2,0.6666666666666666,1.6666666666666667,0.6666666666666666,0.6666666666666666,0.0,0.3333333333333333
SEMA3C,1,1,1.0,3.0,1.0,1.0,1.0,0.0
SEMA3G,1,0,0.0,0.0,0.0,0.0,0.0,0.0
SEMA4A,1,1,1.0,1.0,0.0,0.0,0.0,1.0
SEMA5B,4,0,0.0,0.0,0.0,0.0,0.0,0.0
SEMA6A,2,1,0.5,0.5,0.0,0.0,0.5,0.0
SEMA6D,1,1,1.0,2.0,0.0,1.0,1.0,0.0
SEMA7A,5,1,0.2,0.6,0.2,0.2,0.2,0.0
SEMG1,2,1,0.5,0.5,0.5,0.0,0.0,0.0
SEMG2,1,0,0.0,0.0,0.0,0.0,0.0,0.0
SENP1,2,0,0.0,0.0,0.0,0.0,0.0,0.0
SENP6,1,1,1.0,1.0,0.0,1.0,0.0,0.0
SENP8,1,0,0.0,0.0,0.0,0.0,0.0,0.0
SEPHS2,2,2,1.0,1.0,0.0,0.0,1.0,0.0
SEPSECS,1,0,0.0,0.0,0.0,0.0,0.0,0.0
SEPTIN10,1,1,1.0,4.0,1.0,1.0,1.0,1.0
SEPTIN12,1,0,0.0,0.0,0.0,0.0,0.0,0.0
SEPTIN4,2,2,1.0,2.0,1.0,0.0,1.0,0.0
SEPTIN9,2,1,0.5,1.0,0.5,0.5,0.0,0.0
SERHL,2,2,1.0,1.5,1.0,0.0,0.5,0.0
SERHL2,2,2,1.0,1.5,0.5,0.0,1.0,0.0
SERINC1,2,1,0.5,1.0,0.5,0.0,0.5,0.0
SERPINA1,14,9,0.6428571428571429,2.0714285714285716,0.5,0.5714285714285714,0.5,0.5
SERPINA10,2,2,1.0,1.5,0.5,0.5,0.5,0.0
SERPINA3,1,1,1.0,4.0,1.0,1.0,1.0,1.0
SERPINA5,5,3,0.6,1.2,0.4,0.6,0.2,0.0
SERPINA7,1,1,1.0,3.0,1.0,1.0,0.0,1.0
SERPINA9,2,0,0.0,0.0,0.0,0.0,0.0,0.0
SERPINB1,1,1,1.0,1.0,0.0,1.0,0.0,0.0
SERPINB10,1,0,0.0,0.0,0.0,0.0,0.0,0.0
SERPINB2,1,1,1.0,1.0,1.0,0.0,0.0,0.0
SERPINB3,1,0,0.0,0.0,0.0,0.0,0.0,0.0
SERPINB6,2,1,0.5,0.5,0.5,0.0,0.0,0.0
SERPINB7,1,1,1.0,1.0,1.0,0.0,0.0,0.0
SERPINB8,1,0,0.0,0.0,0.0,0.0,0.0,0.0
SERPINC1,16,11,0.6875,1.0625,0.6875,0.1875,0.0625,0.125
SERPINE1,1,0,0.0,0.0,0.0,0.0,0.0,0.0
SERPINF2,2,2,1.0,1.5,0.0,1.0,0.5,0.0
SERPING1,6,3,0.5,0.8333333333333334,0.16666666666666666,0.5,0.0,0.16666666666666666
SERPINI2,1,1,1.0,1.0,0.0,0.0,1.0,0.0
SESTD1,1,1,1.0,2.0,0.0,1.0,1.0,0.0
SET,1,1,1.0,1.0,0.0,0.0,0.0,1.0
SETD1A,1,1,1.0,2.0,1.0,0.0,1.0,0.0
SETD2,3,0,0.0,0.0,0.0,0.0,0.0,0.0
SETD5,4,1,0.25,0.25,0.0,0.0,0.25,0.0
SETD6,1,0,0.0,0.0,0.0,0.0,0.0,0.0
SETD9,1,0,0.0,0.0,0.0,0.0,0.0,0.0
SETDB1,1,1,1.0,1.0,0.0,0.0,1.0,0.0
SETX,13,6,0.46153846153846156,0.6923076923076923,0.23076923076923078,0.15384615384615385,0.07692307692307693,0.23076923076923078
SEZ6,1,0,0.0,0.0,0.0,0.0,0.0,0.0
SEZ6L,1,0,0.0,0.0,0.0,0.0,0.0,0.0
SFI1,3,1,0.3333333333333333,0.3333333333333333,0.3333333333333333,0.0,0.0,0.0
SFSWAP,1,0,0.0,0.0,0.0,0.0,0.0,0.0
SFT2D1,1,0,0.0,0.0,0.0,0.0,0.0,0.0
SFTPA1,1,0,0.0,0.0,0.0,0.0,0.0,0.0
SFTPC,5,2,0.4,0.4,0.2,0.2,0.0,0.0
SFTPD,1,0,0.0,0.0,0.0,0.0,0.0,0.0
SGCA,4,1,0.25,0.25,0.25,0.0,0.0,0.0
SGCB,5,2,0.4,0.8,0.2,0.4,0.2,0.0
SGCD,2,2,1.0,1.5,0.5,0.5,0.5,0.0
SGCE,2,1,0.5,1.5,0.0,0.5,0.5,0.5
SGIP1,1,1,1.0,3.0,1.0,1.0,1.0,0.0
SGMS2,1,0,0.0,0.0,0.0,0.0,0.0,0.0
SGO1,2,0,0.0,0.0,0.0,0.0,0.0,0.0
SGO2,1,0,0.0,0.0,0.0,0.0,0.0,0.0
SGPL1,2,0,0.0,0.0,0.0,0.0,0.0,0.0
SGSH,13,4,0.3076923076923077,0.6153846153846154,0.15384615384615385,0.23076923076923078,0.15384615384615385,0.07692307692307693
SGSM2,1,1,1.0,4.0,1.0,1.0,1.0,1.0
SH2B1,1,1,1.0,4.0,1.0,1.0,1.0,1.0
SH2D1A,2,0,0.0,0.0,0.0,0.0,0.0,0.0
SH2D2A,1,0,0.0,0.0,0.0,0.0,0.0,0.0
SH2D3A,2,0,0.0,0.0,0.0,0.0,0.0,0.0
SH2D4B,2,2,1.0,2.5,1.0,0.5,1.0,0.0
SH3BP4,4,0,0.0,0.0,0.0,0.0,0.0,0.0
SH3PXD2A,1,1,1.0,4.0,1.0,1.0,1.0,1.0
SH3RF2,3,1,0.3333333333333333,0.3333333333333333,0.3333333333333333,0.0,0.0,0.0
SH3TC1,1,0,0.0,0.0,0.0,0.0,0.0,0.0
SH3TC2,3,1,0.3333333333333333,0.6666666666666666,0.3333333333333333,0.0,0.0,0.3333333333333333
SHBG,6,3,0.5,1.5,0.3333333333333333,0.5,0.3333333333333333,0.3333333333333333
SHC4,1,1,1.0,2.0,1.0,0.0,1.0,0.0
SHCBP1,4,1,0.25,0.25,0.25,0.0,0.0,0.0
SHH,9,4,0.4444444444444444,0.4444444444444444,0.0,0.4444444444444444,0.0,0.0
SHISA5,1,1,1.0,3.0,1.0,1.0,1.0,0.0
SHLD2,1,1,1.0,1.0,1.0,0.0,0.0,0.0
SHMT2,1,0,0.0,0.0,0.0,0.0,0.0,0.0
SHOC1,4,1,0.25,0.25,0.25,0.0,0.0,0.0
SHOC2,1,1,1.0,1.0,0.0,0.0,0.0,1.0
SHOX,1,1,1.0,1.0,0.0,0.0,1.0,0.0
SHROOM2,1,0,0.0,0.0,0.0,0.0,0.0,0.0
SHROOM3,1,0,0.0,0.0,0.0,0.0,0.0,0.0
SHROOM4,2,2,1.0,2.0,1.0,0.5,0.5,0.0
SI,1,0,0.0,0.0,0.0,0.0,0.0,0.0
SIAE,6,2,0.3333333333333333,0.8333333333333334,0.3333333333333333,0.16666666666666666,0.16666666666666666,0.16666666666666666
SIDT1,1,0,0.0,0.0,0.0,0.0,0.0,0.0
SIDT2,1,0,0.0,0.0,0.0,0.0,0.0,0.0
SIGIRR,2,0,0.0,0.0,0.0,0.0,0.0,0.0
SIGLEC1,1,0,0.0,0.0,0.0,0.0,0.0,0.0
SIGLEC10,2,1,0.5,0.5,0.5,0.0,0.0,0.0
SIGLEC12,4,3,0.75,0.75,0.75,0.0,0.0,0.0
SIGLEC6,1,0,0.0,0.0,0.0,0.0,0.0,0.0
SIGLEC8,1,1,1.0,2.0,1.0,1.0,0.0,0.0
SIGLEC9,4,0,0.0,0.0,0.0,0.0,0.0,0.0
SIK1,2,1,0.5,0.5,0.5,0.0,0.0,0.0
SIK2,4,2,0.5,1.0,0.5,0.25,0.25,0.0
SIM1,3,1,0.3333333333333333,0.6666666666666666,0.0,0.3333333333333333,0.3333333333333333,0.0
SIMC1,2,2,1.0,2.5,1.0,0.5,1.0,0.0
SIPA1,4,2,0.5,0.75,0.5,0.0,0.25,0.0
SIPA1L2,2,0,0.0,0.0,0.0,0.0,0.0,0.0
SIRPA,6,1,0.16666666666666666,0.16666666666666666,0.16666666666666666,0.0,0.0,0.0
SIRPB1,2,0,0.0,0.0,0.0,0.0,0.0,0.0
SIRPB2,2,1,0.5,0.5,0.5,0.0,0.0,0.0
SIRPD,1,1,1.0,1.0,1.0,0.0,0.0,0.0
SIRPG,2,0,0.0,0.0,0.0,0.0,0.0,0.0
SIRT5,2,2,1.0,2.0,0.5,0.5,1.0,0.0
SIX3,3,1,0.3333333333333333,0.6666666666666666,0.3333333333333333,0.3333333333333333,0.0,0.0
SIX4,1,1,1.0,2.0,1.0,0.0,1.0,0.0
SIX5,3,2,0.6666666666666666,1.0,0.6666666666666666,0.0,0.3333333333333333,0.0
SIX6,1,1,1.0,2.0,1.0,0.0,1.0,0.0
SKAP2,1,0,0.0,0.0,0.0,0.0,0.0,0.0
SKI,3,0,0.0,0.0,0.0,0.0,0.0,0.0
SKIC2,4,1,0.25,0.25,0.0,0.25,0.0,0.0
SKIC3,2,2,1.0,1.5,0.0,0.5,0.5,0.5
SKP2,1,1,1.0,3.0,1.0,1.0,1.0,0.0
SLA2,2,2,1.0,1.5,0.5,0.0,1.0,0.0
SLAMF8,1,1,1.0,3.0,1.0,1.0,1.0,0.0
SLAMF9,2,2,1.0,2.0,0.5,0.5,1.0,0.0
SLC10A1,9,8,0.8888888888888888,3.111111111111111,0.6666666666666666,0.8888888888888888,0.8888888888888888,0.6666666666666666
SLC10A2,2,1,0.5,0.5,0.5,0.0,0.0,0.0
SLC10A3,1,1,1.0,1.0,0.0,1.0,0.0,0.0
SLC10A6,2,2,1.0,2.0,0.5,0.5,1.0,0.0
SLC11A1,1,0,0.0,0.0,0.0,0.0,0.0,0.0
SLC12A1,2,0,0.0,0.0,0.0,0.0,0.0,0.0
SLC12A2,2,1,0.5,1.5,0.5,0.5,0.0,0.5
SLC12A3,35,13,0.37142857142857144,0.7142857142857143,0.17142857142857143,0.2571428571428571,0.08571428571428572,0.2
SLC12A5,1,1,1.0,1.0,1.0,0.0,0.0,0.0
SLC12A6,1,1,1.0,2.0,1.0,0.0,1.0,0.0
SLC12A7,1,0,0.0,0.0,0.0,0.0,0.0,0.0
SLC12A8,2,0,0.0,0.0,0.0,0.0,0.0,0.0
SLC13A1,3,2,0.6666666666666666,1.0,0.6666666666666666,0.0,0.3333333333333333,0.0
SLC13A2,3,1,0.3333333333333333,1.0,0.3333333333333333,0.3333333333333333,0.3333333333333333,0.0
SLC13A5,3,1,0.3333333333333333,1.0,0.3333333333333333,0.3333333333333333,0.3333333333333333,0.0
SLC14A1,1,1,1.0,3.0,1.0,1.0,1.0,0.0
SLC14A2,2,0,0.0,0.0,0.0,0.0,0.0,0.0
SLC15A1,5,3,0.6,0.6,0.4,0.0,0.2,0.0
SLC15A2,4,4,1.0,2.5,0.5,0.75,1.0,0.25
SLC16A1,4,2,0.5,2.0,0.5,0.5,0.5,0.5
SLC16A6,2,2,1.0,1.5,0.5,0.0,1.0,0.0
SLC16A8,1,0,0.0,0.0,0.0,0.0,0.0,0.0
SLC17A1,2,2,1.0,2.0,1.0,0.5,0.5,0.0
SLC17A3,2,1,0.5,1.5,0.5,0.5,0.5,0.0
SLC17A5,2,0,0.0,0.0,0.0,0.0,0.0,0.0
SLC17A6,1,0,0.0,0.0,0.0,0.0,0.0,0.0
SLC17A8,1,1,1.0,4.0,1.0,1.0,1.0,1.0
SLC17A9,1,0,0.0,0.0,0.0,0.0,0.0,0.0
SLC18A1,5,3,0.6,1.8,0.4,0.4,0.6,0.4
SLC18A3,1,0,0.0,0.0,0.0,0.0,0.0,0.0
SLC18B1,1,1,1.0,2.0,1.0,1.0,0.0,0.0
SLC19A1,1,0,0.0,0.0,0.0,0.0,0.0,0.0
SLC19A2,1,0,0.0,0.0,0.0,0.0,0.0,0.0
SLC19A3,2,1,0.5,1.5,0.5,0.5,0.0,0.5
SLC1A1,1,0,0.0,0.0,0.0,0.0,0.0,0.0
SLC1A4,2,0,0.0,0.0,0.0,0.0,0.0,0.0
SLC1A5,1,1,1.0,1.0,1.0,0.0,0.0,0.0
SLC20A2,2,0,0.0,0.0,0.0,0.0,0.0,0.0
SLC22A1,4,3,0.75,2.25,0.75,0.5,0.5,0.5
SLC22A12,2,2,1.0,1.5,0.5,0.5,0.0,0.5
SLC22A14,3,2,0.6666666666666666,2.0,0.6666666666666666,0.6666666666666666,0.6666666666666666,0.0
SLC22A16,1,1,1.0,1.0,1.0,0.0,0.0,0.0
SLC22A2,4,3,0.75,1.0,0.25,0.0,0.75,0.0
SLC22A25,1,0,0.0,0.0,0.0,0.0,0.0,0.0
SLC22A3,1,0,0.0,0.0,0.0,0.0,0.0,0.0
SLC22A5,27,8,0.2962962962962963,0.7407407407407407,0.25925925925925924,0.18518518518518517,0.14814814814814814,0.14814814814814814
SLC22A6,1,1,1.0,2.0,1.0,0.0,1.0,0.0
SLC22A7,2,1,0.5,1.5,0.5,0.5,0.5,0.0
SLC22A8,2,2,1.0,2.0,0.5,0.5,1.0,0.0
SLC24A3,1,1,1.0,1.0,0.0,0.0,1.0,0.0
SLC24A5,1,1,1.0,2.0,1.0,0.0,1.0,0.0
SLC25A1,3,0,0.0,0.0,0.0,0.0,0.0,0.0
SLC25A12,1,0,0.0,0.0,0.0,0.0,0.0,0.0
SLC25A15,6,1,0.16666666666666666,0.16666666666666666,0.0,0.0,0.16666666666666666,0.0
SLC25A19,1,0,0.0,0.0,0.0,0.0,0.0,0.0
SLC25A2,2,1,0.5,2.0,0.5,0.5,0.5,0.5
SLC25A20,2,0,0.0,0.0,0.0,0.0,0.0,0.0
SLC25A26,2,0,0.0,0.0,0.0,0.0,0.0,0.0
SLC25A32,2,0,0.0,0.0,0.0,0.0,0.0,0.0
SLC25A37,1,1,1.0,1.0,1.0,0.0,0.0,0.0
SLC25A39,1,0,0.0,0.0,0.0,0.0,0.0,0.0
SLC25A4,3,2,0.6666666666666666,0.6666666666666666,0.0,0.6666666666666666,0.0,0.0
SLC25A40,1,1,1.0,3.0,1.0,0.0,1.0,1.0
SLC25A41,2,2,1.0,3.0,1.0,0.5,1.0,0.5
SLC25A42,1,1,1.0,1.0,0.0,0.0,1.0,0.0
SLC25A43,2,0,0.0,0.0,0.0,0.0,0.0,0.0
SLC25A45,2,1,0.5,1.0,0.5,0.0,0.5,0.0
SLC25A46,1,0,0.0,0.0,0.0,0.0,0.0,0.0
SLC26A2,5,0,0.0,0.0,0.0,0.0,0.0,0.0
SLC26A3,12,0,0.0,0.0,0.0,0.0,0.0,0.0
SLC26A4,9,1,0.1111111111111111,0.4444444444444444,0.1111111111111111,0.1111111111111111,0.1111111111111111,0.1111111111111111
SLC26A6,1,1,1.0,1.0,0.0,0.0,1.0,0.0
SLC26A8,1,0,0.0,0.0,0.0,0.0,0.0,0.0
SLC26A9,3,3,1.0,2.0,0.6666666666666666,0.6666666666666666,0.3333333333333333,0.3333333333333333
SLC27A2,1,0,0.0,0.0,0.0,0.0,0.0,0.0
SLC27A4,3,2,0.6666666666666666,0.6666666666666666,0.3333333333333333,0.3333333333333333,0.0,0.0
SLC27A6,1,0,0.0,0.0,0.0,0.0,0.0,0.0
SLC28A1,4,2,0.5,1.25,0.25,0.5,0.5,0.0
SLC28A2,5,2,0.4,1.0,0.2,0.4,0.4,0.0
SLC28A3,3,2,0.6666666666666666,1.3333333333333333,0.3333333333333333,0.3333333333333333,0.6666666666666666,0.0
SLC29A1,1,1,1.0,1.0,0.0,0.0,1.0,0.0
SLC29A2,1,1,1.0,1.0,0.0,0.0,1.0,0.0
SLC29A3,3,2,0.6666666666666666,1.0,0.0,0.3333333333333333,0.3333333333333333,0.3333333333333333
SLC2A1,10,3,0.3,0.7,0.2,0.1,0.2,0.2
SLC2A10,2,0,0.0,0.0,0.0,0.0,0.0,0.0
SLC2A11,3,0,0.0,0.0,0.0,0.0,0.0,0.0
SLC2A14,1,0,0.0,0.0,0.0,0.0,0.0,0.0
SLC2A2,6,5,0.8333333333333334,3.0,0.8333333333333334,0.8333333333333334,0.8333333333333334,0.5
SLC2A3,1,1,1.0,2.0,1.0,0.0,1.0,0.0
SLC2A6,1,1,1.0,3.0,1.0,1.0,1.0,0.0
SLC2A7,1,0,0.0,0.0,0.0,0.0,0.0,0.0
SLC2A9,3,2,0.6666666666666666,2.0,0.3333333333333333,0.3333333333333333,0.6666666666666666,0.6666666666666666
SLC30A10,1,0,0.0,0.0,0.0,0.0,0.0,0.0
SLC30A9,1,0,0.0,0.0,0.0,0.0,0.0,0.0
SLC33A1,3,1,0.3333333333333333,0.3333333333333333,0.0,0.0,0.3333333333333333,0.0
SLC34A1,2,1,0.5,0.5,0.0,0.5,0.0,0.0
SLC34A3,7,3,0.42857142857142855,0.8571428571428571,0.14285714285714285,0.14285714285714285,0.42857142857142855,0.14285714285714285
SLC35A1,1,1,1.0,2.0,1.0,0.0,0.0,1.0
SLC35A2,3,2,0.6666666666666666,1.6666666666666667,0.3333333333333333,0.3333333333333333,0.3333333333333333,0.6666666666666666
SLC35C1,2,0,0.0,0.0,0.0,0.0,0.0,0.0
SLC35D2,1,1,1.0,3.0,1.0,1.0,1.0,0.0
SLC35G5,3,2,0.6666666666666666,0.6666666666666666,0.6666666666666666,0.0,0.0,0.0
SLC35G6,1,0,0.0,0.0,0.0,0.0,0.0,0.0
SLC36A2,1,0,0.0,0.0,0.0,0.0,0.0,0.0
SLC36A4,1,1,1.0,3.0,1.0,1.0,1.0,0.0
SLC37A1,1,0,0.0,0.0,0.0,0.0,0.0,0.0
SLC37A2,1,0,0.0,0.0,0.0,0.0,0.0,0.0
SLC38A10,1,1,1.0,2.0,1.0,1.0,0.0,0.0
SLC38A4,2,1,0.5,0.5,0.0,0.0,0.5,0.0
SLC38A6,1,0,0.0,0.0,0.0,0.0,0.0,0.0
SLC38A7,1,1,1.0,1.0,0.0,0.0,1.0,0.0
SLC38A8,2,1,0.5,1.0,0.5,0.0,0.0,0.5
SLC38A9,1,0,0.0,0.0,0.0,0.0,0.0,0.0
SLC39A10,1,0,0.0,0.0,0.0,0.0,0.0,0.0
SLC39A12,1,1,1.0,3.0,1.0,1.0,1.0,0.0
SLC39A13,2,1,0.5,1.0,0.0,0.5,0.5,0.0
SLC39A14,2,1,0.5,1.0,0.0,0.5,0.0,0.5
SLC39A2,1,0,0.0,0.0,0.0,0.0,0.0,0.0
SLC39A4,4,2,0.5,0.5,0.0,0.0,0.0,0.5
SLC3A1,15,1,0.06666666666666667,0.13333333333333333,0.06666666666666667,0.06666666666666667,0.0,0.0
SLC40A1,9,5,0.5555555555555556,1.4444444444444444,0.5555555555555556,0.2222222222222222,0.3333333333333333,0.3333333333333333
SLC41A1,2,1,0.5,0.5,0.0,0.0,0.5,0.0
SLC43A1,2,1,0.5,0.5,0.0,0.0,0.5,0.0
SLC44A1,1,1,1.0,1.0,0.0,0.0,1.0,0.0
SLC44A4,2,0,0.0,0.0,0.0,0.0,0.0,0.0
SLC45A1,2,2,1.0,1.5,0.5,0.0,0.5,0.5
SLC45A2,11,7,0.6363636363636364,1.6363636363636365,0.45454545454545453,0.5454545454545454,0.2727272727272727,0.36363636363636365
SLC45A4,1,0,0.0,0.0,0.0,0.0,0.0,0.0
SLC49A3,2,2,1.0,2.0,1.0,0.0,1.0,0.0
SLC4A1,13,5,0.38461538461538464,1.1538461538461537,0.38461538461538464,0.3076923076923077,0.23076923076923078,0.23076923076923078
SLC4A3,1,1,1.0,3.0,1.0,1.0,1.0,0.0
SLC4A4,2,0,0.0,0.0,0.0,0.0,0.0,0.0
SLC4A8,2,2,1.0,2.0,1.0,0.0,0.5,0.5
SLC51A,1,0,0.0,0.0,0.0,0.0,0.0,0.0
SLC52A1,3,1,0.3333333333333333,0.3333333333333333,0.3333333333333333,0.0,0.0,0.0
SLC52A2,7,3,0.42857142857142855,0.7142857142857143,0.2857142857142857,0.14285714285714285,0.0,0.2857142857142857
SLC52A3,6,0,0.0,0.0,0.0,0.0,0.0,0.0
SLC5A1,2,0,0.0,0.0,0.0,0.0,0.0,0.0
SLC5A11,3,3,1.0,2.3333333333333335,0.6666666666666666,0.3333333333333333,1.0,0.3333333333333333
SLC5A2,2,1,0.5,1.0,0.5,0.5,0.0,0.0
SLC5A5,2,0,0.0,0.0,0.0,0.0,0.0,0.0
SLC5A6,1,1,1.0,1.0,1.0,0.0,0.0,0.0
SLC5A7,1,0,0.0,0.0,0.0,0.0,0.0,0.0
SLC5A8,1,1,1.0,3.0,1.0,0.0,1.0,1.0
SLC5A9,2,0,0.0,0.0,0.0,0.0,0.0,0.0
SLC67A1,1,1,1.0,1.0,1.0,0.0,0.0,0.0
SLC6A1,1,1,1.0,1.0,1.0,0.0,0.0,0.0
SLC6A15,1,0,0.0,0.0,0.0,0.0,0.0,0.0
SLC6A17,1,0,0.0,0.0,0.0,0.0,0.0,0.0
SLC6A18,2,1,0.5,2.0,0.5,0.5,0.5,0.5
SLC6A19,7,0,0.0,0.0,0.0,0.0,0.0,0.0
SLC6A2,4,4,1.0,2.5,0.5,0.75,0.75,0.5
SLC6A4,5,3,0.6,0.6,0.4,0.0,0.2,0.0
SLC6A5,3,2,0.6666666666666666,2.0,0.3333333333333333,0.6666666666666666,0.6666666666666666,0.3333333333333333
SLC6A6,1,0,0.0,0.0,0.0,0.0,0.0,0.0
SLC6A8,7,1,0.14285714285714285,0.5714285714285714,0.14285714285714285,0.14285714285714285,0.14285714285714285,0.14285714285714285
SLC7A13,1,1,1.0,2.0,1.0,1.0,0.0,0.0
SLC7A4,2,1,0.5,0.5,0.0,0.0,0.5,0.0
SLC7A6OS,2,1,0.5,1.5,0.5,0.5,0.5,0.0
SLC7A7,5,1,0.2,0.2,0.0,0.2,0.0,0.0
SLC7A9,5,2,0.4,0.4,0.0,0.4,0.0,0.0
SLC8A2,1,1,1.0,2.0,1.0,0.0,1.0,0.0
SLC9A3,1,1,1.0,1.0,0.0,0.0,0.0,1.0
SLC9A4,1,1,1.0,3.0,1.0,1.0,1.0,0.0
SLC9A6,2,0,0.0,0.0,0.0,0.0,0.0,0.0
SLC9C1,2,0,0.0,0.0,0.0,0.0,0.0,0.0
SLCO1A2,1,0,0.0,0.0,0.0,0.0,0.0,0.0
SLCO1B1,4,2,0.5,1.0,0.5,0.25,0.25,0.0
SLCO1B3,2,2,1.0,4.0,1.0,1.0,1.0,1.0
SLCO2A1,5,1,0.2,0.2,0.0,0.0,0.0,0.2
SLCO4A1,2,0,0.0,0.0,0.0,0.0,0.0,0.0
SLCO5A1,1,0,0.0,0.0,0.0,0.0,0.0,0.0
SLCO6A1,1,0,0.0,0.0,0.0,0.0,0.0,0.0
SLF2,1,1,1.0,3.0,1.0,1.0,1.0,0.0
SLFN11,5,3,0.6,0.6,0.4,0.2,0.0,0.0
SLFN12,1,0,0.0,0.0,0.0,0.0,0.0,0.0
SLFN14,4,2,0.5,1.25,0.25,0.25,0.5,0.25
SLIT2,1,1,1.0,4.0,1.0,1.0,1.0,1.0
SLIT3,4,4,1.0,2.25,0.75,0.0,1.0,0.5
SLITRK3,1,0,0.0,0.0,0.0,0.0,0.0,0.0
SLU7,1,0,0.0,0.0,0.0,0.0,0.0,0.0
SLURP1,3,1,0.3333333333333333,1.0,0.3333333333333333,0.0,0.3333333333333333,0.3333333333333333
SLX4,16,9,0.5625,1.0625,0.3125,0.4375,0.3125,0.0
SLX4IP,1,0,0.0,0.0,0.0,0.0,0.0,0.0
SMAD3,1,1,1.0,1.0,0.0,0.0,1.0,0.0
SMAD4,3,0,0.0,0.0,0.0,0.0,0.0,0.0
SMAD6,6,5,0.8333333333333334,3.3333333333333335,0.8333333333333334,0.8333333333333334,0.8333333333333334,0.8333333333333334
SMAP2,1,1,1.0,1.0,0.0,0.0,1.0,0.0
SMARCA2,5,0,0.0,0.0,0.0,0.0,0.0,0.0
SMARCAD1,6,2,0.3333333333333333,1.0,0.3333333333333333,0.16666666666666666,0.3333333333333333,0.16666666666666666
SMARCAL1,5,1,0.2,0.6,0.2,0.0,0.2,0.2
SMARCB1,3,0,0.0,0.0,0.0,0.0,0.0,0.0
SMARCC1,1,0,0.0,0.0,0.0,0.0,0.0,0.0
SMARCD1,2,2,1.0,2.5,0.5,1.0,0.0,1.0
SMARCE1,2,0,0.0,0.0,0.0,0.0,0.0,0.0
SMC1A,5,0,0.0,0.0,0.0,0.0,0.0,0.0
SMC1B,1,1,1.0,1.0,1.0,0.0,0.0,0.0
SMC5,1,0,0.0,0.0,0.0,0.0,0.0,0.0
SMC6,3,1,0.3333333333333333,0.3333333333333333,0.0,0.0,0.3333333333333333,0.0
SMCHD1,9,5,0.5555555555555556,0.7777777777777778,0.1111111111111111,0.1111111111111111,0.0,0.5555555555555556
SMCO3,1,1,1.0,3.0,1.0,1.0,1.0,0.0
SMCR8,1,1,1.0,1.0,1.0,0.0,0.0,0.0
SMDT1,1,1,1.0,3.0,1.0,1.0,1.0,0.0
SMG1,7,7,1.0,2.5714285714285716,0.7142857142857143,0.7142857142857143,1.0,0.14285714285714285
SMG6,1,0,0.0,0.0,0.0,0.0,0.0,0.0
SMG8,1,1,1.0,2.0,1.0,0.0,1.0,0.0
SMIM11,1,0,0.0,0.0,0.0,0.0,0.0,0.0
SMO,2,2,1.0,3.0,1.0,1.0,0.5,0.5
SMPD2,2,1,0.5,1.0,0.0,0.5,0.5,0.0
SMPDL3A,1,1,1.0,3.0,1.0,1.0,1.0,0.0
SMS,1,0,0.0,0.0,0.0,0.0,0.0,0.0
SMTN,1,1,1.0,3.0,1.0,1.0,1.0,0.0
SMUG1,1,1,1.0,3.0,1.0,1.0,1.0,0.0
SMYD4,1,1,1.0,2.0,0.0,1.0,1.0,0.0
SNAI1,2,0,0.0,0.0,0.0,0.0,0.0,0.0
SNAI2,1,1,1.0,3.0,1.0,1.0,1.0,0.0
SNAP25,1,0,0.0,0.0,0.0,0.0,0.0,0.0
SNAP47,1,0,0.0,0.0,0.0,0.0,0.0,0.0
SNAPC2,1,1,1.0,1.0,0.0,1.0,0.0,0.0
SNCAIP,1,0,0.0,0.0,0.0,0.0,0.0,0.0
SNCG,1,0,0.0,0.0,0.0,0.0,0.0,0.0
SNED1,1,0,0.0,0.0,0.0,0.0,0.0,0.0
SNF8,1,1,1.0,2.0,1.0,0.0,0.0,1.0
SNIP1,1,1,1.0,1.0,0.0,0.0,0.0,1.0
SNN,2,2,1.0,1.5,1.0,0.0,0.5,0.0
SNRNP200,3,1,0.3333333333333333,1.0,0.3333333333333333,0.3333333333333333,0.0,0.3333333333333333
SNTA1,1,1,1.0,1.0,0.0,1.0,0.0,0.0
SNTG2,1,1,1.0,1.0,0.0,1.0,0.0,0.0
SNX1,1,1,1.0,2.0,0.0,1.0,1.0,0.0
SNX10,2,2,1.0,2.5,1.0,0.5,0.5,0.5
SNX16,1,0,0.0,0.0,0.0,0.0,0.0,0.0
SNX19,2,0,0.0,0.0,0.0,0.0,0.0,0.0
SNX20,1,0,0.0,0.0,0.0,0.0,0.0,0.0
SNX21,1,0,0.0,0.0,0.0,0.0,0.0,0.0
SNX25,1,1,1.0,3.0,1.0,1.0,1.0,0.0
SNX30,2,2,1.0,3.0,1.0,1.0,1.0,0.0
SNX31,1,0,0.0,0.0,0.0,0.0,0.0,0.0
SNX32,1,1,1.0,2.0,0.0,1.0,1.0,0.0
SOAT1,1,0,0.0,0.0,0.0,0.0,0.0,0.0
SOAT2,1,0,0.0,0.0,0.0,0.0,0.0,0.0
SOBP,1,0,0.0,0.0,0.0,0.0,0.0,0.0
SOCS1,1,1,1.0,2.0,0.0,1.0,1.0,0.0
SOCS2,1,0,0.0,0.0,0.0,0.0,0.0,0.0
SOD1,25,6,0.24,0.48,0.16,0.2,0.12,0.0
SOHLH1,1,1,1.0,1.0,1.0,0.0,0.0,0.0
SON,1,1,1.0,3.0,1.0,1.0,1.0,0.0
SORL1,3,2,0.6666666666666666,1.3333333333333333,0.0,0.6666666666666666,0.6666666666666666,0.0
SOS1,12,9,0.75,1.1666666666666667,0.5,0.3333333333333333,0.16666666666666666,0.16666666666666666
SOS2,3,3,1.0,1.3333333333333333,0.3333333333333333,0.6666666666666666,0.3333333333333333,0.0
SOST,1,1,1.0,4.0,1.0,1.0,1.0,1.0
SOWAHD,1,0,0.0,0.0,0.0,0.0,0.0,0.0
SOX11,3,2,0.6666666666666666,0.6666666666666666,0.0,0.6666666666666666,0.0,0.0
SOX17,2,2,1.0,2.0,0.5,0.0,0.5,1.0
SOX30,2,2,1.0,3.0,1.0,1.0,1.0,0.0
SOX9,6,2,0.3333333333333333,0.3333333333333333,0.0,0.3333333333333333,0.0,0.0
SP110,7,1,0.14285714285714285,0.14285714285714285,0.14285714285714285,0.0,0.0,0.0
SP140,1,0,0.0,0.0,0.0,0.0,0.0,0.0
SP140L,3,1,0.3333333333333333,0.6666666666666666,0.0,0.3333333333333333,0.0,0.3333333333333333
SP3,1,1,1.0,1.0,0.0,0.0,1.0,0.0
SP4,1,1,1.0,3.0,1.0,1.0,1.0,0.0
SPACA1,1,1,1.0,3.0,1.0,1.0,1.0,0.0
SPACA9,1,0,0.0,0.0,0.0,0.0,0.0,0.0
SPAG1,1,0,0.0,0.0,0.0,0.0,0.0,0.0
SPAG6,1,0,0.0,0.0,0.0,0.0,0.0,0.0
SPAM1,1,0,0.0,0.0,0.0,0.0,0.0,0.0
SPANXD,2,0,0.0,0.0,0.0,0.0,0.0,0.0
SPAST,27,7,0.25925925925925924,0.37037037037037035,0.1111111111111111,0.2222222222222222,0.0,0.037037037037037035
SPATA13,1,1,1.0,1.0,1.0,0.0,0.0,0.0
SPATA16,5,5,1.0,1.8,1.0,0.4,0.4,0.0
SPATA21,2,0,0.0,0.0,0.0,0.0,0.0,0.0
SPATA22,2,0,0.0,0.0,0.0,0.0,0.0,0.0
SPATA31E1,7,2,0.2857142857142857,0.2857142857142857,0.2857142857142857,0.0,0.0,0.0
SPATA31G1,1,0,0.0,0.0,0.0,0.0,0.0,0.0
SPATA4,1,1,1.0,3.0,1.0,1.0,1.0,0.0
SPATA46,1,0,0.0,0.0,0.0,0.0,0.0,0.0
SPATA6,1,1,1.0,3.0,1.0,1.0,1.0,0.0
SPATA7,4,3,0.75,0.75,0.5,0.0,0.25,0.0
SPDEF,1,0,0.0,0.0,0.0,0.0,0.0,0.0
SPECC1,1,0,0.0,0.0,0.0,0.0,0.0,0.0
SPECC1L,2,1,0.5,0.5,0.0,0.0,0.5,0.0
SPEF2,5,1,0.2,0.4,0.0,0.2,0.2,0.0
SPEG,1,0,0.0,0.0,0.0,0.0,0.0,0.0
SPEN,2,0,0.0,0.0,0.0,0.0,0.0,0.0
SPESP1,1,0,0.0,0.0,0.0,0.0,0.0,0.0
SPG7,1,1,1.0,2.0,1.0,0.0,1.0,0.0
SPHKAP,2,0,0.0,0.0,0.0,0.0,0.0,0.0
SPIB,1,0,0.0,0.0,0.0,0.0,0.0,0.0
SPINK1,1,1,1.0,2.0,1.0,0.0,1.0,0.0
SPINK4,1,0,0.0,0.0,0.0,0.0,0.0,0.0
SPINK5,5,2,0.4,0.8,0.4,0.2,0.2,0.0
SPINK6,1,1,1.0,2.0,0.0,1.0,1.0,0.0
SPINT2,2,0,0.0,0.0,0.0,0.0,0.0,0.0
SPINT4,1,1,1.0,3.0,1.0,1.0,1.0,0.0
SPIRE1,2,2,1.0,2.0,0.5,0.5,1.0,0.0
SPMAP2,1,1,1.0,3.0,1.0,1.0,1.0,0.0
SPMIP2,1,1,1.0,3.0,1.0,1.0,1.0,0.0
SPMIP4,6,4,0.6666666666666666,1.1666666666666667,0.16666666666666666,0.3333333333333333,0.6666666666666666,0.0
SPMIP6,1,1,1.0,1.0,0.0,0.0,1.0,0.0
SPO11,2,2,1.0,1.0,0.0,0.0,1.0,0.0
SPOCD1,1,1,1.0,1.0,1.0,0.0,0.0,0.0
SPON2,2,1,0.5,0.5,0.0,0.5,0.0,0.0
SPOUT1,2,0,0.0,0.0,0.0,0.0,0.0,0.0
SPP1,3,2,0.6666666666666666,1.0,0.6666666666666666,0.3333333333333333,0.0,0.0
SPPL2A,1,1,1.0,2.0,0.0,1.0,1.0,0.0
SPPL2C,6,3,0.5,0.8333333333333334,0.16666666666666666,0.3333333333333333,0.3333333333333333,0.0
SPRED2,1,0,0.0,0.0,0.0,0.0,0.0,0.0
SPRING1,1,0,0.0,0.0,0.0,0.0,0.0,0.0
SPRN,2,2,1.0,2.5,1.0,0.5,1.0,0.0
SPRR1A,1,0,0.0,0.0,0.0,0.0,0.0,0.0
SPRR1B,1,0,0.0,0.0,0.0,0.0,0.0,0.0
SPRTN,1,1,1.0,1.0,1.0,0.0,0.0,0.0
SPRY2,1,0,0.0,0.0,0.0,0.0,0.0,0.0
SPRY3,1,1,1.0,2.0,1.0,0.0,1.0,0.0
SPRY4,3,3,1.0,1.6666666666666667,0.6666666666666666,0.0,0.0,1.0
SPTAN1,1,0,0.0,0.0,0.0,0.0,0.0,0.0
SPTB,5,1,0.2,0.6,0.2,0.2,0.2,0.0
SPTBN1,4,4,1.0,1.5,0.25,0.5,0.0,0.75
SPTBN2,1,0,0.0,0.0,0.0,0.0,0.0,0.0
SPTBN5,2,1,0.5,0.5,0.0,0.5,0.0,0.0
SPTLC1,4,3,0.75,1.0,0.25,0.75,0.0,0.0
SQOR,1,1,1.0,2.0,1.0,0.0,1.0,0.0
SQSTM1,18,11,0.6111111111111112,1.2222222222222223,0.2777777777777778,0.5,0.2222222222222222,0.2222222222222222
SRBD1,1,1,1.0,3.0,1.0,1.0,1.0,0.0
SRC,1,1,1.0,1.0,0.0,0.0,0.0,1.0
SREBF1,5,3,0.6,1.6,0.6,0.6,0.4,0.0
SREBF2,1,1,1.0,3.0,1.0,1.0,1.0,0.0
SRM,1,0,0.0,0.0,0.0,0.0,0.0,0.0
SRMS,3,2,0.6666666666666666,1.6666666666666667,0.6666666666666666,0.3333333333333333,0.3333333333333333,0.3333333333333333
SRP14,1,1,1.0,1.0,1.0,0.0,0.0,0.0
SRP19,1,1,1.0,1.0,0.0,0.0,1.0,0.0
SRPK2,1,1,1.0,2.0,1.0,0.0,1.0,0.0
SRPK3,1,1,1.0,2.0,1.0,0.0,1.0,0.0
SRPRB,1,0,0.0,0.0,0.0,0.0,0.0,0.0
SRPX2,1,1,1.0,1.0,0.0,0.0,1.0,0.0
SRRM4,2,1,0.5,0.5,0.0,0.0,0.5,0.0
SRSF4,2,0,0.0,0.0,0.0,0.0,0.0,0.0
SS18L1,1,0,0.0,0.0,0.0,0.0,0.0,0.0
SSH3,1,1,1.0,2.0,1.0,0.0,1.0,0.0
SSMEM1,1,0,0.0,0.0,0.0,0.0,0.0,0.0
SST,1,1,1.0,1.0,0.0,0.0,1.0,0.0
SSTR5,8,3,0.375,0.875,0.25,0.25,0.25,0.125
SSX2IP,1,1,1.0,1.0,1.0,0.0,0.0,0.0
ST13,1,0,0.0,0.0,0.0,0.0,0.0,0.0
ST14,3,0,0.0,0.0,0.0,0.0,0.0,0.0
ST3GAL5,1,0,0.0,0.0,0.0,0.0,0.0,0.0
ST6GALNAC3,1,0,0.0,0.0,0.0,0.0,0.0,0.0
ST7L,1,1,1.0,3.0,1.0,1.0,1.0,0.0
STAB1,3,0,0.0,0.0,0.0,0.0,0.0,0.0
STAB2,1,1,1.0,3.0,1.0,1.0,1.0,0.0
STAC3,1,0,0.0,0.0,0.0,0.0,0.0,0.0
STAG1,1,1,1.0,1.0,0.0,1.0,0.0,0.0
STAMBP,3,1,0.3333333333333333,0.6666666666666666,0.3333333333333333,0.0,0.0,0.3333333333333333
STAMBPL1,1,0,0.0,0.0,0.0,0.0,0.0,0.0
STAR,3,0,0.0,0.0,0.0,0.0,0.0,0.0
STARD13,1,0,0.0,0.0,0.0,0.0,0.0,0.0
STARD5,1,0,0.0,0.0,0.0,0.0,0.0,0.0
STAT1,6,5,0.8333333333333334,1.5,0.3333333333333333,0.6666666666666666,0.0,0.5
STAT2,6,4,0.6666666666666666,1.5,0.6666666666666666,0.3333333333333333,0.3333333333333333,0.16666666666666666
STAT3,3,2,0.6666666666666666,1.0,0.3333333333333333,0.3333333333333333,0.3333333333333333,0.0
STAT5A,1,1,1.0,1.0,0.0,0.0,1.0,0.0
STAT6,1,1,1.0,4.0,1.0,1.0,1.0,1.0
STEAP1B,1,1,1.0,3.0,1.0,1.0,1.0,0.0
STEAP2,1,0,0.0,0.0,0.0,0.0,0.0,0.0
STIL,1,0,0.0,0.0,0.0,0.0,0.0,0.0
STIM1,3,2,0.6666666666666666,0.6666666666666666,0.3333333333333333,0.3333333333333333,0.0,0.0
STK10,4,3,0.75,1.25,0.5,0.25,0.5,0.0
STK11,2,0,0.0,0.0,0.0,0.0,0.0,0.0
STK16,1,0,0.0,0.0,0.0,0.0,0.0,0.0
STK17B,1,1,1.0,1.0,0.0,0.0,1.0,0.0
STK31,3,1,0.3333333333333333,1.0,0.3333333333333333,0.3333333333333333,0.3333333333333333,0.0
STK32C,1,1,1.0,1.0,0.0,0.0,1.0,0.0
STK33,1,1,1.0,1.0,1.0,0.0,0.0,0.0
STK36,4,1,0.25,0.5,0.0,0.25,0.25,0.0
STK4,1,1,1.0,1.0,0.0,0.0,1.0,0.0
STK40,1,1,1.0,1.0,0.0,0.0,1.0,0.0
STN1,1,0,0.0,0.0,0.0,0.0,0.0,0.0
STON1,1,1,1.0,3.0,1.0,1.0,1.0,0.0
STOX1,1,1,1.0,2.0,1.0,0.0,0.0,1.0
STPG2,3,0,0.0,0.0,0.0,0.0,0.0,0.0
STPG3,1,0,0.0,0.0,0.0,0.0,0.0,0.0
STRA6,7,5,0.7142857142857143,2.142857142857143,0.5714285714285714,0.5714285714285714,0.5714285714285714,0.42857142857142855
STUB1,3,1,0.3333333333333333,0.6666666666666666,0.3333333333333333,0.3333333333333333,0.0,0.0
STX3,1,1,1.0,2.0,1.0,1.0,0.0,0.0
STXBP1,4,2,0.5,0.5,0.0,0.5,0.0,0.0
STXBP2,2,0,0.0,0.0,0.0,0.0,0.0,0.0
STXBP3,1,1,1.0,4.0,1.0,1.0,1.0,1.0
STXBP5L,1,1,1.0,3.0,1.0,1.0,1.0,0.0
STYK1,4,2,0.5,1.0,0.25,0.25,0.5,0.0
STYXL2,1,0,0.0,0.0,0.0,0.0,0.0,0.0
SUB1,1,1,1.0,3.0,1.0,1.0,1.0,0.0
SUCLA2,1,1,1.0,2.0,1.0,0.0,1.0,0.0
SUCLG1,2,2,1.0,3.0,0.5,0.5,1.0,1.0
SUFU,4,2,0.5,0.75,0.0,0.25,0.5,0.0
SUGP2,4,2,0.5,0.75,0.5,0.25,0.0,0.0
SULT1A1,4,2,0.5,0.75,0.5,0.0,0.25,0.0
SULT1A2,1,0,0.0,0.0,0.0,0.0,0.0,0.0
SULT1C2,1,0,0.0,0.0,0.0,0.0,0.0,0.0
SULT1C3,2,2,1.0,2.5,1.0,0.5,0.5,0.5
SULT1E1,1,0,0.0,0.0,0.0,0.0,0.0,0.0
SULT2A1,1,0,0.0,0.0,0.0,0.0,0.0,0.0
SULT2B1,1,1,1.0,2.0,0.0,1.0,1.0,0.0
SULT6B1,4,1,0.25,0.5,0.25,0.0,0.25,0.0
SUMF1,6,2,0.3333333333333333,0.6666666666666666,0.3333333333333333,0.3333333333333333,0.0,0.0
SUN1,1,0,0.0,0.0,0.0,0.0,0.0,0.0
SUN2,2,2,1.0,2.5,1.0,0.5,1.0,0.0
SUN5,1,1,1.0,1.0,0.0,0.0,0.0,1.0
SUOX,3,1,0.3333333333333333,0.6666666666666666,0.3333333333333333,0.3333333333333333,0.0,0.0
SURF1,4,1,0.25,0.5,0.25,0.0,0.25,0.0
SUSD3,1,0,0.0,0.0,0.0,0.0,0.0,0.0
SUSD5,2,1,0.5,1.5,0.5,0.5,0.5,0.0
SUZ12,1,0,0.0,0.0,0.0,0.0,0.0,0.0
SV2C,1,0,0.0,0.0,0.0,0.0,0.0,0.0
SVIL,3,2,0.6666666666666666,0.6666666666666666,0.0,0.0,0.6666666666666666,0.0
SYCE3,1,1,1.0,1.0,1.0,0.0,0.0,0.0
SYCP1,2,1,0.5,0.5,0.0,0.5,0.0,0.0
SYCP2,1,1,1.0,2.0,1.0,1.0,0.0,0.0
SYCP2L,1,1,1.0,2.0,1.0,1.0,0.0,0.0
SYF2,1,1,1.0,1.0,0.0,0.0,1.0,0.0
SYK,1,1,1.0,3.0,0.0,1.0,1.0,1.0
SYNE1,12,5,0.4166666666666667,0.5833333333333334,0.4166666666666667,0.08333333333333333,0.08333333333333333,0.0
SYNE2,9,5,0.5555555555555556,0.7777777777777778,0.4444444444444444,0.1111111111111111,0.1111111111111111,0.1111111111111111
SYNE3,2,0,0.0,0.0,0.0,0.0,0.0,0.0
SYNGAP1,3,2,0.6666666666666666,1.0,0.3333333333333333,0.0,0.6666666666666666,0.0
SYNGR4,1,1,1.0,3.0,1.0,1.0,1.0,0.0
SYNJ1,1,0,0.0,0.0,0.0,0.0,0.0,0.0
SYNM,4,3,0.75,1.25,0.75,0.5,0.0,0.0
SYP,1,1,1.0,1.0,0.0,0.0,1.0,0.0
SYT10,2,1,0.5,0.5,0.0,0.0,0.5,0.0
SYT11,2,0,0.0,0.0,0.0,0.0,0.0,0.0
SYT5,1,1,1.0,1.0,0.0,0.0,1.0,0.0
SYT7,1,1,1.0,1.0,0.0,0.0,1.0,0.0
SYT9,1,1,1.0,3.0,1.0,1.0,1.0,0.0
SYTL4,1,1,1.0,1.0,1.0,0.0,0.0,0.0
TAAR5,3,3,1.0,2.3333333333333335,1.0,0.6666666666666666,0.6666666666666666,0.0
TAAR6,3,2,0.6666666666666666,1.3333333333333333,0.6666666666666666,0.3333333333333333,0.3333333333333333,0.0
TAAR8,2,0,0.0,0.0,0.0,0.0,0.0,0.0
TAB2,1,1,1.0,4.0,1.0,1.0,1.0,1.0
TACC1,2,0,0.0,0.0,0.0,0.0,0.0,0.0
TACC2,1,0,0.0,0.0,0.0,0.0,0.0,0.0
TACC3,2,1,0.5,0.5,0.0,0.5,0.0,0.0
TACR2,1,1,1.0,1.0,1.0,0.0,0.0,0.0
TACR3,3,1,0.3333333333333333,1.0,0.3333333333333333,0.3333333333333333,0.0,0.3333333333333333
TACSTD2,1,0,0.0,0.0,0.0,0.0,0.0,0.0
TAF11,1,1,1.0,1.0,0.0,0.0,1.0,0.0
TAF1B,2,1,0.5,1.5,0.5,0.5,0.5,0.0
TAF1C,5,3,0.6,0.8,0.4,0.2,0.2,0.0
TAF1L,4,1,0.25,0.5,0.25,0.0,0.25,0.0
TAF2,3,0,0.0,0.0,0.0,0.0,0.0,0.0
TAF3,4,2,0.5,0.5,0.5,0.0,0.0,0.0
TAF4B,2,0,0.0,0.0,0.0,0.0,0.0,0.0
TAF6,1,0,0.0,0.0,0.0,0.0,0.0,0.0
TAF7L,3,1,0.3333333333333333,0.6666666666666666,0.3333333333333333,0.3333333333333333,0.0,0.0
TAFAZZIN,2,0,0.0,0.0,0.0,0.0,0.0,0.0
TAGLN2,1,1,1.0,4.0,1.0,1.0,1.0,1.0
TALDO1,1,0,0.0,0.0,0.0,0.0,0.0,0.0
TAMM41,1,0,0.0,0.0,0.0,0.0,0.0,0.0
TANGO2,3,1,0.3333333333333333,1.0,0.3333333333333333,0.3333333333333333,0.3333333333333333,0.0
TANK,1,0,0.0,0.0,0.0,0.0,0.0,0.0
TAP2,2,2,1.0,2.5,1.0,0.5,0.5,0.5
TAPBPL,2,0,0.0,0.0,0.0,0.0,0.0,0.0
TAPT1,1,1,1.0,1.0,0.0,0.0,1.0,0.0
TARBP1,2,0,0.0,0.0,0.0,0.0,0.0,0.0
TARDBP,9,7,0.7777777777777778,1.5555555555555556,0.6666666666666666,0.5555555555555556,0.3333333333333333,0.0
TARS1,1,0,0.0,0.0,0.0,0.0,0.0,0.0
TAS1R1,3,1,0.3333333333333333,1.0,0.3333333333333333,0.3333333333333333,0.3333333333333333,0.0
TAS1R2,2,0,0.0,0.0,0.0,0.0,0.0,0.0
TAS1R3,2,1,0.5,0.5,0.5,0.0,0.0,0.0
TAS2R16,4,2,0.5,0.75,0.25,0.25,0.25,0.0
TAS2R19,1,0,0.0,0.0,0.0,0.0,0.0,0.0
TAS2R20,5,1,0.2,0.2,0.2,0.0,0.0,0.0
TAS2R31,1,0,0.0,0.0,0.0,0.0,0.0,0.0
TAS2R38,1,1,1.0,3.0,1.0,1.0,1.0,0.0
TAS2R4,1,1,1.0,1.0,1.0,0.0,0.0,0.0
TAS2R46,2,1,0.5,0.5,0.5,0.0,0.0,0.0
TAS2R8,1,0,0.0,0.0,0.0,0.0,0.0,0.0
TASOR,1,0,0.0,0.0,0.0,0.0,0.0,0.0
TASOR2,3,2,0.6666666666666666,1.0,0.6666666666666666,0.3333333333333333,0.0,0.0
TATDN2,4,2,0.5,0.5,0.5,0.0,0.0,0.0
TAX1BP1,1,1,1.0,1.0,0.0,0.0,1.0,0.0
TBC1D1,4,0,0.0,0.0,0.0,0.0,0.0,0.0
TBC1D14,1,1,1.0,1.0,0.0,0.0,1.0,0.0
TBC1D16,1,1,1.0,1.0,0.0,0.0,1.0,0.0
TBC1D2,3,0,0.0,0.0,0.0,0.0,0.0,0.0
TBC1D32,2,1,0.5,1.5,0.5,0.5,0.5,0.0
TBC1D4,3,0,0.0,0.0,0.0,0.0,0.0,0.0
TBC1D8,2,0,0.0,0.0,0.0,0.0,0.0,0.0
TBCCD1,1,0,0.0,0.0,0.0,0.0,0.0,0.0
TBCD,5,2,0.4,0.4,0.2,0.0,0.0,0.2
TBCE,3,1,0.3333333333333333,0.3333333333333333,0.0,0.0,0.0,0.3333333333333333
TBCK,1,0,0.0,0.0,0.0,0.0,0.0,0.0
TBK1,6,5,0.8333333333333334,1.6666666666666667,0.3333333333333333,0.5,0.5,0.3333333333333333
TBR1,1,1,1.0,4.0,1.0,1.0,1.0,1.0
TBRG4,1,0,0.0,0.0,0.0,0.0,0.0,0.0
TBX1,4,4,1.0,2.5,1.0,1.0,0.0,0.5
TBX18,2,0,0.0,0.0,0.0,0.0,0.0,0.0
TBX22,2,0,0.0,0.0,0.0,0.0,0.0,0.0
TBX4,1,0,0.0,0.0,0.0,0.0,0.0,0.0
TBX6,3,3,1.0,4.0,1.0,1.0,1.0,1.0
TBXA2R,3,2,0.6666666666666666,1.6666666666666667,0.6666666666666666,0.3333333333333333,0.6666666666666666,0.0
TBXAS1,10,5,0.5,0.9,0.1,0.3,0.5,0.0
TBXT,4,1,0.25,0.75,0.25,0.25,0.25,0.0
TC2N,2,0,0.0,0.0,0.0,0.0,0.0,0.0
TCAP,1,1,1.0,4.0,1.0,1.0,1.0,1.0
TCEAL3,1,0,0.0,0.0,0.0,0.0,0.0,0.0
TCERG1L,1,1,1.0,3.0,1.0,1.0,1.0,0.0
TCF12,1,0,0.0,0.0,0.0,0.0,0.0,0.0
TCF20,2,1,0.5,0.5,0.5,0.0,0.0,0.0
TCF23,1,0,0.0,0.0,0.0,0.0,0.0,0.0
TCF3,1,1,1.0,3.0,1.0,1.0,1.0,0.0
TCF4,2,0,0.0,0.0,0.0,0.0,0.0,0.0
TCFL5,2,2,1.0,2.0,1.0,1.0,0.0,0.0
TCHP,1,1,1.0,1.0,1.0,0.0,0.0,0.0
TCIRG1,2,0,0.0,0.0,0.0,0.0,0.0,0.0
TCL1A,1,0,0.0,0.0,0.0,0.0,0.0,0.0
TCN1,1,0,0.0,0.0,0.0,0.0,0.0,0.0
TCN2,2,1,0.5,0.5,0.0,0.0,0.5,0.0
TCOF1,3,2,0.6666666666666666,1.0,0.3333333333333333,0.6666666666666666,0.0,0.0
TCP11L1,2,1,0.5,1.5,0.5,0.5,0.5,0.0
TCTE1,1,1,1.0,3.0,1.0,1.0,1.0,0.0
TDG,2,1,0.5,1.0,0.0,0.5,0.5,0.0
TDP1,3,1,0.3333333333333333,1.0,0.3333333333333333,0.3333333333333333,0.3333333333333333,0.0
TDRD5,1,0,0.0,0.0,0.0,0.0,0.0,0.0
TDRD7,2,0,0.0,0.0,0.0,0.0,0.0,0.0
TEAD1,1,0,0.0,0.0,0.0,0.0,0.0,0.0
TECPR2,1,1,1.0,1.0,1.0,0.0,0.0,0.0
TECTA,10,4,0.4,0.7,0.3,0.1,0.1,0.2
TEDDM1,2,1,0.5,0.5,0.5,0.0,0.0,0.0
TEK,5,1,0.2,0.4,0.2,0.0,0.2,0.0
TEKT1,3,0,0.0,0.0,0.0,0.0,0.0,0.0
TEKT4,2,2,1.0,2.0,1.0,0.5,0.5,0.0
TEKT5,1,0,0.0,0.0,0.0,0.0,0.0,0.0
TEKTL1,2,1,0.5,0.5,0.5,0.0,0.0,0.0
TELO2,3,1,0.3333333333333333,0.3333333333333333,0.0,0.0,0.0,0.3333333333333333
TENM2,1,1,1.0,4.0,1.0,1.0,1.0,1.0
TENM3,1,1,1.0,2.0,1.0,0.0,1.0,0.0
TEP1,6,2,0.3333333333333333,1.0,0.3333333333333333,0.3333333333333333,0.3333333333333333,0.0
TERT,8,2,0.25,0.75,0.125,0.25,0.125,0.25
TES,1,1,1.0,2.0,1.0,0.0,1.0,0.0
TESPA1,1,1,1.0,2.0,1.0,0.0,1.0,0.0
TET1,4,2,0.5,0.75,0.5,0.0,0.25,0.0
TET2,8,7,0.875,2.625,0.875,0.75,0.625,0.375
TEX11,2,1,0.5,2.0,0.5,0.5,0.5,0.5
TEX15,1,1,1.0,3.0,1.0,1.0,1.0,0.0
TEX35,2,1,0.5,1.0,0.5,0.5,0.0,0.0
TEX36,2,1,0.5,0.5,0.5,0.0,0.0,0.0
TEX47,2,0,0.0,0.0,0.0,0.0,0.0,0.0
TEX55,2,1,0.5,0.5,0.0,0.5,0.0,0.0
TF,6,2,0.3333333333333333,0.6666666666666666,0.3333333333333333,0.0,0.3333333333333333,0.0
TFAM,2,1,0.5,2.0,0.5,0.5,0.5,0.5
TFAP2A,1,0,0.0,0.0,0.0,0.0,0.0,0.0
TFAP2B,3,1,0.3333333333333333,0.3333333333333333,0.0,0.3333333333333333,0.0,0.0
TFAP4,2,0,0.0,0.0,0.0,0.0,0.0,0.0
TFB2M,2,0,0.0,0.0,0.0,0.0,0.0,0.0
TFE3,1,1,1.0,1.0,0.0,0.0,0.0,1.0
TFEC,1,0,0.0,0.0,0.0,0.0,0.0,0.0
TFPI2,1,0,0.0,0.0,0.0,0.0,0.0,0.0
TFR2,2,2,1.0,2.5,0.5,0.5,1.0,0.5
TG,8,3,0.375,1.0,0.375,0.25,0.25,0.125
TGDS,2,0,0.0,0.0,0.0,0.0,0.0,0.0
TGFB1,8,2,0.25,0.375,0.0,0.25,0.0,0.125
TGFB1I1,1,1,1.0,1.0,1.0,0.0,0.0,0.0
TGFB3,1,1,1.0,1.0,0.0,0.0,1.0,0.0
TGFBI,4,2,0.5,1.75,0.5,0.25,0.5,0.5
TGFBR1,8,3,0.375,1.125,0.375,0.375,0.125,0.25
TGFBR2,14,3,0.21428571428571427,0.42857142857142855,0.21428571428571427,0.07142857142857142,0.07142857142857142,0.07142857142857142
TGFBR3,2,2,1.0,1.0,0.0,0.5,0.5,0.0
TGIF1,4,3,0.75,2.0,0.25,0.5,0.5,0.75
TGM1,18,4,0.2222222222222222,0.2777777777777778,0.1111111111111111,0.05555555555555555,0.05555555555555555,0.05555555555555555
TGM3,5,2,0.4,1.0,0.2,0.4,0.2,0.2
TGM4,4,3,0.75,1.25,0.75,0.5,0.0,0.0
TGM5,1,1,1.0,4.0,1.0,1.0,1.0,1.0
TGM6,1,1,1.0,2.0,0.0,1.0,0.0,1.0
TGOLN2,1,0,0.0,0.0,0.0,0.0,0.0,0.0
TGS1,4,2,0.5,0.75,0.25,0.0,0.5,0.0
TH,8,2,0.25,0.625,0.125,0.125,0.25,0.125
THADA,1,1,1.0,1.0,0.0,0.0,1.0,0.0
THAP1,7,4,0.5714285714285714,1.2857142857142858,0.42857142857142855,0.2857142857142857,0.14285714285714285,0.42857142857142855
THAP7,2,0,0.0,0.0,0.0,0.0,0.0,0.0
THAP8,5,1,0.2,0.4,0.0,0.0,0.2,0.2
THAP9,4,1,0.25,0.5,0.0,0.0,0.25,0.25
THBS3,1,1,1.0,1.0,0.0,0.0,1.0,0.0
THBS4,1,0,0.0,0.0,0.0,0.0,0.0,0.0
THEM4,1,0,0.0,0.0,0.0,0.0,0.0,0.0
THEM5,1,0,0.0,0.0,0.0,0.0,0.0,0.0
THEMIS,1,0,0.0,0.0,0.0,0.0,0.0,0.0
THEMIS2,2,0,0.0,0.0,0.0,0.0,0.0,0.0
THG1L,1,1,1.0,2.0,1.0,0.0,1.0,0.0
THNSL2,1,1,1.0,1.0,1.0,0.0,0.0,0.0
THOC5,1,0,0.0,0.0,0.0,0.0,0.0,0.0
THPO,2,2,1.0,1.5,0.0,0.5,0.5,0.5
THRB,6,2,0.3333333333333333,0.3333333333333333,0.3333333333333333,0.0,0.0,0.0
THSD1,2,1,0.5,2.0,0.5,0.5,0.5,0.5
THSD7A,1,1,1.0,1.0,0.0,0.0,1.0,0.0
TIAM1,2,2,1.0,2.0,0.5,0.5,1.0,0.0
TIAM2,2,2,1.0,2.0,0.5,0.5,1.0,0.0
TICAM1,5,1,0.2,0.2,0.0,0.0,0.2,0.0
TICRR,2,1,0.5,1.0,0.0,0.5,0.5,0.0
TIE1,1,1,1.0,1.0,0.0,0.0,1.0,0.0
TIMD4,1,0,0.0,0.0,0.0,0.0,0.0,0.0
TIMELESS,2,1,0.5,1.5,0.5,0.5,0.5,0.0
TIMM21,1,0,0.0,0.0,0.0,0.0,0.0,0.0
TINAG,2,1,0.5,2.0,0.5,0.5,0.5,0.5
TINAGL1,2,0,0.0,0.0,0.0,0.0,0.0,0.0
TINF2,7,2,0.2857142857142857,0.42857142857142855,0.14285714285714285,0.2857142857142857,0.0,0.0
TIPIN,3,2,0.6666666666666666,1.6666666666666667,0.3333333333333333,0.3333333333333333,0.6666666666666666,0.3333333333333333
TJP2,2,0,0.0,0.0,0.0,0.0,0.0,0.0
TJP3,1,0,0.0,0.0,0.0,0.0,0.0,0.0
TK2,3,1,0.3333333333333333,0.3333333333333333,0.3333333333333333,0.0,0.0,0.0
TKFC,1,0,0.0,0.0,0.0,0.0,0.0,0.0
TKTL1,1,0,0.0,0.0,0.0,0.0,0.0,0.0
TKTL2,1,1,1.0,4.0,1.0,1.0,1.0,1.0
TLDC2,1,1,1.0,2.0,1.0,0.0,1.0,0.0
TLE2,1,1,1.0,2.0,1.0,0.0,1.0,0.0
TLE3,1,1,1.0,1.0,0.0,0.0,1.0,0.0
TLK2,4,2,0.5,0.75,0.0,0.25,0.25,0.25
TLL1,3,1,0.3333333333333333,0.3333333333333333,0.0,0.3333333333333333,0.0,0.0
TLN1,2,2,1.0,1.0,0.0,0.0,1.0,0.0
TLR1,7,3,0.42857142857142855,0.7142857142857143,0.42857142857142855,0.14285714285714285,0.14285714285714285,0.0
TLR10,5,3,0.6,1.0,0.6,0.2,0.2,0.0
TLR2,3,2,0.6666666666666666,1.6666666666666667,0.6666666666666666,0.6666666666666666,0.3333333333333333,0.0
TLR4,2,1,0.5,0.5,0.5,0.0,0.0,0.0
TLR6,5,2,0.4,0.4,0.4,0.0,0.0,0.0
TLR7,2,2,1.0,4.0,1.0,1.0,1.0,1.0
TLR8,4,3,0.75,0.75,0.25,0.0,0.0,0.5
TM6SF1,1,1,1.0,2.0,1.0,0.0,1.0,0.0
TM6SF2,1,1,1.0,2.0,0.0,1.0,1.0,0.0
TM7SF2,1,0,0.0,0.0,0.0,0.0,0.0,0.0
TM9SF1,1,0,0.0,0.0,0.0,0.0,0.0,0.0
TMBIM4,1,0,0.0,0.0,0.0,0.0,0.0,0.0
TMC1,3,3,1.0,1.6666666666666667,0.3333333333333333,0.3333333333333333,0.6666666666666666,0.3333333333333333
TMC2,4,2,0.5,0.75,0.25,0.0,0.5,0.0
TMC3,2,1,0.5,0.5,0.5,0.0,0.0,0.0
TMC5,1,0,0.0,0.0,0.0,0.0,0.0,0.0
TMC7,2,2,1.0,1.5,0.5,0.0,1.0,0.0
TMC8,1,0,0.0,0.0,0.0,0.0,0.0,0.0
TMCC1,2,2,1.0,1.0,1.0,0.0,0.0,0.0
TMCC3,1,1,1.0,1.0,0.0,0.0,1.0,0.0
TMCO3,1,0,0.0,0.0,0.0,0.0,0.0,0.0
TMED9,1,0,0.0,0.0,0.0,0.0,0.0,0.0
TMEFF1,1,0,0.0,0.0,0.0,0.0,0.0,0.0
TMEM106B,1,1,1.0,1.0,0.0,0.0,1.0,0.0
TMEM123,1,0,0.0,0.0,0.0,0.0,0.0,0.0
TMEM126A,2,1,0.5,0.5,0.0,0.5,0.0,0.0
TMEM127,2,2,1.0,2.0,0.5,1.0,0.5,0.0
TMEM129,1,0,0.0,0.0,0.0,0.0,0.0,0.0
TMEM130,1,1,1.0,2.0,1.0,0.0,1.0,0.0
TMEM131L,1,1,1.0,3.0,1.0,1.0,1.0,0.0
TMEM132D,2,2,1.0,3.0,1.0,1.0,1.0,0.0
TMEM135,1,0,0.0,0.0,0.0,0.0,0.0,0.0
TMEM140,1,0,0.0,0.0,0.0,0.0,0.0,0.0
TMEM144,1,1,1.0,2.0,1.0,0.0,1.0,0.0
TMEM147,1,1,1.0,1.0,0.0,0.0,0.0,1.0
TMEM14C,1,1,1.0,1.0,1.0,0.0,0.0,0.0
TMEM151A,1,0,0.0,0.0,0.0,0.0,0.0,0.0
TMEM163,2,2,1.0,2.0,0.0,0.5,1.0,0.5
TMEM164,1,0,0.0,0.0,0.0,0.0,0.0,0.0
TMEM165,1,0,0.0,0.0,0.0,0.0,0.0,0.0
TMEM175,2,2,1.0,1.0,0.5,0.0,0.5,0.0
TMEM176A,2,1,0.5,0.5,0.5,0.0,0.0,0.0
TMEM176B,2,1,0.5,0.5,0.0,0.5,0.0,0.0
TMEM184A,1,0,0.0,0.0,0.0,0.0,0.0,0.0
TMEM202,2,0,0.0,0.0,0.0,0.0,0.0,0.0
TMEM204,1,0,0.0,0.0,0.0,0.0,0.0,0.0
TMEM207,1,1,1.0,2.0,1.0,1.0,0.0,0.0
TMEM240,1,0,0.0,0.0,0.0,0.0,0.0,0.0
TMEM244,1,1,1.0,2.0,1.0,0.0,1.0,0.0
TMEM25,1,1,1.0,1.0,1.0,0.0,0.0,0.0
TMEM260,2,2,1.0,1.0,0.5,0.0,0.0,0.5
TMEM270,3,1,0.3333333333333333,0.3333333333333333,0.3333333333333333,0.0,0.0,0.0
TMEM273,1,0,0.0,0.0,0.0,0.0,0.0,0.0
TMEM39A,1,1,1.0,2.0,1.0,0.0,1.0,0.0
TMEM43,4,2,0.5,0.75,0.0,0.25,0.5,0.0
TMEM44,1,0,0.0,0.0,0.0,0.0,0.0,0.0
TMEM45B,1,1,1.0,1.0,1.0,0.0,0.0,0.0
TMEM51,3,2,0.6666666666666666,2.0,0.6666666666666666,0.6666666666666666,0.6666666666666666,0.0
TMEM63A,3,0,0.0,0.0,0.0,0.0,0.0,0.0
TMEM65,1,1,1.0,2.0,0.0,1.0,1.0,0.0
TMEM67,14,3,0.21428571428571427,0.5714285714285714,0.21428571428571427,0.14285714285714285,0.14285714285714285,0.07142857142857142
TMEM70,1,0,0.0,0.0,0.0,0.0,0.0,0.0
TMEM74B,1,1,1.0,3.0,1.0,1.0,1.0,0.0
TMEM81,3,3,1.0,1.3333333333333333,0.6666666666666666,0.3333333333333333,0.3333333333333333,0.0
TMEM86B,1,1,1.0,1.0,1.0,0.0,0.0,0.0
TMEM88,1,0,0.0,0.0,0.0,0.0,0.0,0.0
TMEM89,1,1,1.0,1.0,1.0,0.0,0.0,0.0
TMEM92,3,0,0.0,0.0,0.0,0.0,0.0,0.0
TMEM98,1,1,1.0,4.0,1.0,1.0,1.0,1.0
TMF1,3,2,0.6666666666666666,1.6666666666666667,0.6666666666666666,0.3333333333333333,0.6666666666666666,0.0
TMLHE,1,0,0.0,0.0,0.0,0.0,0.0,0.0
TMOD4,1,1,1.0,2.0,1.0,0.0,1.0,0.0
TMPO,1,0,0.0,0.0,0.0,0.0,0.0,0.0
TMPRSS11B,2,0,0.0,0.0,0.0,0.0,0.0,0.0
TMPRSS11E,1,0,0.0,0.0,0.0,0.0,0.0,0.0
TMPRSS15,7,2,0.2857142857142857,0.2857142857142857,0.14285714285714285,0.0,0.14285714285714285,0.0
TMPRSS2,1,1,1.0,1.0,1.0,0.0,0.0,0.0
TMPRSS3,6,3,0.5,0.6666666666666666,0.16666666666666666,0.16666666666666666,0.3333333333333333,0.0
TMPRSS4,2,0,0.0,0.0,0.0,0.0,0.0,0.0
TMPRSS5,4,2,0.5,1.0,0.5,0.5,0.0,0.0
TMPRSS6,12,6,0.5,0.6666666666666666,0.16666666666666666,0.08333333333333333,0.3333333333333333,0.08333333333333333
TMTC2,1,1,1.0,1.0,0.0,0.0,1.0,0.0
TMX2,1,1,1.0,2.0,1.0,0.0,0.0,1.0
TMX4,1,0,0.0,0.0,0.0,0.0,0.0,0.0
TNC,5,2,0.4,1.4,0.4,0.4,0.4,0.2
TNFAIP3,1,0,0.0,0.0,0.0,0.0,0.0,0.0
TNFAIP8L3,1,0,0.0,0.0,0.0,0.0,0.0,0.0
TNFRSF10A,3,1,0.3333333333333333,0.3333333333333333,0.3333333333333333,0.0,0.0,0.0
TNFRSF10B,1,1,1.0,2.0,1.0,1.0,0.0,0.0
TNFRSF10C,1,0,0.0,0.0,0.0,0.0,0.0,0.0
TNFRSF10D,1,1,1.0,1.0,0.0,1.0,0.0,0.0
TNFRSF11A,3,1,0.3333333333333333,0.3333333333333333,0.0,0.0,0.0,0.3333333333333333
TNFRSF11B,2,0,0.0,0.0,0.0,0.0,0.0,0.0
TNFRSF13B,1,0,0.0,0.0,0.0,0.0,0.0,0.0
TNFRSF14,2,0,0.0,0.0,0.0,0.0,0.0,0.0
TNFRSF17,4,1,0.25,0.75,0.25,0.25,0.25,0.0
TNFRSF19,1,0,0.0,0.0,0.0,0.0,0.0,0.0
TNFRSF1A,4,1,0.25,0.5,0.25,0.25,0.0,0.0
TNFRSF1B,1,1,1.0,1.0,0.0,0.0,0.0,1.0
TNFRSF25,2,2,1.0,1.5,1.0,0.0,0.5,0.0
TNFRSF8,1,0,0.0,0.0,0.0,0.0,0.0,0.0
TNFRSF9,1,0,0.0,0.0,0.0,0.0,0.0,0.0
TNFSF13,3,1,0.3333333333333333,0.3333333333333333,0.3333333333333333,0.0,0.0,0.0
TNFSF9,1,1,1.0,1.0,0.0,1.0,0.0,0.0
TNIP1,3,1,0.3333333333333333,1.0,0.3333333333333333,0.3333333333333333,0.3333333333333333,0.0
TNIP2,3,2,0.6666666666666666,0.6666666666666666,0.0,0.6666666666666666,0.0,0.0
TNK2,3,1,0.3333333333333333,0.6666666666666666,0.3333333333333333,0.0,0.3333333333333333,0.0
TNKS1BP1,1,0,0.0,0.0,0.0,0.0,0.0,0.0
TNN,3,0,0.0,0.0,0.0,0.0,0.0,0.0
TNNC1,2,2,1.0,2.0,1.0,0.5,0.0,0.5
TNNI3,11,7,0.6363636363636364,1.4545454545454546,0.36363636363636365,0.6363636363636364,0.09090909090909091,0.36363636363636365
TNNI3K,2,2,1.0,2.5,0.5,0.5,1.0,0.5
TNNT2,9,5,0.5555555555555556,1.3333333333333333,0.3333333333333333,0.3333333333333333,0.3333333333333333,0.3333333333333333
TNNT3,1,0,0.0,0.0,0.0,0.0,0.0,0.0
TNPO3,1,1,1.0,2.0,1.0,0.0,0.0,1.0
TNR,3,1,0.3333333333333333,0.6666666666666666,0.3333333333333333,0.0,0.3333333333333333,0.0
TNRC18,2,1,0.5,0.5,0.5,0.0,0.0,0.0
TNRC6B,1,1,1.0,3.0,1.0,1.0,1.0,0.0
TNS1,5,1,0.2,0.2,0.0,0.0,0.2,0.0
TNS3,1,0,0.0,0.0,0.0,0.0,0.0,0.0
TNS4,2,2,1.0,1.5,1.0,0.0,0.5,0.0
TOE1,3,3,1.0,1.3333333333333333,0.0,0.3333333333333333,0.3333333333333333,0.6666666666666666
TOGARAM2,2,0,0.0,0.0,0.0,0.0,0.0,0.0
TOMM34,1,0,0.0,0.0,0.0,0.0,0.0,0.0
TOMM7,1,1,1.0,1.0,0.0,1.0,0.0,0.0
TONSL,5,2,0.4,0.4,0.0,0.0,0.0,0.4
TOP1MT,1,1,1.0,1.0,1.0,0.0,0.0,0.0
TOP2A,2,0,0.0,0.0,0.0,0.0,0.0,0.0
TOPAZ1,2,2,1.0,2.5,1.0,0.5,1.0,0.0
TOR1A,2,1,0.5,0.5,0.0,0.0,0.5,0.0
TOR3A,1,0,0.0,0.0,0.0,0.0,0.0,0.0
TOX3,3,2,0.6666666666666666,1.3333333333333333,0.6666666666666666,0.0,0.6666666666666666,0.0
TP53,41,8,0.1951219512195122,0.43902439024390244,0.12195121951219512,0.17073170731707318,0.12195121951219512,0.024390243902439025
TP53AIP1,1,0,0.0,0.0,0.0,0.0,0.0,0.0
TP53BP1,4,2,0.5,1.0,0.5,0.25,0.25,0.0
TP53INP1,1,1,1.0,1.0,0.0,0.0,1.0,0.0
TP53RK,3,0,0.0,0.0,0.0,0.0,0.0,0.0
TP53TG5,4,2,0.5,0.75,0.5,0.25,0.0,0.0
TP63,7,0,0.0,0.0,0.0,0.0,0.0,0.0
TPCN2,3,1,0.3333333333333333,0.3333333333333333,0.0,0.3333333333333333,0.0,0.0
TPGS2,1,1,1.0,2.0,1.0,0.0,1.0,0.0
TPH2,5,3,0.6,1.4,0.4,0.0,0.4,0.6
TPK1,1,0,0.0,0.0,0.0,0.0,0.0,0.0
TPM1,3,2,0.6666666666666666,0.6666666666666666,0.0,0.6666666666666666,0.0,0.0
TPM2,3,1,0.3333333333333333,0.3333333333333333,0.0,0.3333333333333333,0.0,0.0
TPM3,7,2,0.2857142857142857,0.2857142857142857,0.0,0.2857142857142857,0.0,0.0
TPMT,3,1,0.3333333333333333,1.3333333333333333,0.3333333333333333,0.3333333333333333,0.3333333333333333,0.3333333333333333
TPO,11,5,0.45454545454545453,1.3636363636363635,0.36363636363636365,0.36363636363636365,0.36363636363636365,0.2727272727272727
TPP1,8,4,0.5,1.375,0.5,0.375,0.125,0.375
TPPP2,1,1,1.0,3.0,1.0,1.0,1.0,0.0
TPR,1,1,1.0,1.0,0.0,0.0,1.0,0.0
TPRKB,1,0,0.0,0.0,0.0,0.0,0.0,0.0
TPSAB1,16,5,0.3125,0.5625,0.125,0.3125,0.0625,0.0625
TPSD1,2,0,0.0,0.0,0.0,0.0,0.0,0.0
TPTE2,1,0,0.0,0.0,0.0,0.0,0.0,0.0
TRABD2A,1,1,1.0,3.0,1.0,1.0,1.0,0.0
TRAF3IP1,3,0,0.0,0.0,0.0,0.0,0.0,0.0
TRAF3IP2,2,1,0.5,1.5,0.5,0.5,0.5,0.0
TRAF3IP3,1,1,1.0,2.0,1.0,0.0,1.0,0.0
TRAF4,1,1,1.0,2.0,0.0,1.0,1.0,0.0
TRAF5,1,1,1.0,2.0,1.0,0.0,1.0,0.0
TRAK2,1,1,1.0,1.0,1.0,0.0,0.0,0.0
TRAP1,3,2,0.6666666666666666,0.6666666666666666,0.3333333333333333,0.0,0.3333333333333333,0.0
TRAPPC10,1,0,0.0,0.0,0.0,0.0,0.0,0.0
TRAPPC8,3,1,0.3333333333333333,0.3333333333333333,0.0,0.0,0.3333333333333333,0.0
TRARG1,2,1,0.5,1.0,0.5,0.0,0.5,0.0
TRDN,2,1,0.5,1.0,0.5,0.0,0.5,0.0
TREM1,1,1,1.0,1.0,1.0,0.0,0.0,0.0
TREM2,7,5,0.7142857142857143,2.0,0.7142857142857143,0.5714285714285714,0.5714285714285714,0.14285714285714285
TREML2,2,2,1.0,1.0,1.0,0.0,0.0,0.0
TREML4,1,0,0.0,0.0,0.0,0.0,0.0,0.0
TRERF1,1,1,1.0,2.0,1.0,1.0,0.0,0.0
TRIB1,2,2,1.0,4.0,1.0,1.0,1.0,1.0
TRIB3,2,2,1.0,2.0,1.0,0.5,0.5,0.0
TRIM10,1,1,1.0,3.0,1.0,1.0,1.0,0.0
TRIM15,3,2,0.6666666666666666,1.3333333333333333,0.6666666666666666,0.3333333333333333,0.3333333333333333,0.0
TRIM16,3,0,0.0,0.0,0.0,0.0,0.0,0.0
TRIM22,4,4,1.0,1.0,1.0,0.0,0.0,0.0
TRIM24,1,0,0.0,0.0,0.0,0.0,0.0,0.0
TRIM3,1,1,1.0,2.0,1.0,0.0,1.0,0.0
TRIM31,4,2,0.5,1.5,0.5,0.5,0.5,0.0
TRIM32,3,2,0.6666666666666666,1.6666666666666667,0.6666666666666666,0.3333333333333333,0.3333333333333333,0.3333333333333333
TRIM33,1,1,1.0,2.0,1.0,0.0,1.0,0.0
TRIM34,1,0,0.0,0.0,0.0,0.0,0.0,0.0
TRIM36,1,0,0.0,0.0,0.0,0.0,0.0,0.0
TRIM38,1,1,1.0,2.0,0.0,1.0,1.0,0.0
TRIM42,1,0,0.0,0.0,0.0,0.0,0.0,0.0
TRIM44,2,2,1.0,2.0,1.0,0.0,1.0,0.0
TRIM49,1,0,0.0,0.0,0.0,0.0,0.0,0.0
TRIM5,1,0,0.0,0.0,0.0,0.0,0.0,0.0
TRIM55,2,1,0.5,0.5,0.0,0.0,0.5,0.0
TRIM6,1,0,0.0,0.0,0.0,0.0,0.0,0.0
TRIM65,1,0,0.0,0.0,0.0,0.0,0.0,0.0
TRIM68,1,0,0.0,0.0,0.0,0.0,0.0,0.0
TRIM69,3,1,0.3333333333333333,0.3333333333333333,0.3333333333333333,0.0,0.0,0.0
TRIM7,2,0,0.0,0.0,0.0,0.0,0.0,0.0
TRIO,4,2,0.5,0.5,0.0,0.0,0.5,0.0
TRIP11,8,5,0.625,0.75,0.25,0.125,0.125,0.25
TRIP12,1,0,0.0,0.0,0.0,0.0,0.0,0.0
TRIP13,1,1,1.0,4.0,1.0,1.0,1.0,1.0
TRMO,2,0,0.0,0.0,0.0,0.0,0.0,0.0
TRMT10B,1,1,1.0,1.0,0.0,0.0,1.0,0.0
TRMT10C,1,0,0.0,0.0,0.0,0.0,0.0,0.0
TRMT13,1,0,0.0,0.0,0.0,0.0,0.0,0.0
TRMT5,2,2,1.0,3.0,0.5,1.0,0.5,1.0
TRMT6,2,0,0.0,0.0,0.0,0.0,0.0,0.0
TRMT9B,3,0,0.0,0.0,0.0,0.0,0.0,0.0
TRMU,2,2,1.0,3.0,1.0,0.5,1.0,0.5
TRNT1,3,1,0.3333333333333333,1.0,0.3333333333333333,0.3333333333333333,0.0,0.3333333333333333
TRPA1,2,0,0.0,0.0,0.0,0.0,0.0,0.0
TRPC6,2,1,0.5,0.5,0.5,0.0,0.0,0.0
TRPM1,2,2,1.0,3.0,1.0,0.5,1.0,0.5
TRPM2,3,2,0.6666666666666666,1.3333333333333333,0.6666666666666666,0.3333333333333333,0.3333333333333333,0.0
TRPM3,1,1,1.0,3.0,1.0,1.0,1.0,0.0
TRPM4,4,4,1.0,1.5,0.25,0.25,0.25,0.75
TRPM5,1,0,0.0,0.0,0.0,0.0,0.0,0.0
TRPM6,2,2,1.0,2.0,1.0,0.5,0.5,0.0
TRPM8,1,1,1.0,2.0,1.0,0.0,1.0,0.0
TRPS1,1,1,1.0,1.0,1.0,0.0,0.0,0.0
TRPT1,2,1,0.5,0.5,0.5,0.0,0.0,0.0
TRPV1,3,0,0.0,0.0,0.0,0.0,0.0,0.0
TRPV2,1,0,0.0,0.0,0.0,0.0,0.0,0.0
TRPV3,3,0,0.0,0.0,0.0,0.0,0.0,0.0
TRPV4,17,9,0.5294117647058824,0.7647058823529411,0.29411764705882354,0.23529411764705882,0.11764705882352941,0.11764705882352941
TRUB2,1,0,0.0,0.0,0.0,0.0,0.0,0.0
TSBP1,4,4,1.0,1.5,0.75,0.75,0.0,0.0
TSC1,9,3,0.3333333333333333,0.7777777777777778,0.2222222222222222,0.2222222222222222,0.2222222222222222,0.1111111111111111
TSC2,39,21,0.5384615384615384,1.1794871794871795,0.2564102564102564,0.38461538461538464,0.28205128205128205,0.2564102564102564
TSEN15,2,1,0.5,1.0,0.5,0.0,0.5,0.0
TSEN2,1,0,0.0,0.0,0.0,0.0,0.0,0.0
TSEN34,2,1,0.5,1.0,0.5,0.0,0.0,0.5
TSEN54,2,1,0.5,1.0,0.0,0.5,0.5,0.0
TSFM,1,1,1.0,3.0,1.0,1.0,0.0,1.0
TSG101,1,1,1.0,1.0,0.0,0.0,1.0,0.0
TSHB,1,0,0.0,0.0,0.0,0.0,0.0,0.0
TSHZ1,2,0,0.0,0.0,0.0,0.0,0.0,0.0
TSHZ2,1,0,0.0,0.0,0.0,0.0,0.0,0.0
TSKU,1,0,0.0,0.0,0.0,0.0,0.0,0.0
TSNARE1,1,0,0.0,0.0,0.0,0.0,0.0,0.0
TSPAN12,3,1,0.3333333333333333,0.3333333333333333,0.0,0.0,0.0,0.3333333333333333
TSPAN16,1,1,1.0,1.0,0.0,1.0,0.0,0.0
TSPAN17,1,1,1.0,1.0,0.0,0.0,1.0,0.0
TSPO,1,0,0.0,0.0,0.0,0.0,0.0,0.0
TSPOAP1,3,1,0.3333333333333333,1.3333333333333333,0.3333333333333333,0.3333333333333333,0.3333333333333333,0.3333333333333333
TSPYL4,1,0,0.0,0.0,0.0,0.0,0.0,0.0
TSPYL5,1,0,0.0,0.0,0.0,0.0,0.0,0.0
TSSC4,1,0,0.0,0.0,0.0,0.0,0.0,0.0
TSSK1B,2,1,0.5,1.0,0.5,0.5,0.0,0.0
TSSK3,2,2,1.0,3.0,1.0,1.0,1.0,0.0
TSSK4,1,1,1.0,1.0,1.0,0.0,0.0,0.0
TST,1,1,1.0,1.0,1.0,0.0,0.0,0.0
TSTD2,1,0,0.0,0.0,0.0,0.0,0.0,0.0
TTBK1,3,3,1.0,1.0,1.0,0.0,0.0,0.0
TTBK2,2,1,0.5,1.0,0.5,0.0,0.5,0.0
TTC12,1,0,0.0,0.0,0.0,0.0,0.0,0.0
TTC16,1,1,1.0,1.0,1.0,0.0,0.0,0.0
TTC17,1,1,1.0,1.0,0.0,0.0,1.0,0.0
TTC21A,3,2,0.6666666666666666,1.6666666666666667,0.6666666666666666,0.3333333333333333,0.6666666666666666,0.0
TTC21B,8,6,0.75,2.375,0.625,0.625,0.75,0.375
TTC23L,4,1,0.25,0.25,0.0,0.25,0.0,0.0
TTC27,3,3,1.0,2.6666666666666665,1.0,0.6666666666666666,1.0,0.0
TTC3,4,2,0.5,1.5,0.5,0.5,0.5,0.0
TTC36,1,1,1.0,3.0,1.0,1.0,1.0,0.0
TTC6,1,0,0.0,0.0,0.0,0.0,0.0,0.0
TTC7A,5,2,0.4,1.0,0.2,0.2,0.2,0.4
TTC9,1,0,0.0,0.0,0.0,0.0,0.0,0.0
TTC9B,1,1,1.0,1.0,0.0,0.0,1.0,0.0
TTF1,1,0,0.0,0.0,0.0,0.0,0.0,0.0
TTF2,3,1,0.3333333333333333,1.3333333333333333,0.3333333333333333,0.3333333333333333,0.3333333333333333,0.3333333333333333
TTI1,1,1,1.0,4.0,1.0,1.0,1.0,1.0
TTI2,1,1,1.0,2.0,0.0,1.0,0.0,1.0
TTLL10,1,0,0.0,0.0,0.0,0.0,0.0,0.0
TTLL12,3,1,0.3333333333333333,0.6666666666666666,0.3333333333333333,0.3333333333333333,0.0,0.0
TTLL2,3,1,0.3333333333333333,0.6666666666666666,0.3333333333333333,0.3333333333333333,0.0,0.0
TTLL3,1,0,0.0,0.0,0.0,0.0,0.0,0.0
TTLL4,4,3,0.75,1.75,0.75,0.5,0.5,0.0
TTLL5,1,0,0.0,0.0,0.0,0.0,0.0,0.0
TTN,74,52,0.7027027027027027,1.6486486486486487,0.43243243243243246,0.5,0.5540540540540541,0.16216216216216217
TTPA,1,0,0.0,0.0,0.0,0.0,0.0,0.0
TTR,24,13,0.5416666666666666,1.375,0.4583333333333333,0.3333333333333333,0.3333333333333333,0.25
TTYH2,1,0,0.0,0.0,0.0,0.0,0.0,0.0
TUBA1A,6,4,0.6666666666666666,0.6666666666666666,0.0,0.6666666666666666,0.0,0.0
TUBA8,1,1,1.0,4.0,1.0,1.0,1.0,1.0
TUBB3,3,0,0.0,0.0,0.0,0.0,0.0,0.0
TUBG1,2,0,0.0,0.0,0.0,0.0,0.0,0.0
TUBG2,1,0,0.0,0.0,0.0,0.0,0.0,0.0
TUBGCP2,1,0,0.0,0.0,0.0,0.0,0.0,0.0
TUBGCP6,3,0,0.0,0.0,0.0,0.0,0.0,0.0
TULP1,6,3,0.5,1.5,0.3333333333333333,0.5,0.16666666666666666,0.5
TULP2,2,0,0.0,0.0,0.0,0.0,0.0,0.0
TULP4,1,0,0.0,0.0,0.0,0.0,0.0,0.0
TUT4,2,1,0.5,0.5,0.5,0.0,0.0,0.0
TVP23B,1,1,1.0,1.0,0.0,0.0,1.0,0.0
TWIST1,4,0,0.0,0.0,0.0,0.0,0.0,0.0
TWNK,15,8,0.5333333333333333,1.3333333333333333,0.4666666666666667,0.26666666666666666,0.26666666666666666,0.3333333333333333
TXK,1,0,0.0,0.0,0.0,0.0,0.0,0.0
TXLNB,1,0,0.0,0.0,0.0,0.0,0.0,0.0
TXLNG,1,0,0.0,0.0,0.0,0.0,0.0,0.0
TXNDC11,1,0,0.0,0.0,0.0,0.0,0.0,0.0
TXNDC16,1,0,0.0,0.0,0.0,0.0,0.0,0.0
TXNDC2,2,1,0.5,0.5,0.5,0.0,0.0,0.0
TXNDC8,1,1,1.0,2.0,1.0,1.0,0.0,0.0
TXNRD2,3,0,0.0,0.0,0.0,0.0,0.0,0.0
TYK2,3,2,0.6666666666666666,2.3333333333333335,0.6666666666666666,0.6666666666666666,0.6666666666666666,0.3333333333333333
TYMP,1,1,1.0,2.0,0.0,1.0,1.0,0.0
TYR,24,14,0.5833333333333334,1.125,0.375,0.3333333333333333,0.25,0.16666666666666666
TYRP1,2,1,0.5,0.5,0.5,0.0,0.0,0.0
U2AF1,5,1,0.2,0.4,0.0,0.2,0.0,0.2
U2AF2,1,1,1.0,1.0,0.0,0.0,0.0,1.0
UAP1,1,1,1.0,4.0,1.0,1.0,1.0,1.0
UAP1L1,1,0,0.0,0.0,0.0,0.0,0.0,0.0
UBA1,2,1,0.5,1.0,0.0,0.5,0.0,0.5
UBA2,2,1,0.5,0.5,0.0,0.0,0.5,0.0
UBA5,1,1,1.0,2.0,0.0,1.0,0.0,1.0
UBAP1,1,0,0.0,0.0,0.0,0.0,0.0,0.0
UBAP2,2,1,0.5,0.5,0.0,0.0,0.5,0.0
UBASH3A,2,2,1.0,1.5,0.0,0.5,1.0,0.0
UBASH3B,1,1,1.0,2.0,0.0,1.0,1.0,0.0
UBD,2,1,0.5,0.5,0.5,0.0,0.0,0.0
UBE2J1,1,0,0.0,0.0,0.0,0.0,0.0,0.0
UBE2U,1,1,1.0,3.0,1.0,1.0,1.0,0.0
UBE2V2,1,1,1.0,4.0,1.0,1.0,1.0,1.0
UBE3A,4,4,1.0,2.25,0.5,0.5,1.0,0.25
UBE3B,1,0,0.0,0.0,0.0,0.0,0.0,0.0
UBE4B,1,1,1.0,1.0,0.0,0.0,1.0,0.0
UBIAD1,3,0,0.0,0.0,0.0,0.0,0.0,0.0
UBN1,1,0,0.0,0.0,0.0,0.0,0.0,0.0
UBQLN2,3,2,0.6666666666666666,2.0,0.6666666666666666,0.6666666666666666,0.0,0.6666666666666666
UBQLN4,1,1,1.0,2.0,1.0,0.0,0.0,1.0
UBQLNL,2,1,0.5,0.5,0.5,0.0,0.0,0.0
UBR1,3,0,0.0,0.0,0.0,0.0,0.0,0.0
UBR2,1,0,0.0,0.0,0.0,0.0,0.0,0.0
UBTD2,1,1,1.0,1.0,0.0,0.0,1.0,0.0
UBXN11,1,1,1.0,2.0,1.0,0.0,1.0,0.0
UBXN4,1,1,1.0,2.0,1.0,0.0,1.0,0.0
UBXN6,2,0,0.0,0.0,0.0,0.0,0.0,0.0
UCP2,2,1,0.5,2.0,0.5,0.5,0.5,0.5
UCP3,1,0,0.0,0.0,0.0,0.0,0.0,0.0
UFC1,1,0,0.0,0.0,0.0,0.0,0.0,0.0
UFD1,1,1,1.0,1.0,0.0,0.0,1.0,0.0
UFSP2,1,0,0.0,0.0,0.0,0.0,0.0,0.0
UGT1A1,13,5,0.38461538461538464,0.7692307692307693,0.07692307692307693,0.23076923076923078,0.07692307692307693,0.38461538461538464
UGT1A10,2,1,0.5,1.0,0.5,0.0,0.5,0.0
UGT1A3,4,4,1.0,1.5,1.0,0.0,0.5,0.0
UGT1A4,1,0,0.0,0.0,0.0,0.0,0.0,0.0
UGT1A5,4,3,0.75,0.75,0.75,0.0,0.0,0.0
UGT1A7,1,0,0.0,0.0,0.0,0.0,0.0,0.0
UGT1A8,1,0,0.0,0.0,0.0,0.0,0.0,0.0
UGT2A1,1,0,0.0,0.0,0.0,0.0,0.0,0.0
UGT2B28,2,0,0.0,0.0,0.0,0.0,0.0,0.0
UGT2B4,3,2,0.6666666666666666,1.0,0.6666666666666666,0.0,0.3333333333333333,0.0
UGT2B7,1,0,0.0,0.0,0.0,0.0,0.0,0.0
UGT3A1,1,1,1.0,3.0,1.0,1.0,1.0,0.0
UGT3A2,1,1,1.0,2.0,1.0,1.0,0.0,0.0
UGT8,1,1,1.0,2.0,1.0,0.0,1.0,0.0
UIMC1,2,0,0.0,0.0,0.0,0.0,0.0,0.0
ULK1,3,2,0.6666666666666666,1.0,0.3333333333333333,0.3333333333333333,0.3333333333333333,0.0
ULK2,3,1,0.3333333333333333,0.3333333333333333,0.0,0.0,0.3333333333333333,0.0
ULK3,2,2,1.0,1.0,0.0,0.0,1.0,0.0
ULK4,4,2,0.5,1.0,0.25,0.25,0.5,0.0
UMOD,5,0,0.0,0.0,0.0,0.0,0.0,0.0
UMODL1,5,2,0.4,0.8,0.4,0.2,0.2,0.0
UMPS,2,1,0.5,1.5,0.5,0.0,0.5,0.5
UNC13B,1,0,0.0,0.0,0.0,0.0,0.0,0.0
UNC13C,2,1,0.5,2.0,0.5,0.5,0.5,0.5
UNC13D,2,2,1.0,2.0,1.0,0.5,0.0,0.5
UNC45B,2,2,1.0,2.0,0.5,0.5,1.0,0.0
UNC5B,2,0,0.0,0.0,0.0,0.0,0.0,0.0
UNC5CL,1,0,0.0,0.0,0.0,0.0,0.0,0.0
UNC80,2,2,1.0,1.0,0.0,0.0,0.5,0.5
UNC93A,4,2,0.5,1.0,0.5,0.0,0.5,0.0
UNG,1,0,0.0,0.0,0.0,0.0,0.0,0.0
UPB1,1,0,0.0,0.0,0.0,0.0,0.0,0.0
UPK1A,1,1,1.0,1.0,0.0,0.0,1.0,0.0
UPK3A,1,0,0.0,0.0,0.0,0.0,0.0,0.0
UPK3B,2,1,0.5,0.5,0.5,0.0,0.0,0.0
UQCC3,1,0,0.0,0.0,0.0,0.0,0.0,0.0
UQCRC1,1,1,1.0,2.0,1.0,0.0,0.0,1.0
UQCRC2,1,1,1.0,2.0,1.0,0.0,1.0,0.0
URAD,1,0,0.0,0.0,0.0,0.0,0.0,0.0
URB1,1,0,0.0,0.0,0.0,0.0,0.0,0.0
UROC1,1,1,1.0,3.0,1.0,1.0,1.0,0.0
UROD,13,4,0.3076923076923077,0.38461538461538464,0.15384615384615385,0.07692307692307693,0.07692307692307693,0.07692307692307693
USB1,1,0,0.0,0.0,0.0,0.0,0.0,0.0
USH2A,35,17,0.4857142857142857,0.9714285714285714,0.3142857142857143,0.2571428571428571,0.2,0.2
USHBP1,1,0,0.0,0.0,0.0,0.0,0.0,0.0
USP10,1,0,0.0,0.0,0.0,0.0,0.0,0.0
USP16,1,1,1.0,2.0,0.0,1.0,1.0,0.0
USP17L2,1,0,0.0,0.0,0.0,0.0,0.0,0.0
USP20,1,0,0.0,0.0,0.0,0.0,0.0,0.0
USP21,1,1,1.0,2.0,0.0,1.0,1.0,0.0
USP26,2,1,0.5,1.0,0.5,0.5,0.0,0.0
USP29,1,1,1.0,1.0,0.0,1.0,0.0,0.0
USP31,3,2,0.6666666666666666,1.3333333333333333,0.3333333333333333,0.3333333333333333,0.6666666666666666,0.0
USP32,2,2,1.0,1.5,0.0,0.5,1.0,0.0
USP36,5,2,0.4,0.4,0.4,0.0,0.0,0.0
USP40,1,0,0.0,0.0,0.0,0.0,0.0,0.0
USP44,1,0,0.0,0.0,0.0,0.0,0.0,0.0
USP45,2,0,0.0,0.0,0.0,0.0,0.0,0.0
USP8,1,1,1.0,3.0,1.0,1.0,1.0,0.0
USPL1,4,2,0.5,0.5,0.25,0.25,0.0,0.0
UTP14A,1,0,0.0,0.0,0.0,0.0,0.0,0.0
UTP14C,2,0,0.0,0.0,0.0,0.0,0.0,0.0
UTP20,2,1,0.5,0.5,0.0,0.0,0.5,0.0
UTP23,1,0,0.0,0.0,0.0,0.0,0.0,0.0
UTP4,1,0,0.0,0.0,0.0,0.0,0.0,0.0
UTP6,3,2,0.6666666666666666,2.0,0.6666666666666666,0.6666666666666666,0.6666666666666666,0.0
UTS2B,1,0,0.0,0.0,0.0,0.0,0.0,0.0
UVSSA,2,0,0.0,0.0,0.0,0.0,0.0,0.0
VAC14,2,1,0.5,0.5,0.0,0.0,0.0,0.5
VANGL2,1,0,0.0,0.0,0.0,0.0,0.0,0.0
VAPA,2,2,1.0,1.5,0.5,0.0,1.0,0.0
VAPB,1,0,0.0,0.0,0.0,0.0,0.0,0.0
VARS1,2,2,1.0,1.5,0.0,0.5,1.0,0.0
VARS2,5,2,0.4,1.2,0.4,0.4,0.2,0.2
VASP,1,1,1.0,2.0,1.0,1.0,0.0,0.0
VAV2,1,0,0.0,0.0,0.0,0.0,0.0,0.0
VAV3,1,1,1.0,3.0,1.0,1.0,1.0,0.0
VCAM1,2,1,0.5,0.5,0.5,0.0,0.0,0.0
VCAN,4,3,0.75,1.0,0.75,0.25,0.0,0.0
VCF2,1,1,1.0,1.0,1.0,0.0,0.0,0.0
VCL,1,1,1.0,1.0,0.0,0.0,0.0,1.0
VCP,7,2,0.2857142857142857,0.5714285714285714,0.14285714285714285,0.2857142857142857,0.0,0.14285714285714285
VCPKMT,1,0,0.0,0.0,0.0,0.0,0.0,0.0
VCX,2,1,0.5,0.5,0.5,0.0,0.0,0.0
VCX2,4,3,0.75,0.75,0.5,0.25,0.0,0.0
VDR,4,1,0.25,0.25,0.0,0.25,0.0,0.0
VENTX,6,2,0.3333333333333333,0.6666666666666666,0.16666666666666666,0.3333333333333333,0.16666666666666666,0.0
VEPH1,1,0,0.0,0.0,0.0,0.0,0.0,0.0
VEZT,4,2,0.5,1.0,0.5,0.0,0.5,0.0
VHL,57,12,0.21052631578947367,0.43859649122807015,0.14035087719298245,0.17543859649122806,0.05263157894736842,0.07017543859649122
VIL1,1,0,0.0,0.0,0.0,0.0,0.0,0.0
VILL,1,0,0.0,0.0,0.0,0.0,0.0,0.0
VIPR1,3,3,1.0,2.6666666666666665,1.0,0.6666666666666666,1.0,0.0
VIT,1,1,1.0,3.0,0.0,1.0,1.0,1.0
VKORC1,2,1,0.5,1.0,0.5,0.0,0.5,0.0
VLDLR,3,2,0.6666666666666666,1.3333333333333333,0.3333333333333333,0.3333333333333333,0.6666666666666666,0.0
VMA12,3,3,1.0,2.0,0.0,0.6666666666666666,1.0,0.3333333333333333
VMA22,2,0,0.0,0.0,0.0,0.0,0.0,0.0
VN1R1,1,0,0.0,0.0,0.0,0.0,0.0,0.0
VNN1,1,0,0.0,0.0,0.0,0.0,0.0,0.0
VNN2,1,0,0.0,0.0,0.0,0.0,0.0,0.0
VPREB1,1,0,0.0,0.0,0.0,0.0,0.0,0.0
VPS13A,5,4,0.8,1.2,0.6,0.0,0.6,0.0
VPS13B,3,0,0.0,0.0,0.0,0.0,0.0,0.0
VPS13C,4,2,0.5,1.0,0.25,0.25,0.25,0.25
VPS16,1,1,1.0,3.0,1.0,1.0,1.0,0.0
VPS33B,2,1,0.5,2.0,0.5,0.5,0.5,0.5
VPS35,5,5,1.0,1.0,0.0,0.2,0.8,0.0
VPS37C,1,0,0.0,0.0,0.0,0.0,0.0,0.0
VPS45,1,0,0.0,0.0,0.0,0.0,0.0,0.0
VPS54,1,1,1.0,3.0,1.0,1.0,1.0,0.0
VPS8,2,1,0.5,0.5,0.5,0.0,0.0,0.0
VRK1,3,3,1.0,1.6666666666666667,0.3333333333333333,0.3333333333333333,0.0,1.0
VRK2,1,1,1.0,1.0,0.0,0.0,1.0,0.0
VRK3,4,1,0.25,0.5,0.0,0.25,0.25,0.0
VSIG1,1,0,0.0,0.0,0.0,0.0,0.0,0.0
VSIG10,1,1,1.0,3.0,1.0,1.0,1.0,0.0
VSIG10L,2,0,0.0,0.0,0.0,0.0,0.0,0.0
VSNL1,1,1,1.0,1.0,0.0,0.0,1.0,0.0
VSTM1,1,1,1.0,1.0,1.0,0.0,0.0,0.0
VSTM4,1,0,0.0,0.0,0.0,0.0,0.0,0.0
VSX1,1,1,1.0,1.0,1.0,0.0,0.0,0.0
VWA2,1,0,0.0,0.0,0.0,0.0,0.0,0.0
VWA3A,3,1,0.3333333333333333,0.3333333333333333,0.3333333333333333,0.0,0.0,0.0
VWA3B,1,1,1.0,4.0,1.0,1.0,1.0,1.0
VWA5A,4,1,0.25,0.75,0.25,0.25,0.25,0.0
VWA7,4,1,0.25,0.75,0.25,0.25,0.25,0.0
VWA8,1,1,1.0,4.0,1.0,1.0,1.0,1.0
VWDE,1,0,0.0,0.0,0.0,0.0,0.0,0.0
VWF,17,7,0.4117647058823529,0.8235294117647058,0.23529411764705882,0.23529411764705882,0.17647058823529413,0.17647058823529413
WAC,1,0,0.0,0.0,0.0,0.0,0.0,0.0
WARS2,4,3,0.75,2.75,0.75,0.75,0.75,0.5
WAS,5,0,0.0,0.0,0.0,0.0,0.0,0.0
WASF3,1,1,1.0,2.0,1.0,0.0,1.0,0.0
WASHC4,1,0,0.0,0.0,0.0,0.0,0.0,0.0
WASHC5,2,1,0.5,0.5,0.0,0.5,0.0,0.0
WBP1L,1,0,0.0,0.0,0.0,0.0,0.0,0.0
WBP2NL,3,2,0.6666666666666666,1.3333333333333333,0.3333333333333333,0.3333333333333333,0.6666666666666666,0.0
WDFY3,1,0,0.0,0.0,0.0,0.0,0.0,0.0
WDFY4,1,0,0.0,0.0,0.0,0.0,0.0,0.0
WDR11,3,3,1.0,2.6666666666666665,0.6666666666666666,1.0,0.3333333333333333,0.6666666666666666
WDR19,3,2,0.6666666666666666,0.6666666666666666,0.3333333333333333,0.3333333333333333,0.0,0.0
WDR25,2,0,0.0,0.0,0.0,0.0,0.0,0.0
WDR27,2,0,0.0,0.0,0.0,0.0,0.0,0.0
WDR31,1,0,0.0,0.0,0.0,0.0,0.0,0.0
WDR35,3,2,0.6666666666666666,0.6666666666666666,0.0,0.0,0.6666666666666666,0.0
WDR38,3,1,0.3333333333333333,0.3333333333333333,0.3333333333333333,0.0,0.0,0.0
WDR4,2,1,0.5,0.5,0.0,0.0,0.5,0.0
WDR41,1,1,1.0,2.0,0.0,1.0,1.0,0.0
WDR44,1,0,0.0,0.0,0.0,0.0,0.0,0.0
WDR46,1,0,0.0,0.0,0.0,0.0,0.0,0.0
WDR59,1,1,1.0,3.0,0.0,1.0,1.0,1.0
WDR62,4,1,0.25,0.25,0.0,0.0,0.25,0.0
WDR64,1,1,1.0,3.0,1.0,1.0,1.0,0.0
WDR72,2,1,0.5,2.0,0.5,0.5,0.5,0.5
WDR73,1,0,0.0,0.0,0.0,0.0,0.0,0.0
WDR77,1,1,1.0,3.0,1.0,1.0,1.0,0.0
WDR83,2,1,0.5,0.5,0.0,0.0,0.5,0.0
WDR87,3,2,0.6666666666666666,0.6666666666666666,0.3333333333333333,0.3333333333333333,0.0,0.0
WDR88,2,0,0.0,0.0,0.0,0.0,0.0,0.0
WDR90,4,1,0.25,0.25,0.0,0.0,0.25,0.0
WDSUB1,3,2,0.6666666666666666,1.3333333333333333,0.3333333333333333,0.3333333333333333,0.6666666666666666,0.0
WEE1,1,0,0.0,0.0,0.0,0.0,0.0,0.0
WEE2,2,0,0.0,0.0,0.0,0.0,0.0,0.0
WFDC1,2,1,0.5,0.5,0.5,0.0,0.0,0.0
WFIKKN2,1,1,1.0,3.0,1.0,1.0,1.0,0.0
WFS1,14,9,0.6428571428571429,1.2857142857142858,0.5,0.21428571428571427,0.2857142857142857,0.2857142857142857
WHRN,3,1,0.3333333333333333,0.6666666666666666,0.0,0.3333333333333333,0.3333333333333333,0.0
WIPF1,1,1,1.0,1.0,1.0,0.0,0.0,0.0
WIPF3,1,1,1.0,2.0,1.0,0.0,1.0,0.0
WIPI1,1,0,0.0,0.0,0.0,0.0,0.0,0.0
WIPI2,1,0,0.0,0.0,0.0,0.0,0.0,0.0
WNK1,4,1,0.25,1.0,0.25,0.25,0.25,0.25
WNK2,1,1,1.0,1.0,1.0,0.0,0.0,0.0
WNK3,1,0,0.0,0.0,0.0,0.0,0.0,0.0
WNK4,3,1,0.3333333333333333,0.3333333333333333,0.3333333333333333,0.0,0.0,0.0
WNT1,1,0,0.0,0.0,0.0,0.0,0.0,0.0
WNT10A,2,0,0.0,0.0,0.0,0.0,0.0,0.0
WNT10B,3,3,1.0,2.6666666666666665,1.0,0.3333333333333333,0.6666666666666666,0.6666666666666666
WNT16,2,0,0.0,0.0,0.0,0.0,0.0,0.0
WNT4,1,0,0.0,0.0,0.0,0.0,0.0,0.0
WNT5A,1,0,0.0,0.0,0.0,0.0,0.0,0.0
WNT8B,1,0,0.0,0.0,0.0,0.0,0.0,0.0
WNT9B,1,0,0.0,0.0,0.0,0.0,0.0,0.0
WRAP53,5,2,0.4,1.2,0.2,0.4,0.4,0.2
WRN,4,3,0.75,1.75,0.75,0.5,0.5,0.0
WT1,2,2,1.0,2.5,1.0,0.5,0.5,0.5
WWC2,1,1,1.0,2.0,1.0,0.0,1.0,0.0
WWOX,5,2,0.4,0.8,0.0,0.2,0.4,0.2
XAF1,5,3,0.6,0.8,0.4,0.4,0.0,0.0
XCL2,1,0,0.0,0.0,0.0,0.0,0.0,0.0
XDH,11,5,0.45454545454545453,0.9090909090909091,0.36363636363636365,0.09090909090909091,0.36363636363636365,0.09090909090909091
XG,2,1,0.5,0.5,0.5,0.0,0.0,0.0
XIAP,1,1,1.0,2.0,1.0,0.0,1.0,0.0
XIRP1,1,0,0.0,0.0,0.0,0.0,0.0,0.0
XIRP2,3,2,0.6666666666666666,1.3333333333333333,0.6666666666666666,0.3333333333333333,0.3333333333333333,0.0
XK,2,0,0.0,0.0,0.0,0.0,0.0,0.0
XKR3,1,0,0.0,0.0,0.0,0.0,0.0,0.0
XPA,4,1,0.25,0.25,0.0,0.0,0.25,0.0
XPC,5,4,0.8,1.8,0.6,0.4,0.6,0.2
XPNPEP3,1,0,0.0,0.0,0.0,0.0,0.0,0.0
XPO4,2,2,1.0,2.0,1.0,0.0,1.0,0.0
XPO5,1,0,0.0,0.0,0.0,0.0,0.0,0.0
XPR1,1,1,1.0,1.0,0.0,0.0,0.0,1.0
XRCC1,6,4,0.6666666666666666,1.3333333333333333,0.6666666666666666,0.3333333333333333,0.3333333333333333,0.0
XRCC2,4,3,0.75,1.25,0.75,0.25,0.25,0.0
XRCC3,2,0,0.0,0.0,0.0,0.0,0.0,0.0
XRCC4,3,1,0.3333333333333333,0.3333333333333333,0.0,0.0,0.3333333333333333,0.0
XRRA1,1,0,0.0,0.0,0.0,0.0,0.0,0.0
XYLB,1,0,0.0,0.0,0.0,0.0,0.0,0.0
XYLT1,2,2,1.0,2.5,1.0,1.0,0.5,0.0
XYLT2,2,0,0.0,0.0,0.0,0.0,0.0,0.0
YAE1,1,0,0.0,0.0,0.0,0.0,0.0,0.0
YAP1,1,1,1.0,3.0,1.0,1.0,1.0,0.0
YARS2,1,0,0.0,0.0,0.0,0.0,0.0,0.0
YDJC,1,1,1.0,1.0,0.0,0.0,1.0,0.0
YEATS2,4,3,0.75,1.0,0.75,0.0,0.25,0.0
YIF1B,1,0,0.0,0.0,0.0,0.0,0.0,0.0
YIPF6,1,1,1.0,4.0,1.0,1.0,1.0,1.0
YJEFN3,1,1,1.0,3.0,1.0,1.0,1.0,0.0
YTHDC1,1,0,0.0,0.0,0.0,0.0,0.0,0.0
YTHDF2,2,1,0.5,1.5,0.5,0.5,0.5,0.0
YWHAG,1,0,0.0,0.0,0.0,0.0,0.0,0.0
YY1AP1,1,0,0.0,0.0,0.0,0.0,0.0,0.0
ZAP70,3,3,1.0,2.0,0.0,0.6666666666666666,0.6666666666666666,0.6666666666666666
ZBED5,1,0,0.0,0.0,0.0,0.0,0.0,0.0
ZBP1,3,2,0.6666666666666666,1.3333333333333333,0.6666666666666666,0.6666666666666666,0.0,0.0
ZBTB10,1,0,0.0,0.0,0.0,0.0,0.0,0.0
ZBTB11,1,0,0.0,0.0,0.0,0.0,0.0,0.0
ZBTB16,1,1,1.0,1.0,0.0,0.0,0.0,1.0
ZBTB20,2,2,1.0,1.0,0.0,0.0,0.0,1.0
ZBTB21,1,0,0.0,0.0,0.0,0.0,0.0,0.0
ZBTB22,1,0,0.0,0.0,0.0,0.0,0.0,0.0
ZBTB38,1,0,0.0,0.0,0.0,0.0,0.0,0.0
ZBTB39,1,1,1.0,1.0,0.0,0.0,1.0,0.0
ZBTB48,1,0,0.0,0.0,0.0,0.0,0.0,0.0
ZBTB49,1,0,0.0,0.0,0.0,0.0,0.0,0.0
ZBTB5,1,1,1.0,2.0,1.0,0.0,1.0,0.0
ZC3H11A,1,0,0.0,0.0,0.0,0.0,0.0,0.0
ZC3H12A,1,0,0.0,0.0,0.0,0.0,0.0,0.0
ZC3H12D,1,0,0.0,0.0,0.0,0.0,0.0,0.0
ZC3H15,2,2,1.0,2.5,1.0,0.5,1.0,0.0
ZC3H3,2,1,0.5,2.0,0.5,0.5,0.5,0.5
ZC3H4,1,1,1.0,2.0,0.0,1.0,1.0,0.0
ZC3HAV1,1,0,0.0,0.0,0.0,0.0,0.0,0.0
ZC4H2,1,1,1.0,1.0,0.0,0.0,0.0,1.0
ZCCHC12,3,3,1.0,1.6666666666666667,1.0,0.3333333333333333,0.3333333333333333,0.0
ZCCHC14,1,0,0.0,0.0,0.0,0.0,0.0,0.0
ZCCHC2,1,0,0.0,0.0,0.0,0.0,0.0,0.0
ZCCHC4,1,0,0.0,0.0,0.0,0.0,0.0,0.0
ZCRB1,1,1,1.0,3.0,1.0,1.0,1.0,0.0
ZCWPW1,1,1,1.0,1.0,0.0,0.0,1.0,0.0
ZCWPW2,1,0,0.0,0.0,0.0,0.0,0.0,0.0
ZDHHC11,1,1,1.0,1.0,0.0,1.0,0.0,0.0
ZDHHC12,1,0,0.0,0.0,0.0,0.0,0.0,0.0
ZDHHC13,1,1,1.0,2.0,0.0,1.0,1.0,0.0
ZDHHC4,1,0,0.0,0.0,0.0,0.0,0.0,0.0
ZDHHC6,1,1,1.0,3.0,1.0,1.0,1.0,0.0
ZDHHC9,1,0,0.0,0.0,0.0,0.0,0.0,0.0
ZEB1,3,3,1.0,4.0,1.0,1.0,1.0,1.0
ZFAND2A,1,1,1.0,1.0,1.0,0.0,0.0,0.0
ZFAND4,1,0,0.0,0.0,0.0,0.0,0.0,0.0
ZFAT,1,0,0.0,0.0,0.0,0.0,0.0,0.0
ZFC3H1,1,0,0.0,0.0,0.0,0.0,0.0,0.0
ZFHX3,4,2,0.5,1.0,0.25,0.25,0.5,0.0
ZFP2,1,0,0.0,0.0,0.0,0.0,0.0,0.0
ZFP28,1,0,0.0,0.0,0.0,0.0,0.0,0.0
ZFP62,2,0,0.0,0.0,0.0,0.0,0.0,0.0
ZFP64,2,2,1.0,1.0,0.0,0.0,1.0,0.0
ZFPM2,2,2,1.0,1.5,0.5,0.5,0.0,0.5
ZFR,2,0,0.0,0.0,0.0,0.0,0.0,0.0
ZFR2,3,1,0.3333333333333333,0.3333333333333333,0.3333333333333333,0.0,0.0,0.0
ZFYVE16,2,0,0.0,0.0,0.0,0.0,0.0,0.0
ZFYVE19,2,0,0.0,0.0,0.0,0.0,0.0,0.0
ZFYVE26,3,2,0.6666666666666666,0.6666666666666666,0.3333333333333333,0.3333333333333333,0.0,0.0
ZFYVE27,1,1,1.0,2.0,1.0,0.0,1.0,0.0
ZFYVE28,2,0,0.0,0.0,0.0,0.0,0.0,0.0
ZGRF1,1,0,0.0,0.0,0.0,0.0,0.0,0.0
ZIC1,1,1,1.0,1.0,0.0,0.0,1.0,0.0
ZIC2,2,1,0.5,1.0,0.0,0.5,0.0,0.5
ZIC3,4,2,0.5,1.0,0.0,0.5,0.0,0.5
ZIM2,1,0,0.0,0.0,0.0,0.0,0.0,0.0
ZIM3,2,0,0.0,0.0,0.0,0.0,0.0,0.0
ZKSCAN3,4,0,0.0,0.0,0.0,0.0,0.0,0.0
ZKSCAN7,2,0,0.0,0.0,0.0,0.0,0.0,0.0
ZMIZ1,1,1,1.0,1.0,0.0,0.0,0.0,1.0
ZMPSTE24,2,1,0.5,0.5,0.0,0.0,0.5,0.0
ZMYM1,1,0,0.0,0.0,0.0,0.0,0.0,0.0
ZMYM3,1,1,1.0,1.0,0.0,0.0,0.0,1.0
ZMYM4,1,1,1.0,1.0,0.0,0.0,1.0,0.0
ZMYM5,1,0,0.0,0.0,0.0,0.0,0.0,0.0
ZMYM6,2,2,1.0,2.0,0.5,0.5,1.0,0.0
ZMYND12,2,1,0.5,0.5,0.0,0.0,0.5,0.0
ZMYND8,1,0,0.0,0.0,0.0,0.0,0.0,0.0
ZNF106,1,0,0.0,0.0,0.0,0.0,0.0,0.0
ZNF112,4,1,0.25,0.25,0.25,0.0,0.0,0.0
ZNF114,1,0,0.0,0.0,0.0,0.0,0.0,0.0
ZNF117,1,1,1.0,1.0,0.0,1.0,0.0,0.0
ZNF132,1,0,0.0,0.0,0.0,0.0,0.0,0.0
ZNF133,1,0,0.0,0.0,0.0,0.0,0.0,0.0
ZNF134,1,0,0.0,0.0,0.0,0.0,0.0,0.0
ZNF135,1,1,1.0,2.0,1.0,0.0,1.0,0.0
ZNF136,1,0,0.0,0.0,0.0,0.0,0.0,0.0
ZNF138,1,1,1.0,1.0,1.0,0.0,0.0,0.0
ZNF140,1,0,0.0,0.0,0.0,0.0,0.0,0.0
ZNF141,2,2,1.0,2.0,0.5,0.5,0.5,0.5
ZNF142,2,0,0.0,0.0,0.0,0.0,0.0,0.0
ZNF143,2,0,0.0,0.0,0.0,0.0,0.0,0.0
ZNF154,1,0,0.0,0.0,0.0,0.0,0.0,0.0
ZNF155,2,0,0.0,0.0,0.0,0.0,0.0,0.0
ZNF18,1,0,0.0,0.0,0.0,0.0,0.0,0.0
ZNF184,2,0,0.0,0.0,0.0,0.0,0.0,0.0
ZNF189,1,1,1.0,1.0,0.0,0.0,1.0,0.0
ZNF200,2,1,0.5,0.5,0.5,0.0,0.0,0.0
ZNF205,1,0,0.0,0.0,0.0,0.0,0.0,0.0
ZNF208,1,1,1.0,2.0,1.0,1.0,0.0,0.0
ZNF211,1,0,0.0,0.0,0.0,0.0,0.0,0.0
ZNF214,1,0,0.0,0.0,0.0,0.0,0.0,0.0
ZNF215,2,0,0.0,0.0,0.0,0.0,0.0,0.0
ZNF219,1,0,0.0,0.0,0.0,0.0,0.0,0.0
ZNF221,1,0,0.0,0.0,0.0,0.0,0.0,0.0
ZNF222,1,1,1.0,1.0,1.0,0.0,0.0,0.0
ZNF223,1,0,0.0,0.0,0.0,0.0,0.0,0.0
ZNF224,3,1,0.3333333333333333,0.3333333333333333,0.3333333333333333,0.0,0.0,0.0
ZNF225,1,1,1.0,1.0,0.0,1.0,0.0,0.0
ZNF23,1,0,0.0,0.0,0.0,0.0,0.0,0.0
ZNF233,2,1,0.5,0.5,0.5,0.0,0.0,0.0
ZNF234,2,2,1.0,1.5,0.5,0.5,0.5,0.0
ZNF235,1,0,0.0,0.0,0.0,0.0,0.0,0.0
ZNF239,1,1,1.0,1.0,0.0,1.0,0.0,0.0
ZNF254,4,3,0.75,1.5,0.75,0.75,0.0,0.0
ZNF256,2,2,1.0,2.5,1.0,1.0,0.5,0.0
ZNF263,2,0,0.0,0.0,0.0,0.0,0.0,0.0
ZNF273,3,0,0.0,0.0,0.0,0.0,0.0,0.0
ZNF276,1,1,1.0,3.0,1.0,1.0,1.0,0.0
ZNF277,1,0,0.0,0.0,0.0,0.0,0.0,0.0
ZNF280A,1,1,1.0,2.0,1.0,1.0,0.0,0.0
ZNF280D,1,1,1.0,2.0,1.0,0.0,1.0,0.0
ZNF283,3,3,1.0,1.0,1.0,0.0,0.0,0.0
ZNF284,2,0,0.0,0.0,0.0,0.0,0.0,0.0
ZNF3,1,1,1.0,1.0,0.0,0.0,1.0,0.0
ZNF30,1,1,1.0,1.0,1.0,0.0,0.0,0.0
ZNF300,1,0,0.0,0.0,0.0,0.0,0.0,0.0
ZNF311,2,1,0.5,1.0,0.5,0.0,0.5,0.0
ZNF317,1,0,0.0,0.0,0.0,0.0,0.0,0.0
ZNF318,1,0,0.0,0.0,0.0,0.0,0.0,0.0
ZNF324B,1,1,1.0,2.0,1.0,1.0,0.0,0.0
ZNF330,1,0,0.0,0.0,0.0,0.0,0.0,0.0
ZNF335,1,1,1.0,1.0,0.0,0.0,0.0,1.0
ZNF337,1,1,1.0,2.0,1.0,1.0,0.0,0.0
ZNF33A,1,0,0.0,0.0,0.0,0.0,0.0,0.0
ZNF33B,1,0,0.0,0.0,0.0,0.0,0.0,0.0
ZNF347,1,0,0.0,0.0,0.0,0.0,0.0,0.0
ZNF350,2,0,0.0,0.0,0.0,0.0,0.0,0.0
ZNF354C,1,0,0.0,0.0,0.0,0.0,0.0,0.0
ZNF37A,1,0,0.0,0.0,0.0,0.0,0.0,0.0
ZNF382,1,0,0.0,0.0,0.0,0.0,0.0,0.0
ZNF396,1,0,0.0,0.0,0.0,0.0,0.0,0.0
ZNF398,1,0,0.0,0.0,0.0,0.0,0.0,0.0
ZNF407,2,0,0.0,0.0,0.0,0.0,0.0,0.0
ZNF408,1,0,0.0,0.0,0.0,0.0,0.0,0.0
ZNF41,1,0,0.0,0.0,0.0,0.0,0.0,0.0
ZNF414,1,1,1.0,2.0,1.0,1.0,0.0,0.0
ZNF415,2,1,0.5,0.5,0.0,0.5,0.0,0.0
ZNF419,1,0,0.0,0.0,0.0,0.0,0.0,0.0
ZNF423,2,1,0.5,0.5,0.0,0.0,0.5,0.0
ZNF438,1,0,0.0,0.0,0.0,0.0,0.0,0.0
ZNF440,1,0,0.0,0.0,0.0,0.0,0.0,0.0
ZNF442,1,1,1.0,1.0,1.0,0.0,0.0,0.0
ZNF443,2,1,0.5,0.5,0.5,0.0,0.0,0.0
ZNF462,1,1,1.0,3.0,1.0,1.0,1.0,0.0
ZNF470,1,1,1.0,1.0,0.0,0.0,1.0,0.0
ZNF48,2,0,0.0,0.0,0.0,0.0,0.0,0.0
ZNF484,2,2,1.0,2.0,1.0,0.5,0.5,0.0
ZNF497,1,0,0.0,0.0,0.0,0.0,0.0,0.0
ZNF502,1,0,0.0,0.0,0.0,0.0,0.0,0.0
ZNF503,1,1,1.0,2.0,1.0,0.0,1.0,0.0
ZNF506,1,1,1.0,2.0,1.0,1.0,0.0,0.0
ZNF510,3,1,0.3333333333333333,0.6666666666666666,0.3333333333333333,0.3333333333333333,0.0,0.0
ZNF512B,1,1,1.0,2.0,1.0,0.0,1.0,0.0
ZNF513,1,1,1.0,1.0,0.0,0.0,0.0,1.0
ZNF517,2,0,0.0,0.0,0.0,0.0,0.0,0.0
ZNF518B,1,1,1.0,1.0,1.0,0.0,0.0,0.0
ZNF541,1,1,1.0,3.0,1.0,1.0,1.0,0.0
ZNF543,5,1,0.2,0.2,0.2,0.0,0.0,0.0
ZNF546,3,0,0.0,0.0,0.0,0.0,0.0,0.0
ZNF549,1,1,1.0,1.0,0.0,0.0,1.0,0.0
ZNF555,1,1,1.0,3.0,1.0,1.0,1.0,0.0
ZNF562,1,0,0.0,0.0,0.0,0.0,0.0,0.0
ZNF57,1,1,1.0,2.0,1.0,1.0,0.0,0.0
ZNF571,3,3,1.0,2.3333333333333335,1.0,0.6666666666666666,0.6666666666666666,0.0
ZNF572,1,0,0.0,0.0,0.0,0.0,0.0,0.0
ZNF573,1,1,1.0,3.0,1.0,1.0,1.0,0.0
ZNF574,1,0,0.0,0.0,0.0,0.0,0.0,0.0
ZNF577,2,0,0.0,0.0,0.0,0.0,0.0,0.0
ZNF583,1,1,1.0,2.0,1.0,0.0,1.0,0.0
ZNF584,1,0,0.0,0.0,0.0,0.0,0.0,0.0
ZNF589,1,0,0.0,0.0,0.0,0.0,0.0,0.0
ZNF592,2,1,0.5,0.5,0.0,0.0,0.5,0.0
ZNF594,1,0,0.0,0.0,0.0,0.0,0.0,0.0
ZNF596,1,0,0.0,0.0,0.0,0.0,0.0,0.0
ZNF600,1,0,0.0,0.0,0.0,0.0,0.0,0.0
ZNF607,2,0,0.0,0.0,0.0,0.0,0.0,0.0
ZNF608,1,0,0.0,0.0,0.0,0.0,0.0,0.0
ZNF610,2,1,0.5,0.5,0.0,0.5,0.0,0.0
ZNF613,1,1,1.0,1.0,1.0,0.0,0.0,0.0
ZNF615,2,0,0.0,0.0,0.0,0.0,0.0,0.0
ZNF629,1,0,0.0,0.0,0.0,0.0,0.0,0.0
ZNF641,1,1,1.0,1.0,1.0,0.0,0.0,0.0
ZNF644,4,4,1.0,2.0,0.75,0.5,0.5,0.25
ZNF648,1,0,0.0,0.0,0.0,0.0,0.0,0.0
ZNF649,1,1,1.0,3.0,1.0,1.0,1.0,0.0
ZNF667,1,1,1.0,2.0,1.0,1.0,0.0,0.0
ZNF668,1,1,1.0,3.0,1.0,1.0,1.0,0.0
ZNF675,3,1,0.3333333333333333,0.3333333333333333,0.3333333333333333,0.0,0.0,0.0
ZNF679,2,1,0.5,0.5,0.5,0.0,0.0,0.0
ZNF681,1,0,0.0,0.0,0.0,0.0,0.0,0.0
ZNF682,1,0,0.0,0.0,0.0,0.0,0.0,0.0
ZNF683,3,2,0.6666666666666666,1.0,0.6666666666666666,0.3333333333333333,0.0,0.0
ZNF688,2,0,0.0,0.0,0.0,0.0,0.0,0.0
ZNF695,2,0,0.0,0.0,0.0,0.0,0.0,0.0
ZNF705A,1,0,0.0,0.0,0.0,0.0,0.0,0.0
ZNF707,1,0,0.0,0.0,0.0,0.0,0.0,0.0
ZNF708,1,1,1.0,1.0,1.0,0.0,0.0,0.0
ZNF711,2,2,1.0,1.0,0.0,0.0,0.5,0.5
ZNF749,1,0,0.0,0.0,0.0,0.0,0.0,0.0
ZNF750,1,1,1.0,3.0,1.0,1.0,1.0,0.0
ZNF76,1,1,1.0,2.0,0.0,1.0,1.0,0.0
ZNF763,2,0,0.0,0.0,0.0,0.0,0.0,0.0
ZNF77,1,1,1.0,1.0,0.0,1.0,0.0,0.0
ZNF772,2,0,0.0,0.0,0.0,0.0,0.0,0.0
ZNF774,1,0,0.0,0.0,0.0,0.0,0.0,0.0
ZNF782,3,0,0.0,0.0,0.0,0.0,0.0,0.0
ZNF789,1,0,0.0,0.0,0.0,0.0,0.0,0.0
ZNF79,1,0,0.0,0.0,0.0,0.0,0.0,0.0
ZNF790,2,1,0.5,0.5,0.5,0.0,0.0,0.0
ZNF80,1,0,0.0,0.0,0.0,0.0,0.0,0.0
ZNF804A,2,0,0.0,0.0,0.0,0.0,0.0,0.0
ZNF804B,2,2,1.0,1.0,1.0,0.0,0.0,0.0
ZNF808,1,0,0.0,0.0,0.0,0.0,0.0,0.0
ZNF81,2,0,0.0,0.0,0.0,0.0,0.0,0.0
ZNF813,2,2,1.0,1.5,1.0,0.5,0.0,0.0
ZNF83,3,1,0.3333333333333333,0.6666666666666666,0.3333333333333333,0.3333333333333333,0.0,0.0
ZNF830,2,1,0.5,0.5,0.0,0.0,0.5,0.0
ZNF831,1,0,0.0,0.0,0.0,0.0,0.0,0.0
ZNF837,2,1,0.5,0.5,0.5,0.0,0.0,0.0
ZNF839,2,0,0.0,0.0,0.0,0.0,0.0,0.0
ZNF844,2,1,0.5,0.5,0.5,0.0,0.0,0.0
ZNF846,2,0,0.0,0.0,0.0,0.0,0.0,0.0
ZNF85,2,0,0.0,0.0,0.0,0.0,0.0,0.0
ZNF875,1,0,0.0,0.0,0.0,0.0,0.0,0.0
ZNF91,3,0,0.0,0.0,0.0,0.0,0.0,0.0
ZNF93,1,0,0.0,0.0,0.0,0.0,0.0,0.0
ZNFX1,2,1,0.5,0.5,0.0,0.0,0.5,0.0
ZNG1A,1,0,0.0,0.0,0.0,0.0,0.0,0.0
ZNHIT2,1,0,0.0,0.0,0.0,0.0,0.0,0.0
ZNRF4,3,3,1.0,2.6666666666666665,1.0,1.0,0.6666666666666666,0.0
ZP1,1,0,0.0,0.0,0.0,0.0,0.0,0.0
ZP3,2,0,0.0,0.0,0.0,0.0,0.0,0.0
ZP4,1,1,1.0,2.0,0.0,1.0,1.0,0.0
ZRANB2,1,1,1.0,2.0,0.0,1.0,1.0,0.0
ZRANB3,1,0,0.0,0.0,0.0,0.0,0.0,0.0
ZSCAN2,1,0,0.0,0.0,0.0,0.0,0.0,0.0
ZSCAN25,1,0,0.0,0.0,0.0,0.0,0.0,0.0
ZSCAN31,2,0,0.0,0.0,0.0,0.0,0.0,0.0
ZSCAN9,1,1,1.0,2.0,1.0,1.0,0.0,0.0
ZW10,1,1,1.0,2.0,1.0,0.0,1.0,0.0
ZXDA,1,1,1.0,1.0,1.0,0.0,0.0,0.0
ZXDB,3,0,0.0,0.0,0.0,0.0,0.0,0.0
ZZEF1,3,0,0.0,0.0,0.0,0.0,0.0,0.0
